Id,Title,Cuisine,Calories,Protein,Carbs,Fat,Ingredients,Steps,Servings,PrepMin,Region,Image
1,Chicken burrito bowls,Mexican,650,52,68,16,"For the chicken:
- 2 1/2 lb boneless, skinless chicken breasts (about 5 breasts)
- 2 tbsp olive oil
- 2 tsp chili powder
- 2 tsp ground cumin
- 1 1/2 tsp garlic powder
- 1 1/2 tsp smoked paprika
- 2 tsp kosher salt
- 1 tsp black pepper
- Juice of 2 limes

For the cilantro-lime rice:
- 3 cups long-grain white rice, rinsed
- 4 1/2 cups water
- 1 tbsp olive oil
- 1 tsp kosher salt
- 1/2 cup chopped fresh cilantro
- Juice of 2 limes

For the bowls:
- 2 cans (15 oz each) black beans, drained and rinsed
- 2 cups frozen corn kernels, thawed
- 2 bell peppers, any color
- 1 large red onion
- 1 tbsp olive oil
- 1/2 tsp kosher salt
- 3 cups shredded romaine lettuce
- 2 cups halved cherry tomatoes
- 2 ripe avocados
- Extra lime wedges and cilantro, for serving","1. Mise en place (do all of this before any heat goes on): Rinse the rice in a fine-mesh strainer until the water runs clear — this washes off surface starch so the grains cook up fluffy, not gummy. Dice means cut into small even cubes, about 1/2 inch: dice the bell peppers and red onion. Mince means chop very fine, almost to a paste: mince nothing yet, but have 2 limes cut in half, cilantro chopped, cherry tomatoes halved, avocados whole (you will cut them at the end so they do not brown). Drain and rinse the black beans. Pat the chicken breasts completely dry with paper towels — dry chicken sears instead of steaming. Measure all spices into one small bowl.
2. Season the chicken: Rub the chicken breasts all over with the 2 tbsp olive oil, then coat evenly with the chili powder, cumin, garlic powder, smoked paprika, salt, and pepper. Squeeze the lime juice over them. Let sit at room temperature 15 minutes while you start the rice (never more than 30 minutes out of the fridge).
3. Start the rice: Combine the rinsed rice, water, 1 tbsp olive oil, and 1 tsp salt in a large pot with a tight lid. Bring to a rolling boil over high heat, stir once, then drop the heat to the lowest setting, cover, and cook 15 minutes. Do not lift the lid — the steam is doing the work. After 15 minutes, turn off the heat and let it stand, still covered, 10 minutes.
4. Cook the peppers and onions: While the rice cooks, heat a large skillet over medium-high heat until a drop of water sizzles and evaporates in 2 seconds. Add 1 tbsp olive oil, then the diced peppers and onion with 1/2 tsp salt. Cook 5-6 minutes, stirring occasionally, until the edges get browned spots and the peppers soften but still have bite. You want char, not mush. Transfer to a bowl.
5. Sear the chicken: In the same skillet over medium-high heat, lay the chicken breasts down — they should sizzle loudly on contact. That sizzle is the sound of a good sear. Cook 5-6 minutes without moving until deep golden brown on the bottom, flip, and cook 5-6 more minutes. The chicken is done when the thickest part reads 165 F on an instant-read thermometer and the juices run clear. Rest the chicken on a cutting board 5 minutes (resting lets the juices redistribute instead of running out onto the board), then slice against the grain into strips.
6. Warm the beans and corn: Add the black beans and corn to the skillet with 1/4 cup water and a pinch of salt. Cook over medium heat 3-4 minutes, stirring, until heated through and the water mostly evaporates. Lightly mash a few beans with the spoon — this makes the mixture creamy.
7. Finish the rice: Fluff the rested rice with a fork (never a spoon — a fork separates grains without crushing them). Fold in the chopped cilantro and lime juice. Taste: it should be bright and lightly salty.
8. Build the bowls: Divide rice among 6 wide bowls. Top with sliced chicken, beans and corn, peppers and onions, romaine, and cherry tomatoes. Slice the avocados just before serving and fan over the top. Serve with lime wedges and extra cilantro.
9. Storage: Keep components separate in the fridge up to 4 days. Reheat chicken, rice, and beans in the microwave with a sprinkle of water, covered, 2 minutes. Add cold toppings fresh. Avocado does not store — cut only what you will eat.

Common mistakes:
- Wet chicken in the pan: if you skip patting dry, the chicken steams and turns gray instead of browning. Paper towels are not optional.
- Lifting the rice lid: every peek lets steam escape and gives you crunchy rice. Set a timer and walk away.
- Overcooking the chicken: pull it at 165 F, not 180. Carryover heat adds a few degrees while it rests.
- Cutting avocado early: it browns in 20 minutes. Cut it last, right before the bowls hit the table.",6,45,,chicken-burrito-bowls.webp
2,Chicken stir fry,Chinese,580,40,58,14,"For the chicken (velveted):
- 2 lb boneless, skinless chicken breasts, sliced thin
- 1 tbsp soy sauce
- 1 tbsp cornstarch
- 1 tbsp vegetable oil
- 1 egg white

For the stir-fry sauce:
- 1/3 cup low-sodium soy sauce
- 2 tbsp oyster sauce
- 1 tbsp honey
- 2 tsp cornstarch
- 1/2 cup low-sodium chicken broth

For the stir fry:
- 3 cups long-grain white rice, rinsed
- 4 1/2 cups water
- 1 large head broccoli (about 1 1/2 lb)
- 2 bell peppers
- 8 oz snap peas
- 2 medium carrots
- 6 cloves garlic
- 1 piece fresh ginger, about 2 inches
- 3 tbsp vegetable oil, divided
- 1 tsp toasted sesame oil
- 1/2 tsp kosher salt
- Sesame seeds and sliced scallions, for serving","1. Mise en place — stir fry moves fast, so everything must be ready before the wok gets hot: Slice the chicken against the grain into thin strips, about 1/4 inch thick (partially freezing the chicken 20 minutes makes thin slicing easy). Cut broccoli into small florets — bite-size pieces with flat sides that sit nicely in the pan. Slice means cut into thin strips: slice the bell peppers into strips. Slice the carrots on a diagonal into thin coins (the diagonal gives more surface area for faster cooking). Mince means chop very fine: mince the garlic and peel and mince the ginger (scrape the skin off with a spoon first — it comes right off). Trim the snap peas. Whisk the sauce ingredients in a bowl. Whisk the velvet marinade (soy sauce, cornstarch, oil, egg white) in another bowl and toss the chicken in it. Start the rice: combine rinsed rice, water, and 1/2 tsp salt in a pot, boil, cover, lowest heat 15 minutes, rest 10 minutes covered.
2. Velvet the chicken: Let the chicken sit in its marinade at room temperature 15 minutes. Velveting is a Chinese restaurant technique — the cornstarch and egg white form a silky coating that keeps the chicken tender even in a screaming-hot wok. Bring a pot of water to a boil, add the chicken, and blanch exactly 45 seconds, until the outside turns opaque but the inside is still pink. Drain immediately. It will finish cooking in the wok.
3. Heat the wok: Place a large wok or the biggest skillet you own over high heat until it just starts to smoke — about 2 minutes. A properly hot wok is the entire secret of stir fry. Add 2 tbsp vegetable oil and swirl. It should shimmer immediately.
4. Sear the chicken: Add the blanched chicken in a single layer. Do not touch it for 90 seconds — let it get browned spots. Then toss and cook 2 more minutes until golden at the edges and cooked through (165 F if you check). Remove to a plate.
5. Cook the vegetables: Add the remaining 1 tbsp oil. Add broccoli and carrots first with 1/4 cup water — the water steams them while the wok heat chars the edges. Cover 2 minutes. Uncover, add bell peppers and snap peas with the salt, and stir-fry 2-3 minutes until bright and crisp-tender. They should still squeak when you bite them.
6. Aromatics: Push the vegetables to the sides, add the garlic and ginger to the center with a drizzle of oil, and stir 30 seconds until fragrant — it will smell sharp and sweet. If the garlic browns past golden, it turns bitter, so keep it moving.
7. Sauce and finish: Return the chicken. Stir the sauce (cornstarch settles) and pour it in. It will bubble and thicken into a glossy glaze in 1-2 minutes — that shine means the cornstarch is cooked. Drizzle with sesame oil and toss. Serve immediately over rice, topped with sesame seeds and scallions.

Common mistakes:
- Crowded wok: too much food at once drops the temperature and everything steams into sogginess. Cook in batches if your pan is small.
- Cold wok: if the oil does not shimmer and the chicken does not sizzle loudly on contact, the pan is not ready. Wait for the smoke wisp.
- Skipping the velvet: unmarinated chicken breast in a hot wok goes dry and chalky fast. The 15-minute marinade is the difference between homemade and takeout.
- Overcooked vegetables: pull them while still bright and crisp. They keep cooking from residual heat.",6,35,,chicken-stir-fry.webp
3,Turkey chili,American,500,42,30,16,"- 2 1/2 lb ground turkey (93% lean)
- 2 tbsp olive oil
- 2 large yellow onions
- 1 large bell pepper, any color
- 6 cloves garlic
- 3 tbsp chili powder
- 2 tbsp ground cumin
- 1 tbsp smoked paprika
- 2 tsp dried oregano
- 1 tsp cocoa powder, unsweetened (optional but recommended)
- 2 tsp kosher salt, plus more to taste
- 1 tsp black pepper
- 2 cans (28 oz each) diced tomatoes
- 2 cans (15 oz each) kidney beans, drained and rinsed
- 2 cups low-sodium chicken broth
- 1 tbsp brown sugar
- Toppings: shredded cheddar, sour cream, sliced scallions, diced avocado","1. Mise en place: Dice means cut into small even cubes, about 1/2 inch: dice the onions and bell pepper. Mince means chop very fine: mince the garlic. Measure all the spices into one bowl — chili powder, cumin, smoked paprika, oregano, cocoa, salt, pepper. Open and drain the beans. Open the tomatoes. A note on authenticity: strict Texas chili has no beans and no turkey — it is beef and chiles, period. This is a family-friendly weeknight chili that borrows Texas seasoning logic. If anyone at the table objects, tell them Texas can come fight you.
2. Brown the turkey: Heat the olive oil in a large Dutch oven or heavy pot over medium-high heat until shimmering. Add the ground turkey and break it into small crumbles with a wooden spoon. Let it sit undisturbed 3-4 minutes so it browns — browned meat equals flavor. Then keep breaking and stirring 5-6 more minutes until no pink remains. If the turkey releases a lot of water, let it cook until the water evaporates and the meat starts sizzling again.
3. Soften the vegetables: Push the turkey to the edges, add the diced onion and bell pepper to the center with a pinch of salt. Cook 6-7 minutes, stirring, until the onion turns translucent and soft and the edges start to brown.
4. Bloom the spices: Add the garlic and the whole bowl of spices. Stir constantly 60-90 seconds. Blooming means toasting spices in hot fat — it wakes up their flavor and you will smell the chili powder turn rich and earthy instead of dusty. Do not walk away; burnt spices taste bitter.
5. Build the chili: Pour in the diced tomatoes with their juices, the drained beans, the chicken broth, and the brown sugar. Scrape the bottom of the pot with the spoon to release all the browned bits — that is pure flavor, not burnt food.
6. Simmer: Bring to a boil, then drop to a gentle simmer — a few lazy bubbles breaking the surface, not a rolling boil. Partially cover (lid ajar) and cook 35-40 minutes, stirring every 10 minutes. The chili is done when it thickly coats the spoon and a dragged spoon leaves a trail that slowly fills in. If it is too thin, simmer uncovered 10 more minutes. Too thick, splash in broth.
7. Taste and adjust: This is the most important step. Add salt 1/2 tsp at a time until the flavors pop. If it tastes flat, it needs salt. If it tastes harsh, a pinch more brown sugar rounds it out. If you want heat, add cayenne 1/4 tsp at a time.
8. Serve: Ladle into deep bowls over nothing or over rice. Set out toppings and let everyone build their own.
9. Storage: Chili is better on day 2 — the flavors marry overnight. Fridge 5 days, freezer 3 months. Reheat gently on the stove with a splash of broth.

Common mistakes:
- Boiling instead of simmering: a hard boil makes the turkey tough and the beans mushy. Lazy bubbles only.
- Under-salting: chili needs more salt than you think. Taste, salt, taste again.
- Dumping raw spices into liquid: they stay gritty and dull. The 90-second bloom in fat is non-negotiable.
- Serving immediately: give it 10 minutes off the heat before serving so the texture settles.",6,60,Texas,turkey-chili.webp
4,Sheet-pan lemon herb chicken and potatoes,American,540,32,38,24,"- 3 lb bone-in, skin-on chicken thighs (about 8 thighs)
- 2 lb baby potatoes (about 1 1/2-inch size)
- 1 lb fresh green beans, trimmed
- 1/3 cup olive oil, plus 1 tbsp
- 6 cloves garlic
- 2 large lemons
- 2 tbsp fresh oregano leaves (or 2 tsp dried)
- 1 tbsp fresh thyme leaves (or 1 tsp dried)
- 2 tsp kosher salt, plus more to taste
- 1 tsp black pepper
- 1 tsp paprika
- Lemon wedges, for serving","1. Mise en place and oven: Position a rack in the center and heat the oven to 425 F — hot enough to crisp chicken skin and brown potatoes. Line a large rimmed sheet pan (18x13 inch) with foil for easy cleanup. Mince the garlic. Zest means scrape off just the yellow outer skin of the lemon with a grater, stopping before the white pith (pith is bitter): zest both lemons, then cut them in half. Strip the thyme leaves by pinching the stem and sliding your fingers down — the leaves pop right off. Chop the oregano. Halve any potatoes larger than 1 1/2 inches so everything is the same size and cooks evenly. Trim the green beans (snap off the stem ends). Pat the chicken thighs completely dry with paper towels.
2. Season everything: In a large bowl, toss the potatoes with 3 tbsp olive oil, half the garlic, half the herbs, 1 tsp salt, and 1/2 tsp pepper. Spread them on the sheet pan in a single layer with space between them — crowded potatoes steam instead of crisping. Rub the chicken thighs all over with 2 tbsp olive oil, then the remaining garlic, herbs, salt, pepper, paprika, and the lemon zest. Squeeze one lemon half over everything on the pan.
3. Roast the chicken and potatoes: Place the chicken thighs skin-side up on the pan among the potatoes. Roast 30 minutes. The skin should be starting to turn golden and the fat rendering — you will see it glistening.
4. Add the green beans: Pull the pan out, toss the green beans with 1 tbsp olive oil and a pinch of salt, and scatter them around the chicken. Squeeze the remaining lemon halves over everything. Return to the oven 12-15 minutes more.
5. Check doneness: Chicken thighs are done when the skin is deep golden and crisp and an instant-read thermometer in the thickest part (not touching bone) reads 175 F — thighs are better at 175 than 165 because the extra heat melts their connective tissue into tenderness. Potatoes are done when a fork slides in with no resistance and the cut sides are browned. Green beans should be blistered in spots but still bright green.
6. Rest and serve: Rest the chicken 5 minutes on the pan. Serve right off the sheet pan family-style with lemon wedges — squeezing fresh lemon over at the table wakes everything up.

Common mistakes:
- Crowding the pan: if the potatoes touch, they steam. Use two pans rather than one crowded one.
- Pale flabby skin: the chicken must be dry going in, and the oven must be fully preheated. Wet skin never crisps.
- Adding green beans too early: they go in for the last 12-15 minutes only, or they turn army-green and limp.
- Skipping the rest: cutting into chicken immediately lets all the juice run out onto the pan.",6,55,,sheet-pan-lemon-herb-chicken-and-potatoes.webp
5,Beef and broccoli,Chinese,590,40,55,16,"For the beef (velveted):
- 2 lb flank steak
- 1 tbsp soy sauce
- 1 tbsp Shaoxing wine (or dry sherry)
- 2 tsp cornstarch
- 1 tsp vegetable oil

For the sauce:
- 1/3 cup oyster sauce
- 3 tbsp low-sodium soy sauce
- 1 tbsp Shaoxing wine
- 2 tsp sugar
- 2 tsp cornstarch
- 1/2 cup low-sodium beef or chicken broth
- 1 tsp toasted sesame oil

For the stir fry:
- 2 large heads broccoli (about 2 lb), cut into florets
- 5 cloves garlic, thinly sliced
- 1 piece fresh ginger (1 inch), peeled and julienned (julienne means cut into thin matchsticks)
- 3 tbsp vegetable oil, divided
- 3 cups long-grain white rice, rinsed
- 4 1/2 cups water
- Steamed white rice, for serving","1. Mise en place: Freeze the flank steak 20 minutes — firm meat slices thin cleanly. Slice against the grain into 1/4-inch strips (look for the lines running through the meat and cut across them; this shortens the fibers so the beef is tender, not chewy). Toss with the velvet marinade (soy, Shaoxing, cornstarch, oil) and set aside 15 minutes. Whisk the sauce ingredients in a bowl. Cut broccoli into bite-size florets. Slice the garlic thin. Julienne the ginger into matchsticks. Start the rice: rinsed rice, water, pinch of salt, boil, cover, lowest heat 15 minutes, rest 10.
2. Blanch the broccoli: Bring a large pot of salted water to a boil. Add the broccoli and cook exactly 90 seconds — it should turn vivid green but still be firm. Drain and immediately run under cold water to stop the cooking (this is called shocking, and it locks in the color). Cantonese beef and broccoli keeps the broccoli bright and crisp, never olive-drab.
3. Sear the beef: Heat a large wok or skillet over high heat until smoking. Add 2 tbsp oil. Add half the beef in a single layer — it should sear, not steam, so do not crowd. Cook 60-90 seconds per side until browned at the edges but still pink inside. Remove. Repeat with the second half.
4. Build the sauce: Lower heat to medium. Add the remaining 1 tbsp oil, the garlic, and ginger. Stir 30 seconds until fragrant and the garlic is just golden. Pour in the sauce mixture — it will bubble. Stir until it thickens into a glossy coat-the-spoon sauce, about 1-2 minutes.
5. Combine: Return the beef and broccoli to the pan. Toss 1 minute until everything is glazed and heated through. The beef finishes cooking in the hot sauce — pull it while a slice still shows a hint of pink inside, because it keeps cooking off the heat.
6. Serve immediately over steamed rice. This dish waits for no one — the sauce tightens as it sits.

Common mistakes:
- Slicing with the grain: long fibers make flank steak chewy no matter how well you cook it. Find the grain lines and cut across them.
- Gray broccoli: overcooking turns it olive and sulfurous. Ninety seconds, then cold water.
- Crowding the wok: beef that steams instead of sears turns gray and tough. Two batches, single layer, screaming heat.
- Overcooking the beef: flank goes from perfect to shoe leather in about 60 seconds. Brown the outside, keep the inside blushing.",6,40,Cantonese,beef-and-broccoli.webp
6,Shrimp tacos with lime slaw,Mexican,460,34,42,14,"For the shrimp:
- 2 lb large shrimp (21/25 count), peeled and deveined, tails off
- 2 tbsp olive oil
- 2 tsp chili powder
- 1 1/2 tsp ground cumin
- 1 tsp garlic powder
- 1 tsp smoked paprika
- 1 1/2 tsp kosher salt
- 1/2 tsp black pepper
- Juice of 1 lime

For the lime slaw:
- 1 small head green cabbage (about 1 1/2 lb)
- 1/2 small red onion
- 1 cup plain Greek yogurt
- 1/4 cup mayonnaise
- Zest and juice of 2 limes
- 2 tbsp honey
- 1 tsp kosher salt, plus more to taste
- 1/2 cup chopped cilantro

For serving:
- 18 small corn tortillas
- 1/2 cup chopped cilantro
- 1/2 cup diced white onion
- Lime wedges
- Hot sauce","1. Mise en place: If the shrimp are frozen, thaw them in a colander under cold running water 10 minutes, then pat very dry — dry shrimp sear, wet shrimp steam. Shred means cut into very thin strips: shred the cabbage thin (a sharp knife, quarter the head, slice across as thin as you can). Dice means small even cubes: dice the red onion fine. Zest the limes (yellow-green outer skin only, no white pith), then juice them. Chop the cilantro. Mix the spice blend in a small bowl.
2. Make the slaw first: Whisk the Greek yogurt, mayonnaise, lime zest and juice, honey, and 1 tsp salt in a large bowl. Taste it — it should be tangy, lightly sweet, and well salted; add more salt 1/4 tsp at a time until it pops. Fold in the shredded cabbage, diced red onion, and cilantro. The slaw needs at least 15 minutes to soften and marry, so make it now and refrigerate. It will release some liquid — that is normal; toss before serving.
3. Season the shrimp: Toss the dry shrimp with the olive oil, then the spice blend and lime juice. Let sit 10 minutes while the slaw rests. Do not marinate shrimp in lime juice longer than 15 minutes — the acid starts to ""cook"" them (like ceviche) and makes the texture mushy.
4. Warm the tortillas: Heat a dry skillet or griddle over medium-high heat. Warm each tortilla 30-45 seconds per side until soft, pliable, and lightly charred in spots. Stack them in a clean kitchen towel to steam and stay soft. Cold stiff tortillas crack and ruin the taco — this step matters.
5. Sear the shrimp: Heat a large skillet over high heat until a drop of water dances. Add the shrimp in a single layer (work in two batches). Cook 90 seconds per side — no more. Shrimp are done when they curl into a C shape and turn opaque pink with lightly charred edges. A tight O means overcooked and rubbery. Squeeze extra lime over the hot shrimp.
6. Assemble: Two tortillas per taco is traditional for street-style (double tortilla holds juicy fillings without tearing) — or one if you prefer. Fill each with shrimp, a generous mound of slaw, diced onion, cilantro, and hot sauce. Serve immediately with lime wedges.

Common mistakes:
- Overcooking shrimp: 90 seconds a side is real. They go from perfect to rubber in under a minute.
- Soggy slaw timing: dress the slaw at least 15 minutes ahead so it softens, but not hours ahead or it weeps into soup.
- Cold tortillas: the number one taco killer. Warm, charred, and wrapped in a towel.
- Over-marinating in lime: 10 minutes seasons; 30 minutes pickles. Set a timer.",6,35,,shrimp-tacos-with-lime-slaw.webp
7,Greek chicken souvlaki bowls,Greek,580,52,48,18,"For the chicken:
- 2 1/2 lb boneless, skinless chicken breasts
- 1/3 cup extra-virgin olive oil
- Juice of 2 lemons
- 6 cloves garlic, minced
- 2 tbsp dried oregano
- 1 tbsp red wine vinegar
- 2 tsp kosher salt
- 1 tsp black pepper

For the tzatziki:
- 2 cups plain Greek yogurt (full-fat)
- 1 large English cucumber
- 3 cloves garlic, minced
- 2 tbsp extra-virgin olive oil
- 1 tbsp red wine vinegar
- 1 tbsp chopped fresh dill (or 1 tsp dried)
- 1 tsp kosher salt, plus more to taste

For the bowls:
- 2 1/2 cups long-grain white rice, rinsed (or 6 pita breads)
- 2 large cucumbers, diced
- 3 cups halved cherry tomatoes
- 1 large red onion, thinly sliced
- 1 cup pitted Kalamata olives
- 6 oz feta cheese, crumbled
- Lemon wedges and fresh oregano, for serving","1. Mise en place: Grate the cucumber for the tzatziki on the large holes of a box grater. Mince the garlic (some for chicken, some for tzatziki — keep them separate). Juice the lemons. Chop the dill. Dice the cucumbers for the bowls, halve the cherry tomatoes, and slice the red onion paper-thin (thin slices mellow the bite). Rinse the rice. Pat the chicken dry.
2. Marinate the chicken: Whisk the olive oil, lemon juice, garlic, oregano, red wine vinegar, salt, and pepper in a large bowl or zip-top bag. Add the chicken, turn to coat, and refrigerate at least 30 minutes and up to 4 hours. The acid and oil carry the oregano and garlic into the meat — this is the entire flavor of souvlaki, so do not skip the time. (If using wooden skewers, soak them in water now so they do not burn.)
3. Make the tzatziki: Put the grated cucumber in a clean kitchen towel and wring it out hard over the sink — squeeze until no more water drips. This is the difference between thick tzatziki and watery soup. Stir the squeezed cucumber into the Greek yogurt with the garlic, olive oil, vinegar, dill, and 1 tsp salt. Taste: it should be garlicky, tangy, and well salted. Refrigerate at least 20 minutes so the flavors marry.
4. Cook the rice: Combine rinsed rice with 3 3/4 cups water and 1/2 tsp salt. Boil, cover, lowest heat 15 minutes, rest 10 minutes covered, fluff with a fork.
5. Grill or sear the chicken: Heat a grill to medium-high or a grill pan/skillet over medium-high heat until very hot. Remove chicken from the marinade, letting excess drip off. Grill 6-7 minutes per side without moving (undisturbed contact = char marks), until the thickest part reads 165 F and the outside has golden charred spots. Rest 5 minutes, then slice against the grain.
6. Build the bowls: Rice in the bottom of 6 wide bowls. Arrange sliced souvlaki chicken, diced cucumber, tomatoes, red onion, olives, and crumbled feta in sections — the Greek way is composed, not mixed. Dollop generously with tzatziki. Serve with lemon wedges.

Common mistakes:
- Watery tzatziki: if you do not wring the cucumber dry, the sauce thins out within an hour. Wring it like you mean it.
- Skipping the marinade time: 10 minutes gives you surface flavor; 30+ minutes gives you souvlaki.
- Moving the chicken around the grill: constant flipping prevents browning. Put it down, leave it, flip once.
- Slicing with the grain: cut across the fibers or the chicken eats chewy.",6,50,,greek-chicken-souvlaki-bowls.webp
8,Salmon with roasted asparagus and rice,American,520,38,38,20,"- 6 salmon fillets, 5 oz each, skin-on (about 2 lb total)
- 2 lb fresh asparagus
- 3 tbsp olive oil, divided
- 4 cloves garlic, minced
- 2 large lemons (1 zested and juiced, 1 cut into wedges)
- 2 tsp kosher salt, divided
- 1 tsp black pepper
- 1 tsp paprika
- 2 tbsp unsalted butter, melted
- 2 tbsp chopped fresh parsley
- 2 1/2 cups long-grain white rice, rinsed","1. Mise en place and oven: Heat the oven to 425 F with a rack in the center. Line a large rimmed sheet pan with foil. Snap the woody ends off the asparagus — hold each spear near the bottom and bend; it naturally breaks where the tough part ends. Pat the salmon fillets completely dry with paper towels, especially the skin — dry skin is what crisps. Mince the garlic. Zest one lemon (outer yellow only), juice it, and cut the second lemon into wedges.
2. Start the rice: Combine the rinsed rice, 3 3/4 cups water, and 1/2 tsp salt in a pot. Bring to a boil, cover, drop to lowest heat, 15 minutes, then rest 10 minutes covered. Fluff with a fork.
3. Season the asparagus: Toss the asparagus on the sheet pan with 1 1/2 tbsp olive oil, half the minced garlic, 1 tsp salt, and 1/2 tsp pepper. Spread in a single layer on one half of the pan.
4. Season the salmon: Rub the fillets all over with the remaining 1 1/2 tbsp olive oil. Season the flesh side with the remaining 1 tsp salt, 1/2 tsp pepper, paprika, lemon zest, and remaining garlic. Place skin-side down on the empty half of the pan, leaving space between fillets.
5. Roast: Roast 12-14 minutes. The salmon is done when the flesh flakes easily with a fork and the thickest part reads 145 F — but pull it at 140 F and let carryover heat finish the job, because salmon keeps cooking for 3-5 minutes off the heat and 145 straight out of the oven eats dry. The asparagus is done when the tips are crisped and browned and the stalks are tender but still bright green.
6. Finish: Drizzle the melted butter and lemon juice over everything on the hot pan — it sizzles and forms a quick pan sauce. Scatter parsley over the top. Serve each fillet over rice with asparagus alongside and lemon wedges.

Common mistakes:
- Wet salmon skin: moisture is the enemy of crisp. Pat dry, then pat dry again.
- Overbaking to 150+: salmon dries out fast past 145. Use the thermometer and trust carryover cooking.
- Crowding the pan: asparagus piled up steams instead of roasting. Single layer with breathing room.
- Forgetting the woody ends: the bottom 1-2 inches of asparagus are fibrous and unpleasant. Snap, do not cut — the spear knows where to break.",6,40,,salmon-with-roasted-asparagus-and-rice.webp
9,Turkey meatballs marinara over spaghetti,Italian,500,42,38,15,"For the meatballs:
- 2 1/2 lb ground turkey (93% lean)
- 1 cup Italian breadcrumbs
- 1/2 cup grated Parmesan cheese, plus more for serving
- 2 large eggs, beaten
- 1/2 cup whole milk
- 6 cloves garlic, minced
- 1/2 cup chopped fresh parsley
- 2 tsp kosher salt
- 1 tsp black pepper
- 1 tsp dried oregano
- 1/2 tsp red pepper flakes

For the marinara:
- 2 tbsp olive oil
- 1 large yellow onion, diced
- 6 cloves garlic, thinly sliced
- 2 cans (28 oz each) crushed tomatoes
- 2 tsp dried oregano
- 1 tsp sugar
- 1 1/2 tsp kosher salt, plus more to taste
- 1/2 tsp black pepper
- 1/2 cup torn fresh basil leaves
- 1 lb spaghetti
- Fresh basil and Parmesan, for serving","1. Mise en place: Dice the onion. Mince 6 cloves garlic for the meatballs; slice 6 cloves thin for the sauce (sliced garlic mellows in the sauce, minced garlic distributes through the meat). Chop the parsley. Tear the basil by hand — cutting basil with a knife bruises it black. Beat the eggs. Measure the breadcrumbs, Parmesan, and milk. Line a sheet pan with foil and lightly oil it.
2. Make the panade: Stir the breadcrumbs and milk together in a large bowl and let sit 5 minutes until the crumbs absorb the milk into a thick paste. A panade is the secret to tender meatballs — the soaked crumbs hold moisture so the turkey stays juicy instead of turning into rubber balls.
3. Mix the meatballs: Add the turkey, Parmesan, beaten eggs, minced garlic, parsley, salt, pepper, oregano, and red pepper flakes to the panade. Mix with your hands just until combined — 30 seconds, no more. Overmixing develops the protein and makes meatballs dense and tough. The mixture will feel soft and slightly sticky; that is correct.
4. Shape: Wet your hands with water (prevents sticking) and roll into balls about 1 1/2 inches across — a heaping tablespoon each. You should get about 36. Place on the oiled sheet pan without touching.
5. Brown the meatballs: Heat the oven to 425 F. Bake 18-20 minutes until browned on the outside and 165 F inside. Browning first means they hold their shape in the sauce instead of falling apart.
6. Start the sauce while the meatballs bake: Heat the olive oil in a large Dutch oven over medium heat. Add the diced onion with a pinch of salt and cook 6-7 minutes until soft and translucent. Add the sliced garlic and cook 1 minute until fragrant and just golden. Add the oregano and stir 30 seconds.
7. Simmer the sauce: Pour in the crushed tomatoes, sugar, salt, and pepper. Bring to a gentle simmer and cook 20 minutes, stirring occasionally, until slightly thickened and the raw tomato edge is gone. Taste and add salt until the sauce tastes bright.
8. Combine: Gently nestle the baked meatballs into the sauce. Simmer 10 minutes so they absorb flavor. Stir in the torn basil off the heat.
9. Cook the spaghetti: Boil in well-salted water (it should taste like the sea) until 1 minute shy of the package time — it finishes in the sauce. Reserve 1 cup of pasta water, then drain. Toss the spaghetti with the meatballs and sauce, adding splashes of pasta water until the sauce clings silkily to every strand. The starch in the water is what makes sauce stick instead of slide off.
10. Serve in wide bowls topped with Parmesan and basil.

Common mistakes:
- Overmixing the meat: 30 seconds with your hands, then stop. Dense meatballs come from overworking, not from the turkey.
- Skipping the panade: breadcrumbs straight into meat absorb meat juices and turn gummy. Soak them in milk first.
- Boiling the sauce hard: a rolling boil makes tomato sauce bitter and splatters everywhere. Gentle simmer, lazy bubbles.
- Not salting the pasta water: unsalted water makes bland noodles no sauce can save. Salt it like the sea.",6,60,,turkey-meatballs-marinara-over-spaghetti.webp
10,Chicken fajitas,Mexican,640,50,58,18,"For the fajita seasoning:
- 2 tbsp chili powder
- 1 tbsp ground cumin
- 1 tbsp smoked paprika
- 2 tsp garlic powder
- 2 tsp dried oregano
- 2 tsp kosher salt
- 1 tsp black pepper
- 1/2 tsp cayenne (optional)

For the fajitas:
- 2 1/2 lb boneless, skinless chicken breasts
- 4 bell peppers (mix of colors)
- 2 large yellow onions
- 1/3 cup olive oil, divided
- Juice of 2 limes
- 12 large flour tortillas (10-inch)

For serving:
- Sour cream, shredded cheddar, guacamole or sliced avocado, pico de gallo or salsa, lime wedges, chopped cilantro","1. Mise en place: Slice the chicken breasts against the grain into strips about 1/2 inch thick — uniform strips cook evenly and stay juicy. Slice means long thin cuts: slice the bell peppers into strips and the onions into half-moons (cut the onion in half top to bottom, then slice across). Mix all the fajita seasoning spices in a small bowl. Juice the limes. Have toppings in bowls ready — fajitas are served sizzling and fast.
2. Season the chicken: Toss the chicken strips with 3 tbsp olive oil, the lime juice, and 3 tbsp of the seasoning mix. Let sit 15 minutes at room temperature while the pan heats. The lime juice starts tenderizing and the spices bloom on the meat.
3. Sear the chicken hot and fast: Heat a large cast-iron skillet or griddle over high heat until smoking — fajitas are defined by char. Add 1 tbsp oil, then half the chicken in a single layer. Do not touch for 2 minutes so it chars, then toss and cook 2-3 more minutes until cooked through (165 F) with blackened edges. Remove. Repeat with the second half. Crowding the pan steams the chicken instead of searing it — two batches is mandatory.
4. Char the vegetables: Add the remaining oil to the screaming-hot pan. Add peppers and onions with the remaining seasoning and a pinch of salt. Cook 4-5 minutes, stirring occasionally, until softened with blackened spots but still crisp in the center. Authentic Tex-Mex fajitas have real char — those black spots are flavor, not burnt mistakes. Squeeze extra lime over the vegetables.
5. Warm the tortillas: While the vegetables cook, warm the tortillas directly over a gas flame 10-15 seconds per side (tongs required), or in a dry skillet 30 seconds per side, until soft with charred spots. Stack in a towel.
6. Serve sizzling: Return the chicken to the pan with the vegetables, toss 30 seconds to rewarm, and bring the whole skillet to the table if you want the restaurant drama — it will sizzle all the way there. Serve with tortillas and toppings for everyone to build their own. Two fajitas per person is a serving.

Common mistakes:
- A lukewarm pan: without screaming heat you get gray steamed chicken and limp peppers. Wait for the smoke wisp.
- Crowding: the single biggest fajita killer. Single layer, two batches, every time.
- Overcooking the chicken: thin strips cook in 4-5 minutes total. Pull at 165 F — carryover does the rest.
- Cold tortillas: stiff tortillas crack and spill. Warm them until soft and pliable.",6,40,Tex-Mex,chicken-fajitas.webp
11,Teriyaki salmon rice bowls,Japanese,600,40,55,19,"For the teriyaki sauce:
- 1/2 cup low-sodium soy sauce
- 1/2 cup mirin (Japanese sweet rice wine)
- 1/4 cup sake (or dry sherry)
- 3 tbsp brown sugar
- 1 tsp grated fresh ginger

For the bowls:
- 6 salmon fillets, 5 oz each (about 2 lb total), skin removed if you prefer
- 1 tbsp vegetable oil
- 1 tsp kosher salt
- 1/2 tsp black pepper
- 3 cups short-grain or jasmine rice, rinsed
- 4 1/2 cups water
- 1 1/2 lb broccoli florets (or 3 cups edamame, thawed)
- 1 tbsp toasted sesame seeds
- 4 scallions, thinly sliced","1. Mise en place: Rinse the rice. Cut broccoli into bite-size florets. Grate the ginger (a spoon scrapes the skin off easily). Thinly slice the scallions on a diagonal. Pat the salmon very dry — dry fish sears, wet fish steams. Combine the sauce ingredients in a small saucepan and stir to dissolve the sugar.
2. Cook the rice: Combine rinsed rice, water, and 1/2 tsp salt in a pot. Boil, cover, lowest heat 15 minutes, rest 10 minutes covered. Fluff with a fork.
3. Make the teriyaki: Bring the sauce to a boil over medium-high heat, then reduce to a steady simmer. Cook 8-10 minutes, stirring occasionally, until it thickens enough to coat the back of a spoon and looks glossy — it should reduce by about a third. Real Japanese teriyaki is just soy, mirin, sake, and sugar reduced to a glaze; no cornstarch, no pineapple juice. Keep warm on the lowest heat. It thickens more as it cools, so pull it while still slightly loose.
4. Steam the broccoli: While the sauce reduces, steam the broccoli over boiling water 3-4 minutes until bright green and crisp-tender, then season with a pinch of salt. (Or microwave edamame per package directions.)
5. Sear the salmon: Heat the vegetable oil in a large skillet over medium-high heat until shimmering. Season the salmon with salt and pepper. Lay the fillets down away from you (so no oil splashes toward you) and cook 4 minutes without moving until the bottom is golden. Flip and cook 2-3 more minutes. Salmon is done at 140-145 F in the thickest part — the center should still look slightly translucent when you pull it, because carryover heat finishes it to a silky medium.
6. Glaze: In the last minute, spoon 2-3 tbsp of teriyaki over each fillet and let it bubble and lacquer onto the fish for 30-60 seconds. The sugars caramelize into a shiny coat.
7. Build the bowls: Rice in 6 bowls, salmon on top, broccoli alongside. Drizzle each bowl with extra warm teriyaki (reheat it if it thickened too much — a splash of water loosens it). Sprinkle with sesame seeds and scallions.

Common mistakes:
- Cornstarch in the teriyaki: authentic teriyaki thickens by reduction alone. Starch makes it gummy and dull.
- Overcooking the salmon: past 145 F the glaze cannot save it. Pull at 140 and rest 3 minutes.
- Reducing the sauce too far: it goes from glaze to candy quickly at the end. Coat-the-spoon, then stop.
- Wet salmon: moisture prevents the glaze from sticking. Pat dry twice.",6,35,,teriyaki-salmon-rice-bowls.webp
12,Lean beef tacos,Mexican,560,40,40,20,"For the beef:
- 2 1/2 lb ground beef (90% lean)
- 2 tbsp chili powder
- 1 tbsp ground cumin
- 2 tsp paprika
- 2 tsp garlic powder
- 1 tsp dried oregano
- 2 tsp kosher salt
- 1 tsp black pepper
- 1/2 cup water or low-sodium beef broth

For serving:
- 18 small corn tortillas
- 3 cups shredded iceberg or romaine lettuce
- 2 cups diced tomatoes
- 1 cup diced white onion
- 1 cup chopped cilantro
- 6 oz shredded Monterey Jack or cheddar cheese
- Lime wedges and your favorite salsa
- Sour cream (optional)","1. Mise en place: Dice the tomatoes and onion. Chop the cilantro. Shred the lettuce. Mix the dry spices in a small bowl. Have the cheese, salsa, and lime wedges ready — tacos are assembled hot and eaten immediately.
2. Brown the beef: Heat a large skillet over medium-high heat. Add the ground beef and break into small crumbles. Cook 6-8 minutes, stirring and breaking, until deeply browned with no pink. Do not drain the small amount of fat from 90% lean beef — that fat carries the spice flavor. If you used 80/20, spoon off the excess.
3. Season: Sprinkle the spice mix over the beef and stir 1 minute until fragrant — toasting the spices in the hot fat blooms their flavor. Pour in the water or broth and stir, scraping up the browned bits. Simmer 3-4 minutes until the liquid reduces into a light sauce that clings to the meat. It should look juicy, not soupy and not dry.
4. Warm the tortillas: Corn tortillas must be heated or they crack. Warm them 30-45 seconds per side in a dry skillet over medium-high heat until soft, pliable, and lightly charred in spots. Stack in a clean towel to steam. Work in batches — do all 18 before assembling.
5. Assemble: Fill each tortilla with beef, then lettuce, tomato, onion, cilantro, and cheese. Three tacos per person is a serving. Serve immediately with lime wedges and salsa — a squeeze of lime over the top brightens the rich beef.

Common mistakes:
- Under-seasoning the beef: plain browned beef in a tortilla is sad. The full spice mix plus the simmer in broth is what makes it taste like a taco.
- Cold corn tortillas: they crack and fall apart. Heat is mandatory, not optional.
- Watery beef: simmer until the liquid becomes a glaze that coats the meat. Soup in a tortilla is a mess.
- Overfilling: two heaping tablespoons of beef per taco. Overstuffed tacos break.",6,30,,lean-beef-tacos.webp
13,Chicken tikka masala,British,640,40,45,24,"For the marinade:
- 2 1/2 lb boneless, skinless chicken thighs, cut into 1 1/2-inch pieces
- 1 cup plain whole-milk yogurt
- 2 tbsp lemon juice
- 2 tbsp garam masala, divided
- 1 tbsp ground cumin
- 1 tbsp ground coriander
- 1 tsp turmeric
- 1 tsp paprika
- 1 tsp cayenne (use 1/2 tsp for mild)
- 4 cloves garlic, grated
- 1 tbsp grated fresh ginger
- 2 tsp kosher salt

For the sauce:
- 3 tbsp ghee or unsalted butter
- 1 large yellow onion, finely diced
- 4 cloves garlic, minced
- 1 tbsp grated fresh ginger
- 1 can (28 oz) tomato passata or crushed tomatoes
- 1 tbsp tomato paste
- 1 1/2 cups heavy cream
- 1 tbsp honey or sugar
- 2 tsp garam masala (the reserved half)
- 1 tsp crushed kasuri methi (dried fenugreek leaves) — optional but transformative
- Salt to taste
- Chopped cilantro, for serving
- Cooked basmati rice or warm naan, for serving","1. Mise en place and marinade (do this at least 2 hours ahead, ideally in the morning): Cut the chicken into 1 1/2-inch pieces. Grate the garlic and ginger on a microplane or the fine side of a box grater — grated aromatics melt into the marinade instead of sitting in chunks. Whisk the yogurt, lemon juice, 1 tbsp garam masala, cumin, coriander, turmeric, paprika, cayenne, garlic, ginger, and salt in a large bowl. Add the chicken and turn to coat every piece. Cover and refrigerate 2-8 hours. The yogurt's acid tenderizes while the spices penetrate — this marinade is the soul of the dish. A note on the story: this dish was most likely born in Glasgow, Scotland, in a Bangladeshi-run curry house, when a customer complained his chicken tikka was too dry and the chef improvised a creamy tomato sauce. It is British-Indian restaurant food, and that is exactly what we are making.
2. Char the chicken: Position an oven rack 6 inches from the broiler and heat the broiler to high. Line a sheet pan with foil. Shake excess marinade off the chicken (too much marinade steams instead of chars) and spread in a single layer. Broil 8-10 minutes, flipping once, until the edges are blackened in spots. Char equals flavor — those dark edges are what make tikka masala taste like the restaurant version. The chicken does not need to cook through; it finishes in the sauce. Set aside.
3. Build the sauce: Melt the ghee in a large Dutch oven over medium heat. Add the diced onion with a pinch of salt and cook 8-10 minutes, stirring, until soft and golden at the edges. Add the garlic and ginger; cook 1 minute until fragrant.
4. Bloom and tomato: Stir in the tomato paste and cook 2 minutes until it darkens from bright red to brick — this caramelizes the paste and removes the tinny taste. Add the remaining 2 tsp garam masala and stir 30 seconds. Pour in the passata. Simmer 15 minutes, stirring occasionally, until the sauce thickens and the fat starts to glisten at the edges.
5. Blend smooth (optional but recommended): For restaurant-silk sauce, blend with an immersion blender until completely smooth. Be careful with hot liquid — keep the blender head submerged or it will erupt.
6. Finish: Stir in the heavy cream, honey, and kasuri methi, crushing the dried leaves between your fingers as you add them to release their aroma. Add the charred chicken with any juices. Simmer gently 10 minutes — never boil after adding cream or it can split — until the chicken is cooked through (165 F) and tender. Taste and salt until the flavors pop; the sauce should be rich, tangy, lightly sweet, and warming, not aggressively spicy.
7. Serve over basmati rice or with warm naan, scattered with cilantro. The sauce should generously coat everything — this is a saucy dish by design.

Common mistakes:
- Skipping the marinade: unmarinated chicken in sauce is pale and bland. Two hours minimum, eight is better.
- No char on the chicken: the broiler step is what separates homemade from takeout. Do not skip it.
- Boiling the cream sauce: a hard boil splits cream into grainy oil. Gentle simmer only.
- Forgetting the kasuri methi: it is the background note that makes restaurant tikka masala taste like itself. Find it at any Indian grocery.",6,90,Glasgow,chicken-tikka-masala.webp
14,Pork tenderloin with sweet potatoes and green beans,American,490,42,46,12,"- 2 pork tenderloins (about 1 1/4 lb each, 2 1/2 lb total)
- 2 lb sweet potatoes (about 4 medium)
- 1 1/2 lb fresh green beans, trimmed
- 1/4 cup olive oil, divided
- 3 tbsp Dijon mustard
- 4 cloves garlic, minced
- 2 tbsp chopped fresh rosemary (or 2 tsp dried)
- 2 tbsp chopped fresh thyme (or 2 tsp dried)
- 2 tsp kosher salt, divided
- 1 tsp black pepper
- 1 tsp smoked paprika
- 1 tbsp honey","1. Mise en place and oven: Heat the oven to 425 F. Line a large rimmed sheet pan with foil. Peel the sweet potatoes and cut into 1-inch cubes — uniform cubes cook evenly; big chunks stay raw inside while small ones burn. Trim the green beans by snapping off the stem ends. Mince the garlic. Chop the rosemary and thyme. Pat the pork tenderloins completely dry. Look for the silverskin — a shiny, tough membrane running along the tenderloin. Slide a thin knife under one end and slice it off; it does not melt during cooking and eats chewy if left on.
2. Season the pork: Rub the tenderloins all over with 2 tbsp olive oil, then the Dijon mustard (the mustard helps the herbs stick and adds tangy depth). Coat with the garlic, rosemary, thyme, 1 1/2 tsp salt, pepper, and smoked paprika. Let sit at room temperature 15 minutes — cold pork straight from the fridge cooks unevenly.
3. Sear for color: Heat a large oven-safe skillet over medium-high heat until shimmering. Sear the tenderloins 2 minutes per side until browned all over — about 8 minutes total. Searing builds the flavorful crust that roasting alone cannot. Transfer to a plate.
4. Roast the vegetables: Toss the sweet potato cubes on the sheet pan with 2 tbsp olive oil, the honey, and 1/2 tsp salt. Spread in a single layer. Roast 15 minutes, then pull the pan, flip the potatoes, add the green beans tossed with the last of the oil and a pinch of salt around the edges, and nestle the seared tenderloins on top.
5. Finish roasting: Roast 15-18 minutes more. The pork is done when an instant-read thermometer in the thickest part reads 145 F — pork tenderloin is safe and at its juiciest at 145, with a hint of blush pink inside. The sweet potatoes are done when a fork slides in easily and the edges caramelize. The green beans should be tender with blistered spots.
6. Rest and slice: Rest the pork 10 minutes on a cutting board — this is non-negotiable; the juices need time to settle back into the meat. Slice into 1/2-inch medallions against the grain. Serve over the roasted vegetables, spooning any pan juices over the top.

Common mistakes:
- Leaving the silverskin on: it shrinks, curls the tenderloin, and chews like rubber. Take 60 seconds to trim it.
- Cooking to 160+: at 145 F pork tenderloin is juicy and safe; at 165 it is dry and gray. Trust the thermometer.
- Skipping the rest: slice too soon and the juices flood the board instead of staying in the meat.
- Uneven sweet potato cubes: size them the same or half will be raw and half burnt.",6,50,,pork-tenderloin-with-sweet-potatoes-and-green-beans.webp
15,Korean beef bulgogi bowls,Korean,610,44,52,20,"For the marinade:
- 1 Asian pear (or 1 Bosc pear), peeled and grated
- 1/2 cup low-sodium soy sauce
- 1/4 cup brown sugar
- 3 tbsp toasted sesame oil
- 6 cloves garlic, minced
- 1 tbsp grated fresh ginger
- 1 tsp black pepper

For the bowls:
- 2 1/2 lb ribeye or sirloin steak
- 2 tbsp vegetable oil, divided
- 1 large yellow onion, thinly sliced
- 3 cups jasmine or short-grain rice, rinsed
- 4 1/2 cups water
- 6 scallions, thinly sliced
- 2 tbsp toasted sesame seeds
- Kimchi and lettuce leaves, for serving (optional)","1. Mise en place (start 3-4 hours before dinner): Freeze the steak 30 minutes — firm meat slices paper-thin. Slice against the grain into 1/8-inch strips, as thin as you possibly can; thin slices are the whole identity of bulgogi (""fire meat""). Grate the pear on a box grater — the pear's enzymes tenderize the beef and add subtle sweetness, the traditional Korean secret. Mince the garlic, grate the ginger, slice the onion thin, slice the scallions. Whisk the marinade ingredients in a large bowl.
2. Marinate: Add the beef strips to the marinade and massage it in with your hands so every strip is coated. Cover and refrigerate 2-4 hours (no more than 8 — the pear enzymes will turn the meat mushy if left too long). Start the rice when there is 30 minutes left: rinsed rice, water, pinch of salt, boil, cover, lowest heat 15 minutes, rest 10.
3. Sear in batches: Heat a large cast-iron skillet or grill pan over high heat until smoking. Add 1 tbsp vegetable oil. Using tongs, lift beef from the marinade, letting excess drip off, and lay in a single layer — do not crowd. Sear 60-90 seconds per side until caramelized at the edges. Thin bulgogi cooks in about 2 minutes total; it should be browned outside and just cooked through. Remove to a plate. Repeat with remaining beef, adding oil between batches.
4. Cook the onion: In the same hot pan, add the sliced onion with a splash of water to deglaze — scrape up all the browned bits. Cook 2-3 minutes until softened and sweet.
5. Combine and serve: Return all the beef to the pan with the onion and toss 30 seconds to rewarm. The pan juices mixed with the marinade remnants form a light glaze. Serve over rice in 6 bowls, topped with scallions and sesame seeds. Set out kimchi and lettuce leaves — wrapping bites of bulgogi and rice in lettuce with kimchi is the Korean way to eat it.

Common mistakes:
- Thick slices: 1/4-inch beef eats chewy and takes too long. Go as thin as your knife allows — 1/8 inch is the target.
- Marinating overnight: the pear enzyme keeps working and the texture goes mealy. Two to four hours is the sweet spot.
- Crowding the pan: wet, gray, steamed beef instead of caramelized bulgogi. Single layer, multiple batches.
- Skipping the rest after slicing: let the beef sit in the marinade the full time — the flavor needs hours, not minutes.",6,60,,korean-beef-bulgogi-bowls.webp
16,Chicken Caesar wraps,American,520,42,48,14,"For the chicken:
- 2 lb boneless, skinless chicken breasts
- 2 tbsp olive oil
- 2 tsp garlic powder
- 2 tsp kosher salt
- 1 tsp black pepper
- Juice of 1 lemon

For the light Caesar dressing:
- 1 cup plain Greek yogurt
- 1/3 cup grated Parmesan cheese, plus more for serving
- 3 tbsp lemon juice
- 2 tbsp olive oil
- 2 tsp anchovy paste (or 4 anchovy fillets, minced)
- 2 cloves garlic, grated
- 2 tsp Dijon mustard
- 1 tsp Worcestershire sauce
- 1/2 tsp black pepper
- 2-4 tbsp water, to thin

For the wraps:
- 6 large flour tortillas (12-inch burrito size)
- 3 romaine hearts, chopped
- 1 cup croutons (optional)
- Extra Parmesan, for serving","1. Mise en place: Chop the romaine hearts into bite-size pieces — wash and spin or pat them completely dry, because wet lettuce repels dressing. Grate the garlic and Parmesan. Juice the lemons. Pound the chicken breasts to even 3/4-inch thickness (place between plastic wrap and whack with a heavy pan) — even thickness means even cooking, no dry thin ends with raw thick middles. Season the chicken with olive oil, garlic powder, salt, pepper, and lemon juice.
2. Make the dressing: Whisk the Greek yogurt, Parmesan, lemon juice, olive oil, anchovy paste, garlic, Dijon, Worcestershire, and pepper in a bowl. The anchovy paste is what makes it taste like Caesar instead of just garlicky yogurt — it melts into the background and adds savory depth, not fishiness. Thin with water 1 tbsp at a time until it drizzles off a spoon. Taste: it should be tangy, salty, and bold. It will seem strong on its own and perfect on lettuce.
3. Grill the chicken: Heat a grill or grill pan over medium-high heat until hot. Grill the chicken 5-6 minutes per side without moving, until charred in spots and 165 F inside. Rest 5 minutes, then slice into strips against the grain.
4. Dress the romaine: In a large bowl, toss the romaine with about 3/4 cup of the dressing — enough to lightly coat every leaf, not drown it. Add more by the spoonful if needed. The lettuce should glisten, not swim.
5. Warm the tortillas: Warm each tortilla 20-30 seconds per side in a dry skillet until soft and pliable. Warm tortillas roll without cracking.
6. Assemble: Lay a tortilla flat. Pile dressed romaine down the center, top with sliced chicken, a few croutons, and extra Parmesan. Fold the sides in, then roll tightly away from you, tucking as you go. Slice in half on a diagonal. Serve with extra dressing for dipping.

Common mistakes:
- Wet romaine: water on the leaves means dressing slides right off. Dry the lettuce thoroughly.
- Skipping the anchovy: without it, the dressing is just seasoned yogurt. The paste is the Caesar identity — be brave.
- Overdressing: start with less than you think. You can always add; you cannot take away.
- Cold tortillas: they crack when rolled. Thirty seconds in a hot pan fixes it.",6,30,,chicken-caesar-wraps.webp
17,Shrimp fried rice,Chinese,470,32,48,14,"- 4 cups cooked long-grain white rice, day-old and refrigerated (from about 1 1/2 cups dry)
- 1 1/2 lb medium shrimp, peeled and deveined
- 4 large eggs, beaten
- 2 cups frozen peas and carrots, thawed
- 6 scallions
- 4 cloves garlic, minced
- 1 tbsp grated fresh ginger
- 1/4 cup low-sodium soy sauce
- 1 tbsp oyster sauce
- 2 tsp toasted sesame oil
- 1/2 tsp white pepper (or black pepper)
- 4 tbsp vegetable oil, divided
- 1 tsp kosher salt","1. Mise en place: This recipe lives or dies on preparation because the wok work takes under 10 minutes. The rice MUST be day-old and cold from the fridge — fresh warm rice is moist and turns to mush; cold rice has firm, separate grains that fry up with chewy texture. Break up any clumps with your hands. Beat the eggs with a pinch of salt. Thinly slice the scallions, keeping whites and greens separate. Mince the garlic, grate the ginger. Mix the soy sauce, oyster sauce, and sesame oil in a small bowl. Pat the shrimp very dry.
2. Scramble the eggs: Heat a wok or the largest skillet you own over high heat until smoking. Add 1 tbsp oil and swirl. Pour in the beaten eggs — they should sizzle and puff immediately. Scramble 30-45 seconds into soft curds, breaking into bite-size pieces. Remove while still slightly glossy (they finish cooking later). Set aside.
3. Sear the shrimp: Add 1 tbsp oil to the screaming-hot wok. Add the shrimp in a single layer with 1/2 tsp salt. Cook 60-90 seconds per side until pink and curled into C shapes. Remove immediately — they will go back in at the end.
4. Fry the rice: Add the remaining 2 tbsp oil. Add the cold rice, breaking up clumps with the spatula. Let it sit undisturbed 1-2 minutes so the bottom grains toast and pick up wok flavor — you want some crispy, golden bits. Then toss and fry 3-4 minutes total, until the grains are hot, separate, and a few are lightly browned. This toasting is where fried rice gets its smoky restaurant taste (wok hei — the ""breath of the wok"").
5. Vegetables and aromatics: Push the rice to the sides. Add the peas and carrots, scallion whites, garlic, and ginger to the center with the white pepper. Stir-fry 1 minute until fragrant and the vegetables are hot.
6. Sauce and combine: Pour the sauce mixture around the edges of the wok (not directly on the rice — hitting the hot metal first caramelizes the soy slightly). Toss everything 1 minute until the rice is evenly amber and glossy. Return the eggs and shrimp, add the scallion greens, and toss 30 seconds to rewarm. Taste: it should be savory with a whisper of sweetness and sesame. Add a splash more soy if it needs salt.
7. Serve immediately in wide bowls. Fried rice waits for no one — it tightens and dulls as it sits.

Common mistakes:
- Fresh rice: the number one fried rice failure. Cook the rice yesterday, refrigerate uncovered or loosely covered, and use it cold.
- A crowded or cool wok: if the rice steams instead of fries, the pan was too full or not hot enough. High heat, single batch, constant motion.
- Overcooking the shrimp twice: they go in, come out, and go back only to rewarm. Pink C shapes, not tight rubber O's.
- Drowning in soy sauce: too much makes it dark, salty, and soggy. The measured 1/4 cup is enough — the oyster sauce adds depth so you need less soy.",6,30,Cantonese,shrimp-fried-rice.webp
18,Black bean and sweet potato enchiladas,Mexican,600,22,80,20,"For the filling:
- 2 lb sweet potatoes (about 3 large), peeled and cubed
- 2 cans (15 oz each) black beans, drained and rinsed
- 1 large yellow onion, diced
- 4 cloves garlic, minced
- 2 tsp ground cumin
- 1 tsp smoked paprika
- 1 tsp dried oregano
- 2 tsp kosher salt
- 1/2 tsp black pepper
- 2 tbsp olive oil

For the enchilada sauce:
- 3 tbsp vegetable oil
- 3 tbsp all-purpose flour
- 1/4 cup chili powder
- 2 tsp ground cumin
- 1 tsp garlic powder
- 1 tsp dried oregano
- 1 can (15 oz) tomato sauce
- 2 cups vegetable broth
- 1 tsp kosher salt
- 1 tsp sugar

For assembly:
- 18 corn tortillas
- 8 oz Monterey Jack or pepper Jack cheese, shredded
- 1/2 cup chopped cilantro
- Sour cream and lime wedges, for serving","1. Mise en place and oven: Heat the oven to 425 F. Peel and cube the sweet potatoes into 3/4-inch pieces — even cubes roast evenly. Dice the onion. Mince the garlic. Shred the cheese from a block (pre-shredded cheese is coated in starch and melts poorly). Measure the sauce spices into one bowl.
2. Roast the sweet potatoes: Toss the cubes with 2 tbsp olive oil, 1 tsp salt, and 1/2 tsp pepper on a sheet pan. Spread in a single layer and roast 25 minutes, flipping once, until tender inside and caramelized at the edges. Roasting concentrates their sweetness — boiled sweet potato would make the filling watery.
3. Make the sauce: While the potatoes roast, heat 3 tbsp oil in a saucepan over medium heat. Whisk in the flour and cook 1 minute — this roux thickens the sauce. Add the chili powder, cumin, garlic powder, and oregano; whisk 30 seconds until fragrant and brick-red. Slowly pour in the tomato sauce and broth, whisking constantly to prevent lumps. Add salt and sugar. Simmer 10 minutes, stirring, until it thickly coats a spoon. Taste: it should be rich, earthy, and lightly tangy. Homemade sauce beats canned by a mile and takes 12 minutes.
4. Make the filling: In a large bowl, combine the roasted sweet potatoes, drained black beans, diced onion, minced garlic, cumin, smoked paprika, oregano, remaining 1 tsp salt, and 1 cup of the shredded cheese. Lightly mash with a fork — you want a chunky mixture that holds together, not baby food.
5. Warm the tortillas: This step prevents cracking. Warm the corn tortillas 30 seconds per side in a dry skillet until soft and pliable, stacking in a towel. Cold corn tortillas split when rolled — every time.
6. Assemble: Spread 1/2 cup sauce in the bottom of a 9x13-inch baking dish. Dip each warm tortilla in the warm sauce (this flavors the tortilla and keeps it supple), fill with about 1/3 cup filling, roll snugly, and place seam-side down. Three enchiladas per person — 18 total. Pour the remaining sauce over the top and sprinkle with the remaining cheese.
7. Bake: Bake at 375 F for 20-25 minutes until the sauce bubbles at the edges and the cheese is melted and lightly browned. Rest 5 minutes before serving so they hold together when lifted. Top with cilantro; serve with sour cream and lime.

Common mistakes:
- Skipping the tortilla warming: cold tortillas crack, the filling spills, and you have enchilada casserole instead of enchiladas. Warm every one.
- Watery filling: if the sweet potatoes are not roasted to caramelized (not steamed), they weep liquid into the dish. Single layer, real browning.
- Too much sauce on top: a generous coat, not a flood. Drowning them makes the tortillas disintegrate.
- Cutting immediately: the 5-minute rest lets the cheese set so servings lift out cleanly.",6,60,,black-bean-and-sweet-potato-enchiladas.webp
19,Thai basil chicken,Thai,560,44,50,16,"- 2 1/2 lb ground chicken (or chicken breast, minced)
- 2 cups packed Thai holy basil leaves (Thai basil works; see note)
- 8-10 Thai bird's eye chiles (use 4-5 for medium heat)
- 8 cloves garlic
- 3 tbsp vegetable oil
- 3 tbsp fish sauce
- 2 tbsp oyster sauce
- 1 tbsp low-sodium soy sauce
- 2 tsp sugar
- 1/4 cup low-sodium chicken broth or water
- 6 large eggs
- 3 cups jasmine rice, rinsed
- Sliced cucumber, for serving","1. Mise en place: Rinse the rice and get it cooking first: 3 cups rice, 4 1/2 cups water, pinch of salt, boil, cover, lowest heat 15 minutes, rest 10. Pick the basil leaves off the stems and pack them into the measuring cup — you need a mountain; it wilts to nothing. A note on authenticity: real pad krapow uses holy basil, which is peppery and sharp. Thai basil (the common grocery kind) is sweeter with an anise note — it works and is what most of us can find, but the dish is named for holy basil. Mince the garlic. Thinly slice the chiles — bird's eye chiles are tiny but fierce; wash your hands after handling and do not touch your face. Mix the fish sauce, oyster sauce, soy sauce, and sugar in a small bowl.
2. Pound the aromatics: The traditional move is to pound the garlic and chiles into a rough paste with a mortar and pestle — pounding releases more flavor than chopping. No mortar? Mince them together very fine with a knife. This paste is the flavor base of the whole dish.
3. Fry the eggs first: Heat 2 tbsp oil in a wok or large skillet over medium-high heat until shimmering. Crack in the eggs (work in two batches of three) and fry 2-3 minutes until the edges are lacy and crisp and brown, the whites fully set, and the yolks still runny. Thai-style fried eggs have crispy lace edges — that texture against the rice is essential. Season with a pinch of salt. Set aside and keep warm.
4. Sear the chicken: Add the remaining 1 tbsp oil to the same wok over high heat. Add the ground chicken and let it sit 2 minutes undisturbed to brown, then break it up and cook 4-5 minutes until no pink remains and the edges get crispy brown bits. Do not add the sauce yet — browning first means flavor.
5. Aromatics and sauce: Push the chicken aside, add the garlic-chile paste to the center, and stir-fry 30 seconds until it smells intensely fragrant. Pour in the sauce mixture and the broth. Toss 1-2 minutes until the sauce reduces to a glaze that coats the chicken — pad krapow is not saucy; it should glisten, not swim.
6. Wilt the basil: Turn off the heat. Add all the basil and toss — the residual heat wilts it in 30 seconds. It will smell incredible. The basil goes in last and off the heat so it stays bright and peppery instead of turning black and bitter.
7. Serve: Mound jasmine rice in 6 wide bowls or plates. Spoon the chicken over one side, top each with a crispy fried egg, and add sliced cucumber on the side. The runny yolk mixed into the rice is part of the dish — break it over everything.

Common mistakes:
- Adding the basil too early: it turns black and loses its punch. Off the heat, last 30 seconds, always.
- A watery stir fry: the sauce should reduce to a glaze. If it is pooling, cook 1-2 minutes more before adding basil.
- Fear of the chiles: the heat is the point of pad krapow, but start with 4-5 chiles if you are unsure. You can add heat; you cannot remove it.
- Using dried basil: there is no substitute here. Fresh basil or do not make the dish.",6,25,,thai-basil-chicken.webp
20,Baked cod with lemon capers and orzo,Italian,510,38,56,14,"- 6 cod fillets, 5 oz each (about 2 lb total), about 1 inch thick
- 1 lb orzo pasta
- 3 tbsp olive oil, divided, plus more for drizzling
- 4 cloves garlic, thinly sliced
- 1 pint cherry tomatoes, halved
- 1/2 cup dry white wine (or chicken broth)
- 3 tbsp capers, drained
- Zest and juice of 2 lemons
- 1 tsp kosher salt, divided, plus more to taste
- 1/2 tsp black pepper
- 1/2 tsp red pepper flakes
- 1/2 cup chopped fresh parsley
- 1/4 cup grated Parmesan cheese
- Lemon wedges, for serving","1. Mise en place and oven: Heat the oven to 400 F. Bring a large pot of well-salted water to a boil for the orzo. Slice the garlic thin. Halve the cherry tomatoes. Drain the capers. Zest the lemons (outer yellow only), then juice them. Chop the parsley. Pat the cod fillets very dry — dry fish sears instead of steams. Check for pin bones by running a finger along the fillet; pull any you find with tweezers or clean pliers.
2. Cook the orzo: Boil the orzo until just shy of al dente — 1 minute less than the package says. It will absorb sauce later and keeps cooking. Reserve 1 cup of the starchy pasta water, then drain. Toss the orzo with 1 tbsp olive oil so it does not clump.
3. Build the sauce base: Heat 2 tbsp olive oil in a large oven-safe skillet over medium heat. Add the garlic slices and red pepper flakes; cook 1 minute until the garlic is golden at the edges (not brown — brown garlic is bitter). Add the cherry tomatoes with 1/2 tsp salt and cook 4-5 minutes, stirring, until they slump and release their juices into a light sauce.
4. Deglaze: Pour in the white wine — it will bubble vigorously. Scrape the bottom and let it reduce 2 minutes until the raw alcohol smell cooks off. Stir in the capers, lemon zest, and half the lemon juice. This is a Sicilian-style piccata sauce: briny capers, bright lemon, good olive oil. No cream, no heaviness.
5. Add the fish: Nestle the cod fillets into the sauce. Season the tops with the remaining 1/2 tsp salt and the black pepper. Spoon some sauce over each fillet. Transfer the skillet to the oven.
6. Bake: Bake 10-12 minutes, depending on thickness. Cod is done when it flakes easily with a fork and the thickest part reads 140-145 F — the flesh should be opaque but still moist, separating into large flakes. Overbaked cod goes dry and cottony fast, so check at 10 minutes.
7. Finish the orzo: While the fish bakes, toss the warm orzo with the Parmesan, parsley, remaining lemon juice, a drizzle of olive oil, and splashes of the reserved pasta water until it turns silky and the cheese melts into a light coating. Taste and salt until bright.
8. Serve: Spoon orzo into 6 wide bowls, top each with a cod fillet and a generous spoonful of the tomato-caper sauce from the skillet. Serve with lemon wedges.

Common mistakes:
- Overbaking the cod: it goes from silky to dry in about 3 minutes. Start checking at 10 minutes and trust the thermometer.
- Brown garlic: golden is sweet, brown is bitter. Thirty seconds is the difference — stay at the pan.
- Mushy orzo: pull it a minute early. It drinks up sauce on the plate and keeps softening.
- Forgetting the pasta water: that starchy liquid is what turns the orzo from plain pasta into a silky dish.",6,45,Sicily,baked-cod-with-lemon-capers-and-orzo.webp
21,Chicken parmesan (lightened),Italian,640,56,50,14,"For the chicken:
- 2 1/2 lb boneless, skinless chicken breasts (about 5)
- 1 cup panko breadcrumbs
- 1/2 cup grated Parmesan cheese
- 2 tsp Italian seasoning
- 1 tsp garlic powder
- 1 tsp kosher salt
- 1/2 tsp black pepper
- 2 large eggs, beaten
- 1/4 cup all-purpose flour
- Olive oil spray

For assembly:
- 3 cups marinara sauce (homemade or good jarred)
- 8 oz part-skim mozzarella cheese, shredded
- 1/4 cup grated Parmesan, for topping
- 1 lb spaghetti or 6 servings of pasta
- Chopped fresh basil, for serving","1. Mise en place and oven: Heat the oven to 425 F. Line a sheet pan with foil and place a wire rack on it if you have one — the rack lets hot air circulate under the chicken so the bottom crisps instead of steaming. Pound each chicken breast to even 1/2-inch thickness between plastic wrap. Even thickness is critical: thin spots dry out while thick spots stay raw. Pat the chicken dry. Set up a breading station in three shallow dishes: flour in the first, beaten eggs in the second, and panko mixed with Parmesan, Italian seasoning, garlic powder, salt, and pepper in the third.
2. Bread the chicken: Working one breast at a time, dredge in flour (shake off excess — a thick flour layer turns gummy), dip in egg (let excess drip off), then press firmly into the panko mixture, coating both sides. Pressing matters — the crumbs need to adhere or they fall off in the oven. Place on the rack.
3. Bake crisp: Spray the tops generously with olive oil spray — this is what browns the panko without deep-frying. Bake 20-22 minutes until the crust is deep golden and the chicken reads 165 F. The lightened version bakes instead of fries, and the panko still delivers real crunch.
4. Sauce and cheese: While the chicken bakes, warm the marinara in a saucepan. Cook the spaghetti in well-salted water until al dente; reserve 1/2 cup pasta water and drain.
5. Melt the cheese: Spoon about 1/3 cup warm marinara over each baked chicken breast, then divide the mozzarella and extra Parmesan over the top. Return to the oven 3-4 minutes until the cheese melts and bubbles in spots. Do not overbake here — the chicken is already done; you are just melting cheese.
6. Serve: Toss the spaghetti with the remaining marinara and splashes of pasta water until silky. Plate pasta, top with a chicken breast, and scatter basil over everything.

Common mistakes:
- Uneven chicken: unpounded breasts cook unevenly — pound to 1/2 inch everywhere.
- Soggy bottom: without a rack (or without flipping halfway), the bottom steams. A wire rack is a five-dollar fix.
- Drowning in sauce before baking: sauce goes on after the crust is crisp, or the breading turns to mush. Crisp first, sauce second.
- Skimpy oil spray: dry panko stays pale and dusty. Spray until the crumbs glisten.",6,55,,chicken-parmesan-lightened.webp
22,Beef and bean burritos,Mexican,830,48,80,28,"- 2 lb ground beef (90% lean)
- 2 cans (15 oz each) black beans, drained and rinsed (or 1 can refried beans + 1 can black beans)
- 3 cups cooked long-grain white rice (from about 1 cup dry)
- 1 large yellow onion, diced
- 4 cloves garlic, minced
- 2 tbsp chili powder
- 1 tbsp ground cumin
- 2 tsp smoked paprika
- 2 tsp dried oregano
- 2 tsp kosher salt
- 1 tsp black pepper
- 1 can (8 oz) tomato sauce
- 6 burrito-size flour tortillas (12-inch)
- 8 oz shredded cheddar or Monterey Jack cheese
- Sour cream, salsa, shredded lettuce, diced tomato, for serving","1. Mise en place: Dice the onion. Mince the garlic. Mix the dry spices in a small bowl. Cook the rice if not already cooked (1 cup dry rice, 2 cups water, pinch of salt — boil, cover, lowest heat 15 minutes, rest 10). Shred the cheese from a block for better melting. Have the tortillas at room temperature — cold tortillas crack when rolled.
2. Brown the beef: Heat a large skillet over medium-high heat. Add the ground beef and break into crumbles. Cook 6-8 minutes until deeply browned with no pink. Spoon off excess fat if needed, leaving about 1 tbsp for flavor.
3. Season: Add the diced onion and cook 4 minutes until soft. Add the garlic and the spice mix; stir 1 minute until fragrant. Pour in the tomato sauce and 1/2 cup water. Simmer 5 minutes until thickened into a rich, clinging sauce. Taste and salt until bold — the filling seasons the whole burrito, so it should taste slightly over-seasoned on its own.
4. Warm the beans and tortillas: Warm the black beans in a saucepan with a pinch of salt and a splash of water until hot, then lightly mash a third of them for creaminess. Warm each tortilla 30 seconds per side in a dry skillet until soft and pliable; stack in a towel. Warm tortillas are stretchy; cold ones tear.
5. Fill: Lay a tortilla flat. Down the center, layer about 3/4 cup beef, 1/3 cup beans, 1/2 cup rice, and a handful of cheese. Do not overfill — overfilled burritos burst. About 1 1/2 cups total filling per tortilla.
6. Roll: Fold the sides in over the filling, then pull the bottom edge up and over, tucking tightly as you roll away from you. A tight roll is what holds a burrito together — tuck, roll, tuck, roll. Place seam-side down.
7. Crisp (optional but excellent): Heat a dry skillet over medium heat and place the burritos seam-side down 2-3 minutes until golden and sealed, then flip to crisp the other side. This seals the seam and adds a toasty crunch.
8. Serve: Cut in half on a diagonal and serve with sour cream, salsa, lettuce, and tomato. One packed burrito per person is a full meal.

Common mistakes:
- Overfilling: the number one burrito failure. Less filling, tighter roll, intact burrito.
- Cold tortillas: they tear every time. Warm until soft and steamy.
- Loose rolling: a lazy roll unrolls on the plate. Tuck tightly with each turn.
- Underseasoned filling: bland filling makes a bland burrito no topping can save. Taste the beef before rolling.",6,45,,beef-and-bean-burritos.webp
23,Egg roll in a bowl,American,430,32,14,24,"- 2 lb ground pork (or ground turkey for lighter)
- 2 bags (14 oz each) coleslaw mix (shredded cabbage and carrots)
- 1 large yellow onion, diced
- 5 cloves garlic, minced
- 1 tbsp grated fresh ginger
- 4 scallions, thinly sliced
- 3 tbsp low-sodium soy sauce
- 1 tbsp oyster sauce
- 1 tbsp rice vinegar
- 2 tsp toasted sesame oil
- 1 tsp sriracha, plus more for serving
- 2 tbsp vegetable oil
- 1 tsp kosher salt
- Sesame seeds, for serving","1. Mise en place: Dice the onion. Mince the garlic, grate the ginger. Slice the scallions. Mix the soy sauce, oyster sauce, rice vinegar, sesame oil, and sriracha in a small bowl. Open the coleslaw bags. Everything cooks in under 15 minutes once the pan is hot, so have it all within arm's reach.
2. Brown the pork: Heat the vegetable oil in a large wok or the biggest skillet you own over medium-high heat until shimmering. Add the ground pork and break into small crumbles. Let it sit undisturbed 3 minutes to develop browned, crispy bits, then keep breaking and stirring 5-6 more minutes until cooked through with no pink. Those crispy browned bits are what make this taste like actual egg roll filling instead of plain ground pork.
3. Aromatics: Push the pork to the edges. Add the diced onion to the center with the salt and cook 3-4 minutes until soft. Add the garlic and ginger; stir 30 seconds until fragrant.
4. Wilt the cabbage: Add both bags of coleslaw mix — it will look like a mountain; that is normal. Toss with tongs 4-5 minutes until the cabbage wilts down by half and turns bright. You want it tender-crisp, not mushy — it should still have bite. If your pan is small, add the cabbage in two batches so it stir-fries instead of steams.
5. Sauce: Pour the sauce mixture over everything and toss 1-2 minutes until the liquid evaporates and coats the filling in a light glaze. Taste: it should be savory with a tangy edge. Add more sriracha for heat or a splash more soy for salt.
6. Finish: Turn off the heat and fold in the sliced scallions. Serve in bowls topped with sesame seeds, with extra sriracha on the side. It eats like the inside of an egg roll — all the flavor, none of the deep-frying.

Common mistakes:
- Steaming instead of browning: too much cabbage at once in a small pan drops the temperature. Two batches if needed.
- Mushy cabbage: 4-5 minutes is enough. It keeps softening off the heat, so pull it while still crisp.
- Forgetting the crispy bits: if you stir the pork constantly from the start, it never browns. Let it sit undisturbed first.
- Over-saucing: the sauce should glaze, not pool. Cook until the liquid evaporates.",6,30,Chinese-American,egg-roll-in-a-bowl.webp
24,Chicken noodle soup,American,460,36,40,12,"- 2 1/2 lb bone-in, skin-on chicken thighs (or 1 whole 3 1/2-lb chicken)
- 10 cups water
- 3 tbsp olive oil or butter
- 2 large yellow onions, diced
- 4 large carrots, sliced into 1/4-inch coins
- 4 celery stalks, sliced 1/4 inch thick
- 5 cloves garlic, minced
- 2 bay leaves
- 1 tbsp fresh thyme leaves (or 1 tsp dried)
- 8 oz wide egg noodles
- 1/4 cup chopped fresh parsley
- 2 tsp kosher salt, plus more to taste
- 1 tsp black pepper
- Juice of 1/2 lemon","1. Mise en place: Dice the onions. Slice the carrots into coins and the celery into half-moons — uniform pieces cook evenly and look like real soup. Mince the garlic. Strip the thyme leaves. Chop the parsley. Pat the chicken dry.
2. Brown the chicken: Heat 1 tbsp oil in a large stockpot or Dutch oven over medium-high heat. Sear the chicken thighs skin-side down 4-5 minutes until golden, flip and sear 3 minutes more. You are not cooking them through — just building the browned flavor base that makes the broth taste like chicken instead of hot water. Remove to a plate.
3. Soften the vegetables: Add the remaining 2 tbsp oil to the pot. Add the onion, carrots, and celery with 1 tsp salt. Cook 8-10 minutes, stirring, until the onion is soft and the vegetables start to take on color. Add the garlic, thyme, and bay leaves; cook 1 minute until fragrant.
4. Simmer the soup: Return the chicken to the pot with any juices. Add the water — it should cover everything by about an inch. Bring to a boil, then immediately drop to a gentle simmer: small bubbles lazily breaking the surface. Skim off any gray foam that rises in the first 10 minutes (that foam is just protein; skimming keeps the broth clear and clean-tasting). Simmer 30 minutes, until the chicken is completely tender and reads 165 F.
5. Shred the chicken: Remove the thighs to a cutting board. When cool enough to handle, pull the meat off the bones and shred into bite-size pieces. Discard the skin and bones (or save the bones for stock). Return the shredded meat to the pot.
6. Cook the noodles separately: This is the pro move — noodles cooked in the soup absorb broth, bloat, and turn the leftovers to mush. Boil the egg noodles in a separate pot of salted water until just tender, drain, and add to bowls, not the pot.
7. Season: Taste the broth — the most important step. Add salt 1/2 tsp at a time until the chicken flavor pops. Add the black pepper and the squeeze of lemon juice, which brightens the whole pot the way salt alone cannot. Stir in the parsley.
8. Serve: Put noodles in each of 6 deep bowls, ladle the hot soup over them, and serve immediately.
9. Storage: Keep noodles and soup separate in the fridge up to 4 days. The soup itself freezes beautifully for 3 months. Reheat gently; add fresh noodles when serving.

Common mistakes:
- Boiling the broth hard: a rolling boil makes cloudy, greasy broth and tough chicken. Gentle simmer, always.
- Cooking noodles in the soup: fine for tonight, mushy by tomorrow. Bowls, not the pot.
- Under-salting: bland broth almost always means not enough salt. Taste and salt in stages.
- Skipping the browning: pale unseared chicken makes pale, thin-tasting broth. The sear is the flavor.",6,70,,chicken-noodle-soup.webp
25,Lentil and sausage soup,Italian,450,24,32,20,"- 1 lb Italian sausage (sweet or hot), casings removed
- 2 cups brown lentils, rinsed and picked over
- 2 tbsp olive oil
- 1 large yellow onion, diced
- 3 large carrots, diced
- 3 celery stalks, diced
- 5 cloves garlic, minced
- 1 can (14 oz) diced tomatoes
- 8 cups low-sodium chicken broth
- 2 bay leaves
- 1 tsp dried thyme
- 1 tsp dried oregano
- 1 Parmesan rind (optional, but a great flavor trick)
- 4 cups baby spinach
- 2 tsp kosher salt, plus more to taste
- 1 tsp black pepper
- Grated Parmesan and crusty bread, for serving","1. Mise en place: Rinse the lentils in a strainer and pick out any shriveled ones or tiny stones — lentils sometimes hide a pebble. Dice the onion, carrots, and celery into even 1/2-inch pieces (this trio is called a soffritto in Italian cooking, the flavor base of the soup). Mince the garlic. If your sausage is in casings, squeeze the meat out and discard the casings.
2. Brown the sausage: Heat the olive oil in a large Dutch oven over medium-high heat. Add the sausage and break into small crumbles. Cook 6-8 minutes, letting it sit undisturbed for the first 3 minutes so it develops deep brown crusty bits. Those browned bits are the foundation of the soup's flavor. Remove the sausage with a slotted spoon, leaving the fat in the pot.
3. Build the soffritto: Add the onion, carrots, and celery to the pot with 1 tsp salt. Cook 8-10 minutes, stirring, until soft and the onion turns translucent and sweet-smelling. Add the garlic, thyme, and oregano; cook 1 minute until fragrant.
4. Simmer: Add the lentils, diced tomatoes with their juices, chicken broth, bay leaves, and the Parmesan rind if using (the rind melts slowly into the broth and adds incredible savory depth — save your rinds in the freezer for exactly this). Return the sausage to the pot. Bring to a boil, then reduce to a gentle simmer, partially covered, for 30-35 minutes. The lentils are done when tender but still holding their shape — bite one; it should be creamy inside, not chalky and not mushy.
5. Finish: Remove the bay leaves and the Parmesan rind (it will be soft and chewy — some cooks chop it up and stir it back in). Stir in the spinach and let it wilt 2 minutes. Taste and add salt 1/2 tsp at a time until the soup tastes rich and balanced. Add the black pepper.
6. Serve: Ladle into deep bowls, top with grated Parmesan and a drizzle of olive oil, with crusty bread for dunking. This soup thickens as it sits — thin leftovers with a splash of broth when reheating.

Common mistakes:
- Not browning the sausage: gray steamed sausage makes gray thin soup. Brown it hard first.
- Overcooking the lentils: they go from creamy to mushy quickly after 35 minutes. Start tasting at 30.
- Under-salting: lentils absorb a lot of salt. Taste at the end and be generous.
- Skipping the Parmesan rind: it is free flavor from something you were going to throw away.",6,60,,lentil-and-sausage-soup.webp
26,Greek turkey burgers with tzatziki,Greek,570,48,40,18,"For the burgers:
- 2 1/2 lb ground turkey (93% lean)
- 4 oz feta cheese, crumbled
- 1 cup frozen chopped spinach, thawed and squeezed dry
- 1/2 cup panko breadcrumbs
- 1 large egg, beaten
- 4 cloves garlic, minced
- 2 tbsp chopped fresh oregano (or 2 tsp dried)
- Zest of 1 lemon
- 2 tsp kosher salt
- 1 tsp black pepper
- 2 tbsp olive oil, for cooking

For the tzatziki:
- 1 1/2 cups plain Greek yogurt
- 1 English cucumber, grated and squeezed dry
- 2 cloves garlic, minced
- 1 tbsp olive oil
- 1 tbsp red wine vinegar
- 1 tbsp chopped fresh dill
- 3/4 tsp kosher salt

For serving:
- 6 whole wheat burger buns or pita breads
- 2 large tomatoes, sliced
- 1/2 red onion, thinly sliced
- 2 cups shredded lettuce or arugula","1. Mise en place: Thaw the spinach and squeeze it in a clean towel until no more water drips — wet spinach makes burgers that fall apart. Grate the cucumber for the tzatziki and wring it dry the same way. Mince the garlic. Zest the lemon (outer yellow only). Chop the oregano and dill. Slice the tomatoes and red onion. Beat the egg.
2. Make the tzatziki first: Stir the yogurt, squeezed cucumber, garlic, olive oil, vinegar, dill, and salt in a bowl. Taste — it should be tangy, garlicky, and well salted. Refrigerate at least 15 minutes so the flavors marry. Cold tzatziki against a hot burger is the whole point of this meal.
3. Mix the burgers: In a large bowl, combine the turkey, feta, squeezed spinach, panko, beaten egg, garlic, oregano, lemon zest, salt, and pepper. Mix with your hands just until combined — 30 seconds. Overworking ground turkey makes dense, rubbery burgers. The mixture will be soft; that is what keeps them juicy.
4. Shape: Wet your hands and form 6 patties, about 3/4 inch thick and slightly wider than your buns (they shrink as they cook). Press a shallow dimple into the center of each with your thumb — this stops them from puffing into meatballs on the heat.
5. Cook: Heat the olive oil in a large skillet over medium heat (not high — turkey burgers need moderate heat so the inside cooks before the outside burns). Cook 5-6 minutes per side without pressing down — pressing squeezes out the juice you worked to keep in. They are done at 165 F inside with no pink remaining. Rest 3 minutes.
6. Assemble: Toast the buns cut-side down in the hot skillet 1-2 minutes until golden. Spread tzatziki generously on both halves, add a burger, tomato, red onion, and lettuce. Serve with extra tzatziki for dipping.

Common mistakes:
- Wet spinach or cucumber: water is the enemy — it makes burgers crumbly and tzatziki soupy. Squeeze both bone-dry.
- High heat: turkey has less fat than beef and burns before it cooks through on high. Medium heat, patience.
- Pressing the patties: every press pushes juice onto the pan instead of into your mouth. Leave them alone.
- Skipping the thumb dimple: without it, burgers dome up in the middle and the toppings slide off.",6,40,,greek-turkey-burgers-with-tzatziki.webp
27,BBQ chicken with corn and slaw,American,480,39,40,14,"For the BBQ sauce:
- 1 can (15 oz) tomato sauce
- 1/2 cup apple cider vinegar
- 1/3 cup molasses (or packed brown sugar)
- 2 tbsp yellow mustard
- 1 tbsp Worcestershire sauce
- 2 tsp smoked paprika
- 1 tsp garlic powder
- 1 tsp onion powder
- 1 tsp kosher salt
- 1/2 tsp black pepper
- 1/4 tsp cayenne (optional)

For the chicken and sides:
- 3 lb bone-in, skin-on chicken thighs (about 8)
- 2 tbsp olive oil
- 2 tsp kosher salt
- 1 tsp black pepper
- 1 tsp smoked paprika
- 6 ears corn, husks and silk removed
- 2 tbsp butter, melted

For the vinegar slaw:
- 1 small head cabbage, shredded
- 1 large carrot, grated
- 1/2 cup apple cider vinegar
- 2 tbsp sugar
- 1 tsp kosher salt
- 1/2 tsp black pepper
- 1/2 tsp celery seeds (optional)","1. Mise en place and oven: Heat the oven to 400 F. Line a sheet pan with foil. Shred the cabbage thin and grate the carrot for the slaw. Measure the sauce ingredients. Pat the chicken thighs dry. Husk the corn and pull off every strand of silk (a damp paper towel wipes it clean).
2. Make the slaw first: Whisk the vinegar, sugar, salt, pepper, and celery seeds in a large bowl until the sugar dissolves. Toss with the cabbage and carrot. Southern BBQ slaw is vinegar-based, not mayo — tangy and crunchy against the sweet sauce. It needs at least 30 minutes to soften, so make it now and refrigerate. Toss again before serving.
3. Make the BBQ sauce: Combine all sauce ingredients in a saucepan. Bring to a simmer over medium heat, stirring, then reduce to low and cook 15 minutes until slightly thickened and the flavors meld. It should coat a spoon. Taste: Southern-style is tangy-sweet with smoke in the background. Adjust with more vinegar for tang or molasses for sweetness.
4. Season and roast the chicken: Rub the thighs with olive oil, salt, pepper, and smoked paprika. Place skin-side up on the sheet pan. Roast 30 minutes — the skin should be golden and the fat rendering.
5. Sauce and finish: Brush the chicken generously with BBQ sauce — a thick coat on top and sides. Return to the oven 10-12 minutes until the sauce caramelizes into a sticky glaze and the chicken reads 175 F in the thickest part (thighs are juicier at 175 than 165). If the sauce starts to blacken, that is caramelization, not burning — but pull it if it goes past dark to bitter.
6. Cook the corn: While the chicken finishes, bring a large pot of water to a rolling boil. Add the corn and cook 4-5 minutes — just until the kernels turn bright yellow and tender-crisp. Drain and brush with melted butter and a pinch of salt. Overcooked corn goes mushy and dull; 5 minutes is plenty.
7. Serve: Plate the glazed chicken with corn on the cob and a mound of vinegar slaw. Put extra warm BBQ sauce on the table.

Common mistakes:
- Saucing too early: sugar in BBQ sauce burns over long cooking. Roast the chicken plain first, sauce for the last 10-12 minutes only.
- Mayo slaw at a BBQ: nothing wrong with it, but vinegar slaw is the Southern classic here — and it holds up for hours without wilting into soup.
- Overcooking the corn: 4-5 minutes in boiling water. Longer turns it starchy and sad.
- Pale sauce: the 15-minute simmer is what marries the vinegar edge into the molasses. Do not skip it.",6,70,Southern US,bbq-chicken-with-corn-and-slaw.webp
28,Shrimp and grits,American,500,36,34,20,"For the grits:
- 1 1/2 cups stone-ground grits (not instant)
- 6 cups water
- 2 cups whole milk
- 2 tsp kosher salt
- 4 tbsp unsalted butter
- 1 cup shredded sharp cheddar cheese

For the shrimp:
- 2 lb large shrimp, peeled and deveined
- 6 slices bacon, chopped
- 1 large bell pepper, diced
- 1 large yellow onion, diced
- 4 cloves garlic, minced
- 1 tsp Cajun seasoning
- 1/2 tsp kosher salt
- 1/2 tsp black pepper
- 1 tbsp all-purpose flour
- 1 cup low-sodium chicken broth
- 2 tbsp unsalted butter
- Juice of 1 lemon
- 4 scallions, sliced
- Hot sauce, for serving","1. Mise en place: Peel and devein the shrimp if needed, then pat very dry. Chop the bacon. Dice the bell pepper and onion. Mince the garlic. Slice the scallions. Shred the cheddar. Measure the grits — stone-ground grits are the Lowcountry classic; instant grits cook fast but taste like paste.
2. Start the grits: Bring the water and milk to a boil in a heavy pot with the salt. Slowly pour in the grits in a thin stream, whisking constantly — pouring slowly while whisking is what prevents lumps. Drop the heat to low, cover, and cook 25-30 minutes, whisking every 5 minutes and scraping the bottom. The grits are done when thick, creamy, and tender with no gritty bite. If they get too thick, whisk in splashes of hot water.
3. Finish the grits: Off the heat, stir in the butter and cheddar until melted and glossy. Taste and add salt — grits need assertive seasoning or they taste flat under the shrimp. Cover and keep warm on the lowest heat, stirring occasionally.
4. Crisp the bacon: While the grits cook, render the chopped bacon in a large skillet over medium heat 6-8 minutes until crisp. Remove with a slotted spoon, leaving the fat in the pan — that bacon fat is the base of the gravy.
5. Sear the shrimp: Raise the heat to medium-high. Season the shrimp with Cajun seasoning, salt, and pepper. Sear in the bacon fat 90 seconds per side until pink and curled. Remove to a plate — they will finish in the gravy.
6. Make the gravy: Lower the heat to medium. Add the bell pepper and onion to the pan; cook 5 minutes until soft. Add the garlic; cook 30 seconds. Sprinkle the flour over everything and stir 1 minute — the flour toasts and thickens the gravy. Slowly pour in the chicken broth, scraping up the browned bits, and simmer 3-4 minutes until it thickens into a light gravy that coats a spoon. Swirl in the butter and lemon juice.
7. Combine: Return the shrimp and bacon to the pan and toss 1 minute until heated through and glazed. The shrimp should be just cooked — pink C shapes.
8. Serve: Spoon creamy grits into 6 wide bowls, ladle the shrimp and gravy over the top, and scatter scallions over everything. Serve with hot sauce — in the Lowcountry, it is not optional.

Common mistakes:
- Instant grits: they are pre-cooked and can never get creamy. Stone-ground takes 30 minutes and tastes like a different food.
- Lumpy grits: pour slowly, whisk constantly at the start. Dumping them in all at once guarantees lumps.
- Overcooked shrimp: they go in twice — sear, remove, return only to rewarm. Ninety seconds a side.
- Bland grits: salt the cooking liquid and taste at the end. Under-seasoned grits drag the whole dish down.",6,50,Lowcountry,shrimp-and-grits.webp
29,Cajun chicken pasta,American,650,46,58,20,"For the Cajun seasoning:
- 2 tbsp paprika
- 1 tbsp garlic powder
- 1 tbsp onion powder
- 2 tsp dried oregano
- 2 tsp dried thyme
- 2 tsp kosher salt
- 1 tsp black pepper
- 1 tsp cayenne (use 1/2 tsp for mild)

For the pasta:
- 2 lb boneless, skinless chicken breasts
- 3 tbsp olive oil, divided
- 1 lb penne pasta
- 1 large red bell pepper, sliced
- 1 large yellow bell pepper, sliced
- 1 large yellow onion, sliced
- 5 cloves garlic, minced
- 1 1/2 cups half-and-half
- 1 cup low-sodium chicken broth
- 1 cup grated Parmesan cheese
- 2 tbsp unsalted butter
- 1/2 cup sliced scallions
- Extra Cajun seasoning, for serving","1. Mise en place: Slice the chicken breasts into 1/2-inch strips. Slice the bell peppers and onion into strips. Mince the garlic. Grate the Parmesan from a block — pre-shredded will not melt smoothly into the sauce. Mix the Cajun seasoning in a small bowl. Bring a large pot of salted water to a boil for the pasta.
2. Season the chicken: Toss the chicken strips with 2 tbsp olive oil and 2 tbsp of the Cajun seasoning, coating every piece. Let sit 10 minutes while the pan heats.
3. Blacken the chicken: Heat a large heavy skillet over medium-high heat until very hot. Add 1 tbsp oil and the chicken in a single layer (two batches if needed). Cook 3-4 minutes per side without moving — the seasoning should darken to a deep reddish-brown crust. That dark crust is the ""blackened"" in Cajun cooking, and it is pure flavor, not burnt. Cook to 165 F. Remove to a plate.
4. Cook the pasta: Boil the penne until 1 minute shy of al dente. Reserve 1 cup of pasta water, then drain.
5. Soften the vegetables: In the same skillet over medium heat, add the peppers and onion with a pinch of salt. Cook 5-6 minutes until softened with charred edges, scraping up the seasoned browned bits from the chicken — that fond flavors the whole sauce.
6. Build the cream sauce: Add the garlic and 1 tbsp more Cajun seasoning; stir 30 seconds. Pour in the chicken broth and scrape the bottom clean. Add the half-and-half and bring to a gentle simmer — never a boil, or the dairy can split. Simmer 3-4 minutes until slightly thickened.
7. Finish: Reduce the heat to low. Stir in the Parmesan a handful at a time, letting each melt before adding more — dumping it all at once makes it clump. Swirl in the butter. Add the drained pasta and toss, adding pasta water splashes until the sauce glossily coats every piece. Return the chicken and toss 1 minute to rewarm.
8. Serve: Twirl into 6 wide bowls, top with scallions and an extra dusting of Cajun seasoning.

Common mistakes:
- Boiling the cream sauce: high heat splits dairy into grainy oil. Gentle simmer only, and add cheese off the boil.
- Dumping all the Parmesan at once: it seizes into clumps. Handful at a time, stirring, on low heat.
- Pale chicken: without a truly hot pan, the seasoning never blackens and you lose the signature flavor. Wait for the heat.
- Overcooking the pasta: it finishes in the sauce, so pull it a minute early.",6,40,Louisiana,cajun-chicken-pasta.webp
30,Red beans and rice with andouille,American,675,32,80,24,"- 1 lb dried red kidney beans, soaked overnight (or 3 cans, drained)
- 1 lb andouille sausage, sliced into 1/2-inch coins
- 2 tbsp vegetable oil
- 2 large yellow onions, diced
- 1 large green bell pepper, diced
- 3 celery stalks, diced
- 6 cloves garlic, minced
- 8 cups low-sodium chicken broth (or water)
- 3 bay leaves
- 2 tsp dried thyme
- 1 tsp smoked paprika
- 1/2 tsp cayenne
- 2 tsp kosher salt, plus more to taste
- 1 tsp black pepper
- 3 cups long-grain white rice, rinsed
- Sliced scallions and hot sauce, for serving","1. Mise en place (night before): Cover the beans with 3 inches of cold water and soak overnight — soaked beans cook evenly and in about half the time. If you forgot, quick-soak: boil 2 minutes, cover, rest 1 hour, drain. Dice the onion, bell pepper, and celery — this trio is the Holy Trinity of Louisiana cooking, the base of nearly everything. Mince the garlic. Slice the andouille into coins.
2. Brown the andouille: Heat the oil in a large Dutch oven over medium-high heat. Add the sausage coins and cook 5-6 minutes, stirring, until browned at the edges and the fat renders. Remove with a slotted spoon, leaving the flavorful fat in the pot.
3. Build the base: Add the onion, bell pepper, and celery to the pot with 1 tsp salt. Cook 8-10 minutes, stirring, until very soft and sweet — the vegetables should practically melt. Add the garlic, thyme, smoked paprika, and cayenne; cook 1 minute until fragrant.
4. Simmer the beans: Drain the soaked beans and add them to the pot with the broth and bay leaves. Bring to a boil, then reduce to a gentle simmer, partially covered. Cook 60-75 minutes, stirring occasionally, until the beans are completely tender — bite one; it should mash easily with no chalky center. (If using canned beans, add them with 4 cups broth and simmer 30 minutes.)
5. Make it creamy: This is the Louisiana secret — scoop out about 1 1/2 cups of beans with some liquid, mash them thoroughly with a fork or potato masher, and stir back in. Return the andouille to the pot. Simmer 15 more minutes. The mashed beans thicken the pot liquor into the creamy, rich broth that defines red beans and rice. Season with the remaining salt and the black pepper; taste and adjust — it should be deeply savory with smoky heat in the background.
6. Cook the rice: While the beans finish, cook the rinsed rice: 3 cups rice, 4 1/2 cups water, pinch of salt — boil, cover, lowest heat 15 minutes, rest 10, fluff.
7. Serve: In Louisiana tradition — born of Monday washday, when the week's ham bone simmered all day while the laundry was done — the beans go over the rice, not beside it. Mound rice in 6 deep bowls, ladle the beans generously over the top, and finish with scallions and hot sauce.

Common mistakes:
- Hard beans: old beans or hard water can keep them chalky forever. Buy fresh dried beans, soak overnight, and simmer — never boil hard, which bursts the skins.
- Skipping the mash: without mashing a portion, you have beans in broth instead of creamy red beans and rice. The mash is the dish.
- Under-seasoning: beans need assertive salt. Taste at the end and salt until the smokiness pops.
- Serving side by side: tradition is beans over rice in the same bowl, so the rice soaks up the pot liquor.",6,120,Louisiana,red-beans-and-rice-with-andouille.webp
31,Chicken shawarma plates,Lebanese,510,38,44,16,"For the marinade:
- 2 1/2 lb boneless, skinless chicken thighs
- 1/2 cup plain whole-milk yogurt
- 1/4 cup olive oil
- Juice of 2 lemons
- 8 cloves garlic, minced
- 2 tbsp ground cumin
- 1 tbsp ground coriander
- 1 tbsp paprika
- 2 tsp turmeric
- 1 tsp cinnamon
- 1 tsp allspice
- 1/2 tsp cayenne
- 2 tsp kosher salt
- 1 tsp black pepper

For the garlic sauce:
- 1 cup plain Greek yogurt
- 1/4 cup mayonnaise
- 4 cloves garlic, grated
- 2 tbsp lemon juice
- 1 tsp kosher salt

For the plates:
- 2 1/2 cups basmati rice, rinsed (or 6 pita breads)
- 2 cups diced cucumber
- 2 cups halved cherry tomatoes
- 1 cup pickled turnips or dill pickles, sliced
- 1/2 red onion, thinly sliced
- 1 cup chopped fresh parsley
- Lemon wedges, for serving","1. Mise en place (start 2-4 hours ahead): Cut the chicken thighs into 2-inch pieces — shawarma is traditionally shaved off a rotating spit, and chunks roasted hot give you the closest home version with crispy edges. Mince the garlic (keep marinade garlic and sauce garlic separate). Juice the lemons. Chop the parsley. Dice the cucumber, halve the tomatoes, slice the onion thin. Rinse the basmati rice.
2. Marinate: Whisk the yogurt, olive oil, lemon juice, garlic, and all the spices in a large bowl. Add the chicken and massage the marinade into every piece. Cover and refrigerate 2-4 hours (up to 8). The yogurt tenderizes while the warm spices — cumin, coriander, cinnamon, allspice — build the shawarma flavor that defines Lebanese street food.
3. Make the garlic sauce: Whisk the Greek yogurt, mayonnaise, grated garlic, lemon juice, and salt. This is a weeknight toum-style sauce — real Lebanese toum is an emulsion of garlic and oil, but this yogurt version delivers the garlicky punch in 2 minutes. Taste: it should make your eyes widen slightly. Refrigerate.
4. Roast hot: Heat the oven to 450 F — high heat mimics the spit and crisps the edges. Line a sheet pan with foil. Spread the chicken in a single layer, letting excess marinade drip off first. Roast 20-25 minutes, flipping once, until the edges are deeply browned and charred in spots and the chicken reads 165 F. Those crispy charred edges are the entire point — do not pull it pale.
5. Cook the rice: While the chicken roasts, cook the rinsed basmati: 2 1/2 cups rice, 3 3/4 cups water, pinch of salt — boil, cover, lowest heat 15 minutes, rest 10, fluff with a fork.
6. Assemble the plates: Rice (or warm pita) on 6 plates. Pile on the shawarma chicken, cucumber, tomatoes, pickles, red onion, and parsley in sections. Drizzle generously with garlic sauce and serve with lemon wedges. The pickles are not garnish — their acidity cuts the rich spiced chicken and makes the plate work.

Common mistakes:
- Low oven temperature: shawarma needs fierce heat for charred edges. 450 F minimum, single layer, no crowding.
- Skipping the marinade time: 30 minutes gives surface flavor; 2-4 hours gives shawarma.
- Pale chicken: if it is not charred at the edges, it needs more time. Color equals flavor here.
- Forgetting acid: without pickles or lemon, the plate eats heavy. The sour element balances everything.",6,60,,chicken-shawarma-plates.webp
32,Falafel bowls with hummus,Lebanese,665,28,70,26,"For the falafel:
- 2 cups dried chickpeas, soaked 12-24 hours (NOT canned, NOT cooked)
- 1 large yellow onion, quartered
- 6 cloves garlic
- 1 1/2 cups packed fresh parsley
- 1 cup packed fresh cilantro
- 2 tsp ground cumin
- 2 tsp ground coriander
- 1 tsp kosher salt
- 1/2 tsp black pepper
- 1/2 tsp baking soda
- 1 tsp baking powder
- 3 tbsp all-purpose flour
- Vegetable oil, for frying (about 6 cups)

For the hummus:
- 1 can (15 oz) chickpeas, drained (liquid reserved)
- 1/3 cup tahini
- 3 tbsp lemon juice
- 2 cloves garlic
- 3 tbsp olive oil, plus more for drizzling
- 1/2 tsp kosher salt
- 3-4 tbsp ice water

For the bowls:
- 2 1/2 cups cooked quinoa or rice
- 2 cups diced cucumber
- 2 cups halved cherry tomatoes
- 1/2 red onion, thinly sliced
- 1/3 cup tahini, thinned with water and lemon
- Chopped parsley, for serving","1. Mise en place (day before): Cover the dried chickpeas with 3 inches of water and soak 12-24 hours. They will double in size. This is the critical rule of falafel: use raw soaked chickpeas, never canned or cooked. Cooked chickpeas make falafel that disintegrates in the oil — raw soaked chickpeas grind into a mixture that holds together and fries up crisp outside, fluffy inside.
2. Make the hummus: Blend the tahini, lemon juice, garlic, and salt first for 1 minute until smooth and pale — blending tahini before the chickpeas is what makes hummus silky. Add the drained chickpeas and blend 2-3 minutes, drizzling in the olive oil and ice water until completely smooth and fluffy. The ice water whips it light. Taste: nutty, lemony, well salted. Refrigerate.
3. Grind the falafel: Drain the soaked chickpeas completely and pat dry — surface moisture makes the mixture loose. In a food processor, pulse the chickpeas, onion, garlic, parsley, and cilantro in batches until the texture resembles coarse sand with tiny bits of herb. Not a paste — you should still see texture. Transfer to a bowl and stir in the cumin, coriander, salt, pepper, baking soda, baking powder, and flour. The baking powder is the leavening that makes them puff and turn fluffy inside.
4. Rest and test: Cover and refrigerate the mixture 30 minutes — this hydrates the flour and firms everything up. Then form one test ball and fry it: if it falls apart, the mixture is too wet (add flour 1 tbsp at a time) or was over-processed into paste.
5. Form and fry: Heat 3 inches of vegetable oil in a heavy pot to 350 F — use a thermometer; the temperature is everything. Form the mixture into balls or patties about 1 1/2 inches across (wet hands prevent sticking). Fry in batches of 6-8 for 3-4 minutes, turning once, until deep golden brown and crisp. Do not crowd — crowding drops the oil temperature and the falafel absorbs grease instead of crisping. Drain on a wire rack, not paper towels (the rack keeps the bottoms crisp).
6. Build the bowls: Quinoa or rice in 6 bowls. Add falafel, a generous swoop of hummus, cucumber, tomatoes, and red onion. Drizzle with the thinned tahini and scatter parsley. Serve immediately — falafel waits for no one and is at its peak in the first 20 minutes.

Common mistakes:
- Using canned chickpeas: the number one falafel failure. They are too wet and too soft — the balls fall apart in the oil. Dried and soaked only.
- Over-processing: paste makes dense, heavy falafel. Coarse sand texture with visible bits.
- Wrong oil temperature: below 325 F they absorb oil and go greasy; above 375 F they brown before the inside cooks. 350 F, thermometer, no guessing.
- Skipping the rest: the 30-minute chill firms the mixture so it holds its shape in the fryer.",6,90,,falafel-bowls-with-hummus.webp
33,Steak with chimichurri and roasted potatoes,Argentinian,640,43,38,36,"For the chimichurri:
- 1 1/2 cups packed fresh flat-leaf parsley
- 1/4 cup fresh oregano leaves (or 1 tbsp dried)
- 5 cloves garlic
- 1/2 cup extra-virgin olive oil
- 3 tbsp red wine vinegar
- 1 tsp red pepper flakes
- 1 1/2 tsp kosher salt
- 1/2 tsp black pepper

For the steak and potatoes:
- 2 1/2 lb sirloin steak, about 1 1/2 inches thick (or flank/skirt)
- 2 lb baby potatoes, halved
- 3 tbsp olive oil, divided
- 2 tsp kosher salt, divided
- 1 tsp black pepper
- 1 tsp garlic powder
- Flaky sea salt, for finishing","1. Mise en place: Pull the steak out of the fridge 30 minutes before cooking — cold steak sears on the outside while staying raw in the middle; room-temperature steak cooks evenly. Roughly chop the parsley (stems are fine — they hold flavor). Mince the garlic. Chop the oregano. Halve the potatoes. Pat the steak completely dry with paper towels.
2. Make the chimichurri first: Chop the parsley, oregano, and garlic together finely by hand — hand-chopping keeps the texture rustic and bright; a food processor bruises the herbs into a dull paste. Transfer to a bowl and stir in the olive oil, red wine vinegar, red pepper flakes, salt, and pepper. Real Argentinian chimichurri is an uncooked sauce, sharp and herbal, and it needs at least 20 minutes for the flavors to marry — make it first and let it sit at room temperature. Taste: it should be boldly garlicky, tangy, and well salted. It will seem aggressive on its own and perfect on steak.
3. Roast the potatoes: Heat the oven to 425 F. Toss the halved potatoes with 2 tbsp olive oil, 1 tsp salt, pepper, and garlic powder on a sheet pan, cut-side down — the cut sides caramelize against the hot pan. Roast 30-35 minutes, flipping once, until deeply golden and a fork slides in easily.
4. Season the steak: Rub the steak with the remaining 1 tbsp olive oil and season generously with the remaining 1 tsp salt — more than feels reasonable. Salt is what builds the crust.
5. Sear: Heat a large cast-iron skillet over high heat until smoking — 3-4 minutes. Lay the steak down away from you. Do not touch it for 4 minutes — undisturbed contact builds the deep brown crust. Flip and cook 3-4 more minutes for medium-rare. For a 1 1/2-inch sirloin, that is about 7-8 minutes total.
6. Check and rest: The steak is done at 130-135 F for medium-rare (it will rise to 140 while resting). Use a thermometer — the poke test lies to beginners. Rest 10 minutes on a cutting board, tented loosely with foil. Resting lets the juices redistribute; skip it and they flood the board.
7. Slice and serve: Slice against the grain into 1/2-inch strips — find the lines running through the meat and cut across them, or even perfectly cooked steak eats chewy. Arrange over the roasted potatoes, spoon chimichurri generously over the top, and finish with flaky sea salt.

Common mistakes:
- Cold steak in a cool pan: gray band outside, raw middle. Room temperature meat, smoking-hot pan.
- Slicing with the grain: the difference between tender and chewy is the direction of the knife. Cut across the fibers.
- Food-processor chimichurri: it turns brown and pasty within the hour. Hand-chop for bright green sauce.
- Skipping the rest: 10 minutes feels long when dinner is ready, but it is the difference between juicy and dry.",6,60,,steak-with-chimichurri-and-roasted-potatoes.webp
34,Chicken pho,Vietnamese,420,36,48,8,"For the broth:
- 2 1/2 lb bone-in, skin-on chicken thighs
- 12 cups water
- 2 large yellow onions, halved (skin on is fine)
- 1 piece fresh ginger (4 inches), sliced into thick coins
- 5 star anise pods
- 1 cinnamon stick
- 4 whole cloves
- 2 tsp coriander seeds
- 2 tsp fennel seeds
- 1/4 cup fish sauce, plus more to taste
- 3 tbsp rock sugar (or 2 tbsp white sugar)
- 1 tbsp kosher salt, plus more to taste

For the bowls:
- 1 lb dried flat rice noodles (banh pho)
- 4 scallions, thinly sliced
- 1 cup chopped cilantro
- 1 large yellow onion, very thinly sliced
- 3 cups bean sprouts
- 2 limes, cut into wedges
- Thai basil leaves (optional)
- Thinly sliced jalapeño (optional)
- Hoisin sauce and sriracha, for the table","1. Mise en place: Halve the onions (leave the skin on — it gives the broth golden color). Slice the ginger into thick coins; smash them lightly with the side of a knife to help release flavor. Measure the spices into a bowl. Soak the rice noodles in hot tap water 20 minutes while the broth cooks — pre-soaking means they finish in 1-2 minutes of boiling instead of turning gummy.
2. Char the aromatics: Heat a dry cast-iron skillet over high heat. Place the onion halves and ginger cut-side down and char undisturbed 4-5 minutes until blackened in spots. Charring is the signature move of pho — it adds a subtle smoky sweetness that defines the broth. Rinse off any loose black flakes under water.
3. Toast the spices: In the same dry skillet over medium heat, toast the star anise, cinnamon, cloves, coriander seeds, and fennel seeds 1-2 minutes, shaking, until intensely fragrant. Toasting wakes up the essential oils — you will smell the difference immediately. Tie them in cheesecloth or a tea infuser so they are easy to remove.
4. Simmer the broth: In a large stockpot, combine the water, chicken thighs, charred onion and ginger, and the spice bundle. Bring to a boil, then immediately reduce to the gentlest simmer — barely a bubble breaking the surface. Skim off any gray foam in the first 15 minutes for a crystal-clear broth. Simmer 45 minutes. Hanoi-style pho ga is light and clean, not heavy — the chicken flavor should be pure and aromatic, with the spices in the background.
5. Remove the chicken: Lift out the thighs and set aside until cool enough to handle. Shred the meat, discarding skin and bones. Return the bones to the pot and simmer 30 more minutes for deeper flavor.
6. Season: Strain the broth through a fine-mesh strainer and return to the pot. Add the fish sauce, rock sugar, and salt. Taste — the great balancing act of pho. It should taste savory and aromatic, lightly sweet, with the fish sauce providing depth, not fishiness. Adjust with more fish sauce (saltiness), sugar (roundness), or salt until it tastes alive. Keep hot on the lowest heat.
7. Cook the noodles: Boil the pre-soaked noodles 1-2 minutes until just tender — they keep softening in the hot broth, so pull them slightly firm. Drain and divide among 6 deep bowls.
8. Assemble: Top the noodles with shredded chicken. Ladle over the steaming broth — it should be hot enough to warm everything through. Top each bowl with scallions, cilantro, thin-sliced onion, and bean sprouts. Serve with lime wedges, Thai basil, jalapeño, hoisin, and sriracha on the side so everyone seasons their own bowl. A squeeze of lime at the table brightens the whole thing.

Common mistakes:
- Boiling the broth hard: a rolling boil makes it cloudy and muddy-tasting. The gentlest simmer is the whole technique.
- Skipping the char: uncharred onion and ginger make a broth that tastes like plain chicken soup. The blackened spots are the pho flavor.
- Leaving the spices in too long: over 90 minutes they turn the broth bitter and medicinal. Bundle them and pull them out.
- Mushy noodles: pre-soak, then boil briefly. Noodles cooked to death in advance turn to paste in the bowl.",6,120,Hanoi,chicken-pho.webp
35,Banh mi chicken bowls,Vietnamese,550,38,52,16,"For the chicken:
- 2 lb boneless, skinless chicken thighs, sliced thin
- 3 stalks lemongrass
- 4 cloves garlic, minced
- 2 tbsp fish sauce
- 1 tbsp low-sodium soy sauce
- 1 tbsp honey
- 1 tbsp vegetable oil
- 1 tsp kosher salt
- 1/2 tsp black pepper

For the pickles (do chua):
- 1 large daikon radish (about 1 lb), julienned
- 2 large carrots, julienned
- 1 cup white vinegar
- 1 cup water
- 1/2 cup sugar
- 1 tbsp kosher salt

For the bowls:
- 3 cups jasmine rice, rinsed
- 2 cucumbers, sliced into half-moons
- 1 cup cilantro leaves
- 1/2 cup mint leaves
- 2 jalapeños, thinly sliced
- 1/4 cup mayonnaise thinned with 1 tbsp lime juice (optional, for drizzle)

For the nuoc cham:
- 1/4 cup fish sauce
- 1/4 cup lime juice
- 3 tbsp sugar
- 1/2 cup water
- 2 cloves garlic, minced
- 1 Thai chile, minced (optional)","1. Mise en place (start with the pickles — they need at least 30 minutes): Julienne means cut into thin matchsticks: julienne the daikon and carrots. Whisk the vinegar, water, sugar, and salt until dissolved. Pack the vegetables into a jar or bowl and pour the brine over — they should be submerged. These quick pickles (do chua) are the soul of banh mi: sweet, sour, and crunchy. Refrigerate at least 30 minutes; they keep 2 weeks. Prep the lemongrass: peel off the tough outer layers, trim the top and bottom, and mince only the pale tender bottom third — the woody top is inedible. Slice the chicken thin. Mince the garlic. Slice the cucumbers, jalapeños, and herbs.
2. Marinate the chicken: Toss the chicken with the minced lemongrass, garlic, fish sauce, soy sauce, honey, oil, salt, and pepper. Marinate 20-30 minutes at room temperature while the pickles work. Lemongrass is the defining flavor of Saigon-style grilled meats — citrusy and floral, nothing else tastes like it.
3. Make the nuoc cham: Whisk the fish sauce, lime juice, sugar, and water until the sugar dissolves. Stir in the garlic and chile. It should taste like a perfect balance of salty, sour, and sweet — bright and punchy. This is Vietnam's all-purpose table sauce; you will want it on everything.
4. Cook the rice: Rinsed rice, 4 1/2 cups water, pinch of salt — boil, cover, lowest heat 15 minutes, rest 10, fluff.
5. Sear the chicken: Heat a large skillet or grill pan over high heat until smoking. Add the chicken in a single layer (two batches) and sear 3-4 minutes per side until charred at the edges and cooked through (165 F). The honey in the marinade caramelizes into crispy browned bits — watch closely at the end because honey goes from caramelized to burnt fast.
6. Build the bowls: Rice in 6 wide bowls. Top with lemongrass chicken, a generous tangle of pickled daikon and carrot (drained), cucumber, cilantro, mint, and jalapeño. Drizzle each bowl with 2-3 tbsp nuoc cham and the thinned mayo if using. Every bite should have chicken, pickle, herb, and sauce — that contrast of hot savory, cold crunchy, sour, and fresh is what makes banh mi flavors work in a bowl.

Common mistakes:
- Using the whole lemongrass stalk: only the pale bottom third is tender. The rest is woody fiber.
- Skipping the pickles: without do chua, it is just chicken and rice. The pickles are not optional — they are the dish.
- Crowding the chicken: it steams instead of charring. Single layer, two batches, screaming heat.
- Unbalanced nuoc cham: taste it on its own — if any one flavor (salty, sour, sweet) dominates, adjust until all three sing together.",6,50,Saigon,banh-mi-chicken-bowls.webp
36,Tuna poke bowls,American,560,40,52,14,"For the poke:
- 2 lb sushi-grade ahi tuna, cut into 3/4-inch cubes
- 1/3 cup low-sodium soy sauce (shoyu)
- 2 tbsp toasted sesame oil
- 1 tbsp rice vinegar
- 1 tsp grated fresh ginger
- 3 scallions, thinly sliced
- 1 tsp toasted sesame seeds, plus more for serving
- 1/2 tsp red pepper flakes (optional)

For the bowls:
- 3 cups short-grain or sushi rice, rinsed
- 1/4 cup rice vinegar
- 2 tbsp sugar
- 1 tsp kosher salt
- 2 cups shelled edamame, thawed
- 2 cucumbers, diced
- 2 ripe avocados, diced
- 1 cup shredded red cabbage (optional)
- Extra soy sauce and sriracha mayo, for serving","1. Mise en place: The tuna must be sushi-grade — ask the fish counter; it means handled for raw consumption. Keep it refrigerated until the moment you cut it. Cut into 3/4-inch cubes with a sharp knife — clean cuts, not sawing, so the cubes stay silky. Dice the cucumbers and avocados (cut the avocado last so it does not brown). Slice the scallions. Rinse the rice.
2. Season the rice: Cook the rinsed rice: 3 cups rice, 3 3/4 cups water — boil, cover, lowest heat 15 minutes, rest 10. While hot, gently fold in the rice vinegar, sugar, and salt dissolved together (warm the mixture 20 seconds in the microwave so the sugar melts). Fan the rice as you fold to cool it quickly — this gives it the glossy finish of sushi rice. Let cool to room temperature, not fridge-cold.
3. Marinate the poke: In a large bowl, whisk the soy sauce, sesame oil, rice vinegar, ginger, and red pepper flakes. Add the tuna cubes and scallions; toss gently to coat every piece. Marinate 15-20 minutes in the fridge — no longer. The classic Hawaiian shoyu poke is simply dressed, not drowned; 15 minutes seasons the fish while keeping its fresh texture. Longer and the acid firms the tuna into something closer to ceviche.
4. Build the bowls: Divide the room-temperature rice among 6 wide bowls. Arrange the marinated tuna, edamame, cucumber, avocado, and cabbage in sections over the rice — poke bowls are composed, not mixed, so every ingredient stays distinct.
5. Finish: Spoon a little of the marinade from the bowl over each serving. Sprinkle with sesame seeds. Serve immediately with extra soy sauce and sriracha mayo on the side. Poke is at its best within 30 minutes of marinating — the fish should taste fresh and clean, never tired.

Common mistakes:
- Non-sushi-grade tuna served raw: this is a food safety issue, not a preference. Ask the fish counter specifically.
- Over-marinating: past 30 minutes the texture goes firm and the fresh tuna flavor dulls. Fifteen to twenty minutes is the window.
- Hot rice: hot rice partially cooks the raw fish on contact and wilts the avocado. Room temperature only.
- Drowning the fish: poke is about the tuna. The dressing should coat, not submerge.",6,30,Hawaii,tuna-poke-bowls.webp
37,Kalua-style pulled pork with rice,American,715,54,48,38,"- 1 bone-in pork shoulder (Boston butt), 4-5 lb
- 2 tbsp Hawaiian sea salt (or 1 1/2 tbsp kosher salt)
- 1 tbsp liquid smoke (hickory or mesquite)
- 1 large head green cabbage, cut into wedges
- 3 cups long-grain white rice, rinsed
- 4 1/2 cups water
- Sliced scallions, for serving","1. Mise en place and oven: Heat the oven to 300 F. This is a low-and-slow roast — the traditional Hawaiian kalua pig cooks all day in an underground imu oven wrapped in banana leaves; our version uses the same salt-and-smoke logic in a Dutch oven. Pat the pork shoulder dry. Rub it all over with the Hawaiian salt — use it generously; a 4-lb shoulder needs the full 2 tbsp. Drizzle the liquid smoke over the meat and rub it in. (Liquid smoke is a shortcut for the imu's wood smoke — a little goes a long way.)
2. Wrap and roast: Place the pork in a large Dutch oven or roasting pan. Add 1 cup water to the pan — this creates steam that keeps the meat moist over the long cook. Cover tightly with a lid or a double layer of heavy-duty foil; the seal traps the steam. Roast 5-6 hours, undisturbed. The pork is done when it surrenders — a fork twisted in the meat should shred it with zero resistance, and the bone wiggles loose. Internal temperature will be around 200-205 F, far past ""done"" — this is intentional. Tough cuts only become tender when their collagen melts, which happens around 195 F+.
3. Rest: Let the pork rest in the covered pot 30 minutes. It will be steaming and fragrant.
4. Shred: Transfer to a large bowl or cutting board. Pull the meat apart with two forks, discarding the bone, large fat pockets, and any gristle. It should fall apart with almost no effort. Moisten the shredded pork with some of the cooking juices from the pot — a few ladles keep every bite juicy. Taste and add more salt if needed; pork shoulder this size often wants another teaspoon.
5. Wilt the cabbage: While the pork rests, bring the pot juices to a simmer on the stove. Add the cabbage wedges and cook 8-10 minutes, turning once, until tender and silky and infused with the smoky pork flavor. In Hawaii, the cabbage cooked in the kalua juices is half the dish.
6. Cook the rice: Rinsed rice, water, pinch of salt — boil, cover, lowest heat 15 minutes, rest 10, fluff.
7. Serve: Mound rice in 6 wide bowls or plates. Pile on the kalua pork, add cabbage wedges, and spoon over extra cooking juices. Scatter scallions over the top. This is humble, rich, deeply savory food — the salt, smoke, and pork fat doing all the work.

Common mistakes:
- Impatience: pulling the pork at 170 F gives you tough roast pork, not kalua. It must reach 200 F+ and shred effortlessly. The fork test never lies.
- Too much liquid smoke: 1 tbsp for 4-5 lb is right. More tastes chemical and artificial.
- Skipping the rest: cutting into it immediately lets the juices run out. Thirty minutes, covered.
- Lean pork: shoulder (Boston butt) has the fat and collagen this method needs. Pork loin will dry out and disappoint.",6,300,Hawaii,kalua-style-pulled-pork-with-rice.webp
38,Chicken adobo,Filipino,505,38,48,15,"- 3 lb bone-in, skin-on chicken thighs (about 8)
- 3/4 cup low-sodium soy sauce
- 3/4 cup cane vinegar (Filipino sukang maasim, or white distilled vinegar)
- 1 whole head garlic (10-12 cloves), smashed
- 3 dried bay leaves
- 1 tbsp whole black peppercorns
- 1 cup water
- 2 tbsp vegetable oil
- 1 tbsp brown sugar (optional, to balance)
- 3 cups jasmine rice, rinsed
- Sliced scallions, for serving","1. Mise en place: Smash the garlic cloves with the side of a knife — smashed cloves release more flavor than whole ones and melt into the sauce. Measure the soy sauce, vinegar, and water. A note on the vinegar: Filipino cane vinegar is milder and slightly sweet compared to harsh white distilled vinegar. If you can find it at an Asian grocery, use it; if not, white vinegar works — just know the sauce will be sharper. Rinse the rice. Pat the chicken dry.
2. Marinate: Combine the chicken, soy sauce, vinegar, smashed garlic, bay leaves, and peppercorns in a large bowl. Turn to coat. Marinate 30 minutes at room temperature, or up to 8 hours refrigerated. Adobo is the national dish of the Philippines — the name comes from the Spanish, but the vinegar-preservation technique predates colonization. Every family has its own ratio; this 1:1 soy-to-vinegar version is the classic starting point.
3. Sear: Remove the chicken from the marinade and pat very dry — reserve every drop of the marinade. Heat the oil in a large Dutch oven over medium-high heat. Sear the chicken skin-side down 4-5 minutes until deeply golden, flip and sear 2-3 minutes more. Work in two batches so the pieces brown instead of steam. Set aside.
4. Braise: Pour the reserved marinade and the water into the pot, scraping up all the browned bits. Bring to a boil, then reduce to a gentle simmer. Return the chicken skin-side up. Cover and cook 25 minutes, turning once halfway, until the chicken is tender and reads 165 F.
5. Reduce to a glaze: Uncover, raise the heat to medium, and simmer 10-15 minutes, turning the chicken occasionally, until the sauce reduces to a glossy, syrupy glaze that clings to the meat. Watch it closely at the end — reduced soy-vinegar sauce goes from perfect to scorched in under 2 minutes. Taste: it should be tangy, savory, and garlicky with a rounded edge. If it is too sharp, stir in the brown sugar 1 tsp at a time.
6. Cook the rice: While the adobo reduces, cook the rinsed rice: 3 cups rice, 4 1/2 cups water, pinch of salt — boil, cover, lowest heat 15 minutes, rest 10, fluff.
7. Serve: Remove the bay leaves. Serve the chicken over jasmine rice with the glossy sauce spooned over everything, scattered with scallions. Adobo is even better the next day, when the flavors settle deeper into the meat.

Common mistakes:
- Boiling the marinade before searing: some recipes dump everything in raw, but searing first builds the deep brown flavor that makes great adobo.
- Reducing too far: once the sauce is syrupy, stop. Scorched soy sauce is bitter and ruins the pot.
- Fear of the vinegar: it mellows dramatically during the braise. The raw marinade smells harsh; the finished glaze tastes balanced.
- Boneless skinless breast: it overcooks and dries out in the long braise. Bone-in thighs stay juicy and give the sauce body.",6,75,,chicken-adobo.webp
39,Butter chicken,Indian,720,38,48,30,"For the marinade:
- 2 1/2 lb boneless, skinless chicken thighs, cut into 1 1/2-inch pieces
- 1 cup plain whole-milk yogurt
- 2 tbsp lemon juice
- 2 tbsp tandoori masala (or 1 tbsp garam masala + 1 tbsp paprika)
- 1 tbsp grated fresh ginger
- 4 cloves garlic, grated
- 2 tsp kosher salt
- 1 tsp turmeric

For the makhani sauce:
- 4 tbsp unsalted butter, divided
- 1 large yellow onion, diced
- 5 cloves garlic, minced
- 1 tbsp grated fresh ginger
- 1 can (28 oz) crushed tomatoes
- 1 tbsp honey or sugar
- 1 tbsp garam masala
- 1 tsp ground cumin
- 1/2 tsp ground cardamom
- 1/2 tsp cayenne (use 1/4 tsp for mild)
- 1 1/2 cups heavy cream
- 1 tsp crushed kasuri methi (dried fenugreek leaves)
- Salt to taste
- Chopped cilantro, for serving
- Cooked basmati rice or warm naan, for serving","1. Mise en place (marinate at least 2 hours ahead, morning-of is ideal): Cut the chicken into 1 1/2-inch pieces. Grate the garlic and ginger. Whisk the yogurt, lemon juice, tandoori masala, ginger, garlic, salt, and turmeric in a bowl. Coat the chicken and refrigerate 2-8 hours. Butter chicken was born in Delhi in the 1950s at the Moti Mahal restaurant, when the founders — tandoor cooks — folded leftover tandoori chicken into a rich tomato-butter sauce so it would not go to waste. We honor that origin: marinated chicken, charred hard, folded into makhani sauce.
2. Char the chicken: Heat the broiler to high with a rack 6 inches below. Line a sheet pan with foil. Shake excess marinade off the chicken and spread in a single layer. Broil 8-10 minutes, flipping once, until charred at the edges. The char is non-negotiable — it is the tandoor flavor that defines the dish. Set aside; it does not need to be cooked through.
3. Build the sauce: Melt 2 tbsp butter in a large Dutch oven over medium heat. Add the onion with a pinch of salt and cook 8-10 minutes until soft and golden. Add the garlic and ginger; cook 1 minute. Stir in the garam masala, cumin, cardamom, and cayenne; bloom 30 seconds until fragrant.
4. Simmer the tomatoes: Add the crushed tomatoes and honey. Simmer 15 minutes, stirring occasionally, until the sauce darkens and thickens and the fat begins to glisten at the edges. For silky restaurant texture, blend smooth with an immersion blender — keep the head submerged to avoid eruptions.
5. Finish with cream: Reduce the heat to low. Stir in the heavy cream, the remaining 2 tbsp butter, and the kasuri methi, crushing the leaves between your fingers. Add the charred chicken with its juices. Simmer gently 10 minutes — never boil after the cream goes in. Taste and salt until rich and balanced: the sauce should be velvety, tomatoey, buttery, and warming, with sweetness in the background.
6. Serve over basmati rice or with warm naan for scooping, scattered with cilantro. The sauce should be abundant — butter chicken is eaten with bread or rice as the delivery vehicle, so be generous.

Common mistakes:
- Skipping the char: unmarinated, uncharred chicken simmered in sauce is just chicken curry. The broiler step makes it butter chicken.
- Boiling after adding cream: the sauce splits into grainy oil. Gentle simmer, always.
- Under-salting the sauce: butter and cream mute salt perception. Taste and salt boldly at the end.
- No kasuri methi: that faint bittersweet background note is the restaurant signature. Worth finding at an Indian grocery.",6,90,Delhi,butter-chicken.webp
40,Chana masala,Indian,585,20,85,16,"- 3 cans (15 oz each) chickpeas, drained and rinsed (or 2 cups dried, soaked and cooked)
- 3 tbsp vegetable oil or ghee
- 2 large yellow onions, finely diced
- 5 cloves garlic, minced
- 1 tbsp grated fresh ginger
- 2 serrano or jalapeño chiles, minced (optional)
- 1 can (28 oz) crushed tomatoes
- 2 tbsp chana masala spice blend (or 1 tbsp coriander + 1 tbsp cumin + 2 tsp garam masala + 1 tsp amchur/dried mango powder)
- 1 tsp turmeric
- 1 tsp kosher salt, plus more to taste
- 1/2 tsp black pepper
- 2 cups water or vegetable broth
- 1/2 cup chopped cilantro
- 1 tbsp lemon juice
- Cooked basmati rice, for serving","1. Mise en place: Drain and rinse the chickpeas. Dice the onions fine — fine dice melts into the sauce instead of sitting in chunks. Mince the garlic, grate the ginger, mince the chiles. Measure the spices into one bowl. Chop the cilantro.
2. Brown the onions deeply: Heat the oil in a large Dutch oven over medium heat. Add the onions with 1/2 tsp salt and cook 12-15 minutes, stirring regularly, until deep golden brown — not just translucent. This long browning is the flavor foundation of Punjabi curries; pale onions make a thin-tasting sauce. Do not rush it. If they stick, add a splash of water and scrape.
3. Bloom the aromatics and spices: Add the garlic, ginger, and chiles; cook 1 minute. Add the spice blend and turmeric; stir constantly 60 seconds until the spices darken slightly and smell intensely fragrant. Blooming in the hot oil is what turns dusty ground spices into a rich, complex base.
4. Build the sauce: Pour in the crushed tomatoes. Cook 8-10 minutes, stirring, until the sauce thickens, darkens, and you see oil glistening at the edges — that glisten means the tomatoes are fully cooked and the raw edge is gone.
5. Add chickpeas and simmer: Add the chickpeas, water or broth, salt, and pepper. Bring to a boil, then simmer 20 minutes, partially covered. For a thicker, creamier sauce, lightly mash about a cup of the chickpeas against the side of the pot with a spoon — the starch thickens the gravy the traditional way, no cream needed.
6. Finish: Stir in the lemon juice and half the cilantro. Taste and salt until the flavors pop — the amchur (or lemon) should give a bright tangy lift at the end. The finished dish should be hearty and warming, with the chickpeas tender and the sauce clinging to the rice.
7. Serve over basmati rice, topped with the remaining cilantro. Chana masala is naturally vegan and naturally delicious — no substitutions needed.

Common mistakes:
- Pale onions: 5 minutes of softening is not enough. Twelve to fifteen minutes to deep golden is where the flavor lives.
- Raw spices in liquid: dumping spices into the tomatoes without blooming leaves them gritty and dull. Sixty seconds in hot oil first.
- Thin sauce: the mash-a-cup trick thickens it naturally. Do not reach for cornstarch.
- Forgetting the acid at the end: the lemon juice or amchur added off the heat is what lifts the whole dish from heavy to bright.",6,55,Punjab,chana-masala.webp
41,Dal with spinach,Indian,295,16,43,5,"2 cups yellow moong dal (split mung beans) or red lentils, rinsed
6 cups water
1 tablespoon vegetable oil
1 teaspoon cumin seeds
1 teaspoon black mustard seeds
1 medium yellow onion, diced (cut into 1/4-inch cubes)
1 tablespoon fresh ginger, grated (about a 1-inch piece, peeled)
4 cloves garlic, minced (chopped very fine, almost a paste)
2 medium tomatoes, diced
1 teaspoon ground turmeric
1 to 2 green chilies (serrano or Thai), slit lengthwise (start with 1; add the second only if you like real heat)
1 1/2 teaspoons kosher salt, plus more to taste
8 ounces fresh baby spinach (about 8 packed cups)
1 tablespoon fresh lemon juice
1 tablespoon butter or ghee
1/4 cup fresh cilantro leaves, chopped, for serving
Cooked basmati rice, for serving (not counted in nutrition)","1. Mise en place: Rinse the dal in a fine-mesh strainer under cold water until the water runs mostly clear. Dice the onion into 1/4-inch cubes (dice = cut into small even cubes). Mince the garlic (chop it very fine, almost to a paste). Grate the ginger on the small holes of a box grater. Dice the tomatoes. Slit the green chili lengthwise with the tip of your knife but leave it whole — this perfumes the dal without making it fiercely hot. Measure all your spices into one small bowl. Wash the spinach.
2. Simmer the dal: Put the rinsed dal and 6 cups water in a large pot or Dutch oven. Bring to a boil over high heat, then skim off any white foam that rises with a spoon and throw it away. Reduce the heat to medium-low so it bubbles gently (a lazy simmer, not a rolling boil). Cook uncovered 20 to 25 minutes, stirring every 5 minutes so the dal does not stick, until the lentils have completely fallen apart and the mixture looks like a thick porridge. If it gets too thick, add 1/2 cup hot water.
3. Temper the spices (tarka): While the dal simmers, heat the oil in a small skillet over medium heat until it shimmers. Add the cumin seeds and mustard seeds. They should sizzle and pop within 30 seconds — you will hear sharp popping sounds and smell a nutty aroma. If they burn (turn black and bitter-smelling), throw them out and start over; burnt seeds ruin the dish.
4. Build the base: Add the diced onion to the popping seeds and cook 5 to 6 minutes, stirring, until soft and golden at the edges. Add the ginger and garlic and cook 1 minute more until fragrant — your kitchen should smell sweet and savory, not sharp. Stir in the turmeric and cook 30 seconds; the oil will turn brilliant yellow.
5. Combine: Scrape the onion-spice mixture into the cooked dal. Add the diced tomatoes, slit chili, and salt. Simmer 10 minutes more, stirring occasionally, until the tomatoes melt into the dal. Taste: it should be savory, earthy, and lightly tangy. Add salt 1/4 teaspoon at a time until it tastes seasoned, not flat.
6. Wilt the spinach: Add the spinach by the handful, stirring each handful until it wilts before adding the next — it looks like a mountain but collapses in about 3 minutes. Simmer 2 minutes more. The dal should be thick enough to coat a spoon but still pourable; thin with hot water if needed.
7. Finish: Stir in the lemon juice and the butter. Taste once more for salt. Serve hot over basmati rice with chopped cilantro on top.
8. Storage: Refrigerate in a sealed container up to 4 days. It thickens as it sits — loosen with splashes of water when reheating. Reheat gently on the stove over medium-low, stirring, until steaming. Freezes well up to 3 months.
Common mistakes:
- Skipping the rinse: unrinsed dal foams up and can taste dusty. Rinse until the water runs mostly clear.
- Boiling hard instead of simmering: a violent boil makes dal gluey and it sticks and scorches on the bottom. Keep it at a gentle bubble and stir regularly.
- Burning the tempering seeds: cumin and mustard seeds go from toasted to bitter in under a minute. Have the onion ready to go in the moment they pop.",6,45,,dal-with-spinach.webp
42,Turkey taco skillet,Mexican,500,37,51,21,"1 tablespoon olive oil
1 1/2 pounds ground turkey (93% lean)
1 large yellow onion, diced (1/4-inch cubes)
1 jalapeño, minced (seeds removed for mild, kept for hot)
3 cloves garlic, minced
2 tablespoons homemade taco seasoning (1 tablespoon chili powder, 2 teaspoons ground cumin, 1 teaspoon smoked paprika, 1 teaspoon dried oregano, 1 teaspoon onion powder, 1/2 teaspoon garlic powder, 1 teaspoon kosher salt, 1/2 teaspoon black pepper)
1 can (15 ounces) black beans, drained and rinsed
1 1/2 cups frozen corn kernels
1 can (14.5 ounces) diced tomatoes with green chiles, undrained
3 cups cooked long-grain white rice, warm (about 1 cup dry)
1 1/2 cups shredded sharp cheddar cheese
1/4 cup fresh cilantro, chopped
Lime wedges, for serving","1. Mise en place: Dice the onion into 1/4-inch cubes (dice = small even cubes). Mince the jalapeño (chop very fine; wear care not to touch your eyes afterward — the oils burn). Mince the garlic. Stir all taco seasoning spices together in a small bowl. Drain and rinse the black beans. Cook the rice if you have not already (1 cup dry rice + 2 cups water, simmer covered 15 minutes). Shred the cheese if using a block — it melts far better than bagged.
2. Brown the turkey: Heat the olive oil in a large deep skillet or braiser over medium-high heat until shimmering. Add the ground turkey and break it into small crumbles with a wooden spoon or spatula. Let it sit undisturbed 2 to 3 minutes so it browns, then keep breaking and stirring 5 to 6 minutes total, until no pink remains and you see golden-brown bits. If the turkey releases a lot of water, let it cook until the water evaporates — browning cannot happen in liquid.
3. Soften the aromatics: Push the turkey to the edges. Add the onion and jalapeño to the center and cook 4 minutes, stirring, until the onion turns translucent and soft. Add the garlic and the taco seasoning and stir 1 minute until deeply fragrant — the spices will darken slightly and smell toasty, not raw.
4. Build the skillet: Pour in the diced tomatoes with their juice, the black beans, and the corn. Stir everything together, scraping up any browned bits from the bottom of the pan — that is pure flavor. Bring to a lively simmer.
5. Simmer: Reduce the heat to medium-low and simmer 8 to 10 minutes, stirring occasionally, until the mixture thickens slightly and the corn is tender. Taste and add salt 1/4 teaspoon at a time if needed — canned tomatoes vary in saltiness.
6. Cheese melt: Sprinkle the cheddar evenly over the top, cover the skillet with a lid, and cook 2 to 3 minutes until the cheese is fully melted and bubbly. Turn off the heat.
7. Serve: Spoon the warm rice into wide bowls, ladle the turkey skillet mixture over it, and finish with chopped cilantro and a squeeze of lime. The lime is not optional — its acidity wakes the whole dish up.
8. Storage: Refrigerate leftovers (rice stored separately is best) up to 4 days. Reheat in a skillet over medium heat with a splash of water, or microwave until steaming (165°F in the center). Freezes well up to 3 months without the rice.
Common mistakes:
- Steaming instead of browning the turkey: if you stir constantly from the start, the meat just turns gray. Let it sit untouched for a few minutes to develop golden crust.
- Adding cheese over high heat: it turns greasy and grainy. Melt it covered, off or on the lowest heat.
- Skipping the lime: without acid the dish tastes flat and one-note. Taste before and after a squeeze — the difference is dramatic.",6,35,,turkey-taco-skillet.webp
43,Chicken enchilada casserole,Mexican,600,59,39,28,"2 pounds boneless, skinless chicken breasts
4 cups low-sodium chicken broth, for poaching
16 corn tortillas (6-inch)
3 cups red enchilada sauce (two 10-ounce cans, or homemade)
2 1/2 cups shredded Monterey Jack cheese, divided
1 medium yellow onion, diced (1/4-inch cubes)
1 can (4 ounces) diced green chiles, drained
1 teaspoon ground cumin
1 teaspoon chili powder
1/2 teaspoon kosher salt, plus more to taste
1/2 cup sour cream, for serving
1/4 cup fresh cilantro, chopped, for serving","1. Mise en place: Dice the onion into 1/4-inch cubes (dice = small even cubes). Drain the green chiles. Shred the cheese from a block if you can — bagged cheese is coated to prevent clumping and melts poorly. Open the enchilada sauce cans. Preheat the oven to 375°F. Lightly oil a 9x13-inch baking dish.
2. Poach the chicken: Place the chicken breasts in a large pot in a single layer and pour in the chicken broth — the liquid should just cover the meat. Bring to a gentle simmer over medium heat (small bubbles, never a rolling boil — boiling makes chicken rubbery). Simmer 15 to 18 minutes until the thickest part reads 165°F on an instant-read thermometer and the juices run clear. Transfer to a plate and let cool 10 minutes.
3. Shred: Using two forks, pull the chicken apart into bite-size shreds. You should have about 5 cups. Toss the shredded chicken in a large bowl with the diced onion, green chiles, cumin, chili powder, salt, and 1 cup of the shredded cheese.
4. Warm the tortillas: This step prevents cracking. Wrap the tortilla stack in damp paper towels and microwave 60 to 90 seconds until soft and pliable, or warm them one at a time in a dry skillet 20 seconds per side. Cold tortillas will split when you roll or layer them.
5. Sauce the dish: Spread 1/2 cup of enchilada sauce over the bottom of the baking dish — this keeps the bottom layer from sticking and drying out.
6. Layer: Lay 8 tortillas over the sauce, overlapping slightly to cover the bottom (tear a couple in half to fill gaps — it does not need to be pretty). Spread half the chicken mixture over the tortillas, then 1 cup of sauce. Repeat: 8 more tortillas, the rest of the chicken, 1 cup of sauce. Pour the remaining sauce evenly over the top and sprinkle with the remaining 1 1/2 cups of cheese.
7. Bake: Cover with foil and bake 20 minutes. Remove the foil and bake 10 to 15 minutes more, until the cheese is melted, golden in spots, and the sauce bubbles up around the edges. Let rest 10 minutes before cutting — this lets the layers set so squares hold together.
8. Serve: Cut into squares and top each serving with a spoonful of sour cream and chopped cilantro.
9. Storage: Refrigerate covered up to 4 days. Reheat individual portions in the microwave until steaming, or the whole dish covered with foil at 350°F for 20 minutes. Freezes well up to 3 months; thaw overnight in the fridge before reheating.
Common mistakes:
- Using cold tortillas: they crack and the layers fall apart. Warm them until truly pliable.
- Boiling the chicken hard: high heat squeezes moisture out and gives you rubbery shreds. A gentle simmer is the whole trick.
- Cutting too soon: slicing straight from the oven gives you enchilada soup. Ten minutes of rest makes clean squares.",6,60,,chicken-enchilada-casserole.webp
44,Carne asada bowls,Mexican,750,53,60,28,"2 pounds flank steak
1/2 cup fresh lime juice (about 4 limes), plus lime wedges for serving
1/4 cup olive oil
4 cloves garlic, minced
1 jalapeño, minced
1 teaspoon ground cumin
1 tablespoon soy sauce
1 teaspoon kosher salt, plus more to taste
1/2 teaspoon black pepper
1/2 cup fresh cilantro leaves, chopped, divided
4 cups cooked long-grain white rice, warm (about 1 1/3 cups dry)
2 cans (15 ounces each) black beans, drained, rinsed, and warmed
1 large white onion, cut into 1/2-inch wedges
2 cups corn kernels (frozen, thawed, or fresh)
2 avocados, sliced
1/2 cup crumbled cotija cheese","1. Mise en place: Mince the garlic (chop very fine). Mince the jalapeño. Juice the limes. Chop the cilantro. Cut the onion into thick wedges through the root end so the layers stay together on the grill. Slice the avocados just before serving so they do not brown. Cook the rice and warm the beans (simmer beans with a pinch of salt 5 minutes).
2. Marinate: In a large zip-top bag or shallow dish, whisk the lime juice, olive oil, garlic, jalapeño, cumin, soy sauce, salt, pepper, and half the cilantro. Add the flank steak, turn to coat, seal, and refrigerate at least 30 minutes and up to 4 hours. Do not marinate longer than 4 hours — the lime juice acid will start to turn the meat mushy on the surface. (If using a grill pan indoors, this is when to take the chill off the meat: let it sit at room temperature 20 minutes before cooking.)
3. Heat the grill: Get a grill or grill pan ripping hot — high heat. You want to hear a violent sizzle the second the meat hits. Oil the grates or pan lightly with a folded paper towel dipped in oil, held with tongs.
4. Grill the steak: Remove the steak from the marinade and pat it mostly dry with paper towels (a dry surface sears; a wet surface steams). Lay it on the hot grill and cook 4 to 5 minutes per side without moving it, until deeply charred in spots. It is done at medium-rare: 130 to 135°F on an instant-read thermometer in the thickest part. Flank gets tough past medium, so pull it on time.
5. Grill the vegetables: While the steak cooks, grill the onion wedges 3 to 4 minutes per side until charred at the edges and softened, and the corn in a grill basket or skillet 4 to 5 minutes until lightly blackened in spots. The char is flavor — do not be shy.
6. Rest and slice: Transfer the steak to a cutting board and rest 10 full minutes — the juices redistribute, and slicing early floods the board. Slice thinly AGAINST the grain: look for the long muscle fibers running down the steak and cut across them at a slight angle. With flank steak this single step is the difference between tender and chewy. Season the slices with a pinch of salt.
7. Assemble bowls: Divide the rice among 6 wide bowls. Arrange black beans, grilled onion, charred corn, avocado slices, and steak over the rice. Shower with cotija, the remaining cilantro, and serve with lime wedges for squeezing.
8. Storage: Store steak, rice, and toppings in separate sealed containers up to 4 days. Slice only what you will eat — whole leftover steak reheats better. Warm steak gently in a covered skillet over low heat just until warm (do not microwave it hot or it toughens). Keep avocado separate and slice fresh.
Common mistakes:
- Slicing with the grain: flank steak has very long fibers. Cut across them or every bite will be chewy no matter how perfectly you cooked it.
- Overcooking: flank goes from juicy to shoe leather between medium-rare and medium-well. Use a thermometer and pull at 130 to 135°F.
- Marinating too long in lime: past 4 hours the acid ""cooks"" the exterior into a mushy texture. Thirty minutes to 2 hours is the sweet spot.",6,50,Northern Mexico,carne-asada-bowls.webp
45,Chicken tortilla soup,Mexican,430,41,39,9,"1 1/2 pounds boneless, skinless chicken breasts
8 cups low-sodium chicken broth
1 can (28 ounces) fire-roasted crushed tomatoes
1 large yellow onion, diced (1/4-inch cubes)
4 cloves garlic, minced
1 to 2 jalapeños, minced (seeds removed for mild)
2 teaspoons ground cumin
1 teaspoon chili powder
1 teaspoon smoked paprika
1 teaspoon kosher salt, plus more to taste
1 1/2 cups frozen corn kernels
1 can (15 ounces) black beans, drained and rinsed
1/4 cup fresh lime juice (about 2 limes), plus wedges for serving
1/2 cup fresh cilantro, chopped
For the tortilla strips:
8 corn tortillas, cut into 1/2-inch strips
1 tablespoon olive oil
1/2 teaspoon kosher salt
For serving: 1 avocado, diced; 1/2 cup crumbled cotija cheese","1. Mise en place: Dice the onion into 1/4-inch cubes (dice = small even cubes). Mince the garlic and jalapeño. Measure the spices into one small bowl. Drain and rinse the beans. Juice the limes. Chop the cilantro. Cut the tortillas into 1/2-inch strips with a sharp knife or kitchen scissors. Preheat the oven to 400°F.
2. Bake the tortilla strips: Toss the strips with the olive oil and salt on a rimmed baking sheet, spreading them in a single layer. Bake 10 to 12 minutes, flipping once halfway, until golden and crisp. They crisp more as they cool. Set aside — these are your crunch garnish, not a soggy ingredient.
3. Start the soup: In a large pot or Dutch oven, bring the chicken broth to a boil over high heat. Add the whole chicken breasts, reduce to a gentle simmer (small bubbles), and cook 12 to 15 minutes until the chicken reads 165°F at the thickest point. Lift the chicken out to a plate; keep the broth simmering.
4. Build flavor: Add the onion, jalapeño, cumin, chili powder, smoked paprika, and salt to the simmering broth. Cook 6 to 8 minutes until the onion is soft. Stir in the garlic and cook 1 minute until fragrant. Pour in the crushed tomatoes, corn, and black beans. Simmer 10 minutes so the flavors marry — the broth should taste smoky, savory, and lightly spicy.
5. Shred the chicken: While the soup simmers, shred the chicken with two forks into bite-size pieces. Return the shredded chicken to the pot and simmer 5 minutes more to heat through.
6. Finish: Stir in the lime juice and cilantro. Taste and adjust: more salt if flat, another squeeze of lime if dull, another minced jalapeño if you want more heat.
7. Serve: Ladle into wide bowls. Top each with a handful of crispy tortilla strips, diced avocado, and crumbled cotija. Serve lime wedges alongside.
8. Storage: Refrigerate the soup (without toppings) up to 4 days; the tortilla strips keep in a zip-top bag at room temperature 3 days — add them only at serving time or they turn to mush. Reheat soup to steaming (165°F). Freezes well up to 3 months.
Common mistakes:
- Boiling the chicken hard: a rolling boil makes shredded chicken rubbery. Keep it at a bare simmer.
- Adding tortilla strips to the pot: they dissolve into paste within minutes. They are a garnish, added to each bowl at the table.
- Under-seasoning the broth: 8 cups of broth needs assertive seasoning. Taste at the end and do not be timid with salt and lime.",6,50,,chicken-tortilla-soup.webp
46,Pozole rojo,Mexican,600,28,39,30,"2 pounds boneless pork shoulder, cut into 2-inch chunks
6 cups low-sodium chicken broth, plus water as needed
4 dried guajillo chiles, stems and seeds removed
2 dried ancho chiles, stems and seeds removed
1 large white onion, quartered
6 cloves garlic, peeled
1 teaspoon Mexican oregano
1 teaspoon ground cumin
2 bay leaves
1 tablespoon kosher salt, plus more to taste
2 cans (25 ounces each) white hominy, drained and rinsed
For serving: 3 cups shredded green cabbage; 1 bunch radishes, thinly sliced; 1 white onion, diced; dried oregano; lime wedges; 6 tostadas","1. Mise en place: Cut the pork shoulder into roughly 2-inch chunks — big pieces stay juicy through the long braise (small pieces dry out). Stem and seed the dried chiles: tear them open and shake out the seeds (seeds add bitterness, not just heat). Quarter the onion. Peel the garlic. Drain and rinse the hominy. Shred the cabbage, slice the radishes thin, and dice the serving onion so garnishes are ready at the end.
2. Toast the chiles: Heat a dry skillet or comal over medium heat. Press the chiles flat with a spatula 20 to 30 seconds per side until they darken slightly, become pliable, and smell like dried fruit and smoke. Do not let them blacken — burnt chiles turn the whole pot bitter. Immediately transfer to a bowl and cover with very hot water; soak 20 minutes until soft.
3. Blend the chile sauce: Drain the softened chiles (save 1 cup of the soaking liquid). Blend the chiles with the quartered onion, garlic, Mexican oregano, cumin, and the reserved soaking liquid until completely smooth, 1 to 2 minutes. If your blender leaves flecks, strain the sauce through a fine-mesh strainer — a silky broth is the mark of good pozole.
4. Sear the pork: Pat the pork chunks dry with paper towels. Heat a large Dutch oven over medium-high heat with a thin film of oil until shimmering. Sear the pork in two batches, 3 to 4 minutes per side, until deeply browned. Do not crowd the pot or the meat steams instead of browning. Set browned pork aside.
5. Build the pot: Pour the blended chile sauce into the empty pot — it will sizzle fiercely. Cook 3 to 4 minutes, stirring, until it darkens a shade and smells rich and toasty. This ""frying"" step deepens the flavor enormously. Pour in the chicken broth, scraping up every browned bit. Add the pork, bay leaves, and salt.
6. Braise: Bring to a boil, then reduce to the gentlest simmer — just an occasional bubble breaking the surface. Cover and cook 2 to 2 1/2 hours, until the pork shreds easily when pressed with a spoon and is completely tender. Skim any foam or excess fat from the surface halfway through.
7. Add the hominy: Stir in the drained hominy and simmer uncovered 20 minutes more so it absorbs the broth and heats through. Fish out the bay leaves. Taste and add salt until the broth tastes bold and savory — a big pot of mild broth needs more salt than you think.
8. Serve Jalisco-style: Ladle pork, hominy, and plenty of broth into deep bowls. Pass the shredded cabbage, sliced radishes, diced onion, dried oregano, and lime wedges at the table so everyone builds their own bowl. Serve with crisp tostadas for scooping. A proper bowl is about half garnish by volume.
9. Storage: Refrigerate up to 5 days — pozole is famously better on day 2 as the flavors meld. Reheat gently to steaming. Freezes beautifully up to 3 months (freeze without the fresh garnishes).
Common mistakes:
- Skipping the chile toast: un-toasted dried chiles taste flat and raw. Thirty seconds per side in a dry pan transforms them.
- Boiling instead of barely simmering: hard boiling tightens the pork and turns it stringy. The barest bubble for the full braise.
- A gritty sauce: if the blended chiles are not fully smooth, strain them. Nobody wants chile skin flakes floating in the broth.",6,180,Jalisco,pozole-rojo.webp
47,Spaghetti bolognese,Italian,815,47,75,32,"1 pound ground beef (80/20)
1/2 pound ground pork
1 large yellow onion, finely diced (1/4-inch cubes)
1 large carrot, finely diced
1 celery stalk, finely diced
3 cloves garlic, minced
2 tablespoons olive oil
2 tablespoons tomato paste
1/2 cup dry white wine (such as Pinot Grigio)
1 can (28 ounces) crushed San Marzano tomatoes
1 cup whole milk
1 teaspoon kosher salt, plus more to taste
1/2 teaspoon black pepper
1/4 teaspoon freshly grated nutmeg
1 bay leaf
1 1/4 pounds (20 ounces) spaghetti
1 cup freshly grated Parmigiano-Reggiano, for serving","1. Mise en place: Finely dice the onion, carrot, and celery into 1/4-inch cubes — this trio is the soffritto, the flavor foundation of every real ragù. Mince the garlic. Measure the wine, milk, and tomato paste. Grate the Parmigiano fresh — pre-grated cheese does not melt into sauce properly. Put a large pot of salted water on to boil later; you will cook the pasta while the sauce finishes.
2. Sweat the soffritto: Heat the olive oil in a large Dutch oven or heavy pot over medium heat. Add the onion, carrot, and celery with a pinch of salt. Cook 8 to 10 minutes, stirring often, until completely soft, sweet-smelling, and just starting to turn golden at the edges. Do not rush this — raw, crunchy soffritto is the most common reason homemade ragù tastes thin.
3. Brown the meat: Raise the heat to medium-high. Add the beef and pork, breaking it into small pieces. Cook 8 to 10 minutes, stirring and breaking, until the meat is deeply browned and the fat has rendered. If the meat is swimming in liquid, let it cook until the liquid evaporates and the sizzling starts again — browning only happens once the water is gone.
4. Tomato paste and wine: Stir in the tomato paste and cook 2 minutes until it darkens from bright red to brick red and smells sweet. Pour in the white wine and scrape up every browned bit from the bottom — it will bubble vigorously and the sharp alcohol smell cooks off in about 2 minutes.
5. The long simmer: Add the crushed tomatoes, milk, salt, pepper, nutmeg, and bay leaf. The milk is authentic Bolognese — it tenderizes the meat and rounds the acidity. Bring to a gentle simmer, then reduce the heat to low, partially cover, and cook 45 minutes to 1 hour, stirring every 10 minutes. The sauce is done when it is thick enough that a spoon dragged across the pot bottom leaves a trail for a second, and the fat glistens on the surface. Fish out the bay leaf. Taste for salt.
6. Cook the pasta: While the sauce finishes, boil the spaghetti in generously salted water (it should taste like the sea) until 1 minute shy of the package's al dente time. Reserve 1 cup of the starchy pasta water before draining.
7. Marry pasta and sauce: Add the drained spaghetti directly to the pot of ragù with a splash of pasta water. Toss over medium heat 1 to 2 minutes until every strand is coated and the sauce clings instead of pooling. Add more pasta water a splash at a time if it looks dry.
8. Serve: Twirl into warm bowls and shower with grated Parmigiano-Reggiano. In Bologna, the cheese goes on at the table, never cooked into the pot.
9. Storage: Refrigerate sauce and pasta separately up to 4 days (stored together the pasta turns mushy). The sauce freezes superbly up to 3 months — in fact, make a double batch on purpose. Reheat gently, loosening with a splash of water.
Common mistakes:
- A watery, pale sauce: caused by rushing the soffritto and skipping the browning. Color equals flavor — brown the meat properly.
- Drowning pasta in sauce on the plate: Italians dress pasta IN the pan with the sauce so it absorbs flavor. A ladle of sauce per portion, tossed, beats a flood on top.
- Skipping the milk: it seems odd, but milk is what makes Bolognese ragù silky rather than sharp and tomatoey. Do not substitute with cream — whole milk is the tradition.",6,90,Emilia-Romagna,spaghetti-bolognese.webp
48,Chicken pesto pasta with peas,Italian,745,55,78,27,"1 1/2 pounds boneless, skinless chicken breasts, cut into 3/4-inch pieces
1 1/4 pounds (20 ounces) short pasta (penne, fusilli, or trofie)
3 cups packed fresh basil leaves (about 3 ounces)
1/2 cup pine nuts, toasted
3/4 cup freshly grated Parmigiano-Reggiano, plus more for serving
2 cloves garlic, roughly chopped
1/3 cup extra-virgin olive oil, plus 1 tablespoon for the chicken
1 tablespoon fresh lemon juice
1/2 teaspoon kosher salt, plus more to taste
1/4 teaspoon black pepper
2 cups frozen peas
1/2 cup reserved pasta water (you will save it while cooking)","1. Mise en place: Cut the chicken into even 3/4-inch pieces — uniform pieces cook at the same rate. Wash and dry the basil completely (wet basil makes watery, dull pesto). Toast the pine nuts in a dry skillet over medium heat 3 to 4 minutes, shaking often, until golden and fragrant; watch them — they go from perfect to burnt in under a minute. Grate the Parmigiano. Put a large pot of salted water on to boil.
2. Make the pesto: In a food processor, pulse the garlic and toasted pine nuts until coarsely ground. Add the basil, Parmigiano, lemon juice, salt, and pepper. With the processor running, drizzle in the 1/3 cup olive oil in a thin stream until you have a thick, spoonable sauce. Taste: it should be garlicky, salty, and bright. If it tastes flat, add salt a pinch at a time; if dull, another squeeze of lemon. Transfer to a bowl — never heat pesto hard or the basil turns black and bitter.
3. Cook the pasta: Boil the pasta until 1 minute shy of al dente. In the last 2 minutes of cooking, add the frozen peas right into the pasta water. Before draining, scoop out 1 cup of the starchy pasta water — this is liquid gold for binding the sauce. Drain pasta and peas together.
4. Sear the chicken: While the pasta cooks, heat 1 tablespoon olive oil in a large skillet over medium-high heat until shimmering. Add the chicken pieces in a single layer, season with salt and pepper, and cook 5 to 6 minutes, turning once, until golden on the outside and 165°F inside. Do not crowd the pan — cook in two batches if needed so the chicken sears instead of steaming.
5. Combine gently: Reduce the heat to low. Add the drained pasta and peas to the skillet with the chicken. Dollop in the pesto and toss with splashes of the reserved pasta water until every piece is glossed with bright green sauce. The water's starch emulsifies the oil into a coating that clings instead of pooling at the bottom. Warm 1 minute — just enough to heat through, never enough to boil the pesto.
6. Serve: Divide among warm bowls and top with extra grated Parmigiano and a few torn basil leaves.
7. Storage: Refrigerate up to 3 days. The pesto will darken — still fine to eat. Reheat gently in a skillet with a splash of water over low heat; microwaving on high turns the basil bitter. Not ideal for freezing — the pasta turns soft and the fresh basil loses its color and punch.
Common mistakes:
- Boiling the pesto: high heat destroys fresh basil's flavor and turns it murky. Add it off the fiercest heat and warm gently.
- Skipping the pasta water: without its starch, the oily pesto slides right off the pasta and puddles in the bowl.
- Wet basil: water on the leaves dilutes the pesto and dulls its color. Spin or pat the basil fully dry first.",6,40,Liguria,chicken-pesto-pasta-with-peas.webp
49,Shrimp scampi with zucchini and linguine,Italian,600,40,59,21,"1 1/2 pounds large shrimp (21/25 count), peeled and deveined, tails on if you like
1 pound linguine
6 tablespoons unsalted butter, divided
3 tablespoons olive oil
6 cloves garlic, thinly sliced
1/2 teaspoon red pepper flakes (start with 1/4 teaspoon for mild)
1/2 cup dry white wine (Pinot Grigio or Sauvignon Blanc)
2 medium zucchini, cut into half-moons (halve lengthwise, then slice 1/4-inch thick)
Juice of 2 lemons (about 1/4 cup)
1/2 teaspoon kosher salt, plus more to taste
1/4 teaspoon black pepper
1/2 cup fresh parsley, chopped
1/2 cup freshly grated Parmigiano-Reggiano, for serving","1. Mise en place: Peel and devein the shrimp if not already done (devein = slice shallowly along the back curve and pull out the dark vein). Pat the shrimp VERY dry with paper towels — moisture is the enemy of a good sear. Thinly slice the garlic (thin coins, not minced — minced garlic burns in this dish). Cut the zucchini into half-moons. Juice the lemons. Chop the parsley. Put a large pot of salted water on to boil.
2. Cook the linguine: Boil until 1 minute shy of al dente. Before draining, reserve 1 cup of the starchy pasta water. Drain and set aside.
3. Sear the shrimp: Heat 2 tablespoons of the butter with the olive oil in a large skillet over medium-high heat until the butter foams and just starts to smell nutty. Add the shrimp in a single layer — work in two batches if needed. Sear 90 seconds per side until pink with golden edges. They should curl into a loose C shape. Immediately transfer to a plate. (If they curl into tight O's, they are overcooked — pull the next batch sooner.)
4. Soften zucchini and garlic: In the same skillet over medium heat, add the zucchini with a pinch of salt. Cook 4 to 5 minutes, stirring, until tender with lightly golden edges. Add the sliced garlic and red pepper flakes and cook 1 minute until the garlic is pale gold and fragrant — not brown. Brown garlic tastes bitter and will ruin the sauce.
5. Deglaze: Pour in the white wine and scrape up all the browned bits. Let it bubble 2 minutes until reduced by about half and the raw alcohol smell is gone. Add the lemon juice, remaining 4 tablespoons butter, salt, and pepper, swirling until the butter melts into a glossy sauce.
6. Bring it together: Return the shrimp and any juices to the skillet. Add the drained linguine and toss over medium heat 1 to 2 minutes, adding splashes of pasta water until the sauce coats every strand with a light gloss. Shower with the parsley and toss once more. Taste for salt and lemon — it should taste bright, garlicky, and buttery all at once.
7. Serve: Twirl into warm bowls, spoon extra sauce over the top, and pass the Parmigiano at the table.
8. Storage: Refrigerate up to 2 days. Reheat very gently in a skillet over low heat with a splash of water — shrimp turn rubbery if blasted in the microwave. Shrimp pasta does not freeze well.
Common mistakes:
- Overcooking the shrimp: they go from perfect to rubbery in under a minute. Sear fast, pull early — they finish cooking in the hot pasta.
- Browning the garlic: even light brown garlic turns bitter. Pale gold is the target; when in doubt, pull it sooner.
- A broken, greasy sauce: caused by too-high heat when the butter goes in. Swirl the butter in over medium heat and let the pasta water emulsify it.",6,35,,shrimp-scampi-with-zucchini-and-linguine.webp
50,Baked ziti with lean beef,Italian,765,48,69,27,"1 pound ziti or penne
1 pound lean ground beef (93/7)
1 medium yellow onion, diced (1/4-inch cubes)
4 cloves garlic, minced
1 jar (24 ounces) marinara sauce
1 can (15 ounces) crushed tomatoes
1 teaspoon dried oregano
1/2 teaspoon red pepper flakes (optional)
1 teaspoon kosher salt, plus more to taste
1/2 teaspoon black pepper
1 container (15 ounces) whole-milk ricotta
1 large egg
1/2 cup freshly grated Parmigiano-Reggiano, divided
1/4 cup fresh basil leaves, chopped, plus more for serving
2 cups shredded low-moisture mozzarella, divided","1. Mise en place: Dice the onion into 1/4-inch cubes (dice = small even cubes). Mince the garlic. Shred the mozzarella from a block if possible — it melts into creamy sheets instead of the grainy melt of bagged shreds. Preheat the oven to 375°F. Lightly oil a 9x13-inch baking dish. Put a large pot of salted water on to boil.
2. Brown the beef: Heat a large skillet over medium-high heat. Add the ground beef and break into crumbles. Cook 6 to 8 minutes, letting it sit undisturbed for the first couple of minutes to develop brown crust, until no pink remains. Drain off any excess fat.
3. Build the sauce: Add the onion to the beef and cook 4 minutes until soft. Stir in the garlic, oregano, and red pepper flakes; cook 1 minute until fragrant. Pour in the marinara and crushed tomatoes, add the salt and pepper, and simmer 10 minutes, stirring occasionally, until slightly thickened. Taste — it should be rich and savory.
4. Cook the pasta: Boil the ziti until 2 minutes SHY of al dente — it will finish cooking in the oven, and fully cooked pasta turns to mush after baking. Drain (do not rinse).
5. Mix the ricotta filling: In a bowl, stir the ricotta, egg, half the Parmigiano, and the chopped basil until smooth. The egg is the binder that keeps the ricotta creamy instead of grainy after baking. Season with a pinch of salt and pepper.
6. Assemble: Spread 1 cup of meat sauce in the baking dish. Add half the ziti, dollop half the ricotta mixture over it in spoonfuls, and sprinkle with 1 cup of mozzarella. Repeat the layers: remaining ziti, remaining ricotta, 1 cup sauce, then the last of the sauce over the top. Finish with the remaining 1 cup mozzarella and the rest of the Parmigiano.
7. Bake: Cover with foil and bake 20 minutes. Uncover and bake 15 to 20 minutes more, until the cheese is melted, golden-brown in spots, and the sauce bubbles at the edges. For extra browning, broil 1 to 2 minutes at the end — watch it constantly, cheese goes from golden to burnt fast.
8. Rest and serve: Let the ziti rest 10 to 15 minutes before cutting — this is what lets you serve neat squares instead of a slide of pasta. Top with fresh basil.
9. Storage: Refrigerate covered up to 4 days. Reheat covered with foil at 350°F for 20 minutes, or microwave portions until steaming. Freezes excellently up to 3 months — assemble, cool, wrap tightly, and bake from thawed, adding 10 minutes.
Common mistakes:
- Fully cooking the pasta first: it bakes another 35 minutes and turns to mush. Pull it 2 minutes early, every time.
- Skipping the rest: cut too soon and the layers collapse into soup. Ten minutes of patience gives clean slices.
- Bagged mozzarella: the anti-caking starch prevents that glorious melted sheet. Grate a block — it takes two minutes.",6,55,,baked-ziti-with-lean-beef.webp
51,Minestrone with white beans,Italian,370,14,51,7,"2 tablespoons olive oil, plus more for serving
1 large yellow onion, diced (1/4-inch cubes)
2 large carrots, diced (1/4-inch cubes)
2 celery stalks, diced (1/4-inch cubes)
4 cloves garlic, minced
1 teaspoon dried Italian seasoning
1/2 teaspoon red pepper flakes (optional)
1 can (28 ounces) crushed tomatoes
6 cups low-sodium vegetable broth
2 cans (15 ounces each) cannellini beans, drained and rinsed
1 Parmigiano-Reggiano rind (optional, but it adds wonderful depth)
1 cup dry ditalini or other small pasta
1 medium zucchini, diced (1/2-inch cubes)
2 cups chopped kale leaves, tough stems removed
1 teaspoon kosher salt, plus more to taste
1/2 teaspoon black pepper
1/2 cup freshly grated Parmigiano-Reggiano, for serving","1. Mise en place: Dice the onion, carrots, and celery into 1/4-inch cubes — even pieces cook evenly and look right in the spoon. Mince the garlic. Dice the zucchini a little larger (1/2-inch) since it goes in later. Strip the kale leaves from their tough stems and chop them. Drain and rinse the beans. Measure everything else. There is no single authentic minestrone — it is Italy's ""whatever the garden gives"" soup — so neat, even cuts are what make it look intentional.
2. Build the base: Heat the olive oil in a large pot or Dutch oven over medium heat. Add the onion, carrot, and celery with a pinch of salt. Cook 8 to 10 minutes, stirring occasionally, until soft and sweet-smelling and the onion is translucent. This slow start is the flavor of the whole soup — do not rush it on high heat.
3. Bloom the aromatics: Stir in the garlic, Italian seasoning, and red pepper flakes. Cook 1 minute until fragrant. Pour in the crushed tomatoes and cook 3 minutes, stirring, until the tomato darkens slightly and smells sweet instead of sharp.
4. Simmer: Add the vegetable broth, drained beans, and the Parmigiano rind if using. Bring to a boil, then reduce to a gentle simmer. Cook 15 minutes so the flavors marry. The broth should taste savory and tomato-rich.
5. Pasta and vegetables: Stir in the ditalini and diced zucchini. Simmer 8 minutes, then add the chopped kale and simmer 4 to 5 minutes more, until the pasta is al dente and the kale is tender but still bright green. If the soup gets too thick — the pasta keeps drinking broth — add hot water or broth 1/2 cup at a time. Minestrone should be brothy, not stew-like.
6. Finish: Fish out the Parmigiano rind. Season with the salt and pepper, tasting as you go. A squeeze of lemon is not traditional, but a drizzle of your best olive oil over each bowl absolutely is.
7. Serve: Ladle into warm bowls, top with grated Parmigiano-Reggiano and a thread of olive oil. Crusty bread alongside is mandatory in spirit.
8. Storage: Refrigerate up to 4 days. Note: the pasta will keep absorbing broth overnight — store with extra broth or add water when reheating. For best texture, some cooks store the soup and cook fresh pasta to add per bowl. Freezes well up to 3 months (the zucchini softens a bit; still delicious).
Common mistakes:
- Mushy, blown-out pasta: it keeps cooking in the hot soup. Cook it just to al dente and expect it to soften as it sits.
- Under-seasoned broth: 6 cups of broth plus unsalted beans needs confident salting. Taste at the end, not just at the start.
- High-heat boiling: a rolling boil turns the vegetables to mush and clouds the broth. A gentle simmer keeps every piece distinct.",6,50,,minestrone-with-white-beans.webp
52,Margherita flatbread with chicken,Italian,475,50,29,17,"3 large store-bought flatbreads or naan (about 10-inch)
1 1/2 pounds boneless, skinless chicken breasts
2 tablespoons olive oil, divided, plus more for brushing
1 teaspoon kosher salt, divided
1/2 teaspoon black pepper
1 teaspoon garlic powder
1 1/2 cups pizza sauce or crushed San Marzano tomatoes
12 ounces fresh mozzarella, sliced 1/4-inch thick and patted dry
2 cups cherry tomatoes, halved
1 cup fresh basil leaves
1/4 cup freshly grated Parmigiano-Reggiano (optional)","1. Mise en place: Pat the mozzarella slices dry with paper towels and let them sit on the towels — fresh mozzarella holds a lot of water, and wet cheese is the number one cause of soggy flatbread. Halve the cherry tomatoes. Slice or tear the basil at the end (it bruises if done early). Preheat the oven to 475°F with a large baking sheet or pizza stone inside — a screaming-hot surface crisps the bottom.
2. Cook the chicken: Pound the chicken breasts to even thickness (about 3/4 inch) so they cook evenly — cover with plastic wrap and pound the thick end gently with a pan or mallet. Rub with 1 tablespoon olive oil, 1/2 teaspoon salt, pepper, and garlic powder. Sear in a hot skillet 5 to 6 minutes per side until golden and 165°F inside. Rest 5 minutes, then slice thinly across the grain.
3. Crisp the flatbreads: Brush the flatbreads lightly with olive oil on both sides. Bake directly on the hot baking sheet 3 to 4 minutes until the edges just start to crisp and color. This pre-bake is what keeps the sauce from soaking through.
4. Top: Spread 1/2 cup of sauce on each flatbread, leaving a 1/2-inch border. Arrange the dried mozzarella slices, then the chicken slices and halved cherry tomatoes. Do not overload — too many toppings steam the crust instead of crisping it. Sprinkle with the remaining salt and Parmigiano if using.
5. Bake: Return to the 475°F oven for 8 to 10 minutes, until the cheese is melted with golden spots and the crust edges are deep golden and crisp. The tomatoes should look roasted and jammy.
6. Finish and serve: Scatter fresh basil over the top, drizzle with a thread of olive oil, and let rest 2 minutes. Cut each flatbread in half — one half per person — and serve immediately while the cheese is still stretchy.
7. Storage: Refrigerate leftovers up to 3 days. Reheat in a 400°F oven or toaster oven 8 to 10 minutes to re-crisp — the microwave makes the crust rubbery. Not recommended for freezing (fresh mozzarella turns watery).
Common mistakes:
- Wet mozzarella: skip the patting-dry step and you get a puddle on top of a soggy crust. Dry the slices well.
- Cold oven or cold pan: flatbread needs fierce bottom heat to crisp. Preheat the baking sheet with the oven.
- Overloading toppings: restraint is what separates crisp flatbread from a floppy mess. Less is more.",6,30,,margherita-flatbread-with-chicken.webp
53,Lemon garlic salmon with quinoa,Mediterranean,620,42,36,29,"6 salmon fillets, 6 ounces each (about 2 1/4 pounds total), skin on or off
2 cups dry quinoa, rinsed
4 cups water or low-sodium chicken broth
3 tablespoons olive oil, divided
6 cloves garlic, minced
Zest and juice of 2 lemons
1 teaspoon dried oregano
1 teaspoon kosher salt, plus more to taste
1/2 teaspoon black pepper
1/4 cup fresh parsley, chopped
Lemon wedges, for serving","1. Mise en place: Rinse the quinoa in a fine-mesh strainer under cold water for 30 seconds — this washes away its natural bitter coating (saponin). Mince the garlic. Zest the lemons first (grate only the yellow part, not the bitter white pith), then juice them. Chop the parsley. Pat the salmon fillets very dry with paper towels and check for pin bones by running a fingertip along the flesh — pull any you find with tweezers.
2. Cook the quinoa: Combine the rinsed quinoa and 4 cups water or broth in a saucepan with 1/2 teaspoon salt. Bring to a boil, reduce to low, cover, and simmer 15 minutes until the water is absorbed and you see tiny spirals (the germ) curling from each grain. Remove from heat, keep covered, and rest 5 minutes. Fluff with a fork — never stir quinoa with a spoon or it turns gummy.
3. Season the salmon: Rub the fillets all over with 1 tablespoon of the olive oil, then season with the salt, pepper, oregano, and half the lemon zest. Let them sit at room temperature 10 to 15 minutes while the pan heats — cold fish hitting a hot pan seizes and cooks unevenly.
4. Sear: Heat the remaining 2 tablespoons olive oil in a large skillet over medium-high heat until shimmering but not smoking. Lay the fillets in presentation-side down (the side that will face up on the plate) and press gently for 10 seconds so the fish makes full contact. Cook 4 to 5 minutes without moving until deeply golden and the fish releases easily.
5. Flip and finish: Flip carefully, add the minced garlic to the pan around the fish, and cook 2 to 3 minutes more. The salmon is done when it flakes gently with a fork and reads 145°F at the thickest point — the center can still look slightly translucent; it finishes cooking as it rests. In the last 30 seconds, pour the lemon juice around (not over) the fish and swirl the pan so it mixes with the garlicky oil.
6. Serve: Spoon quinoa into wide bowls, set a fillet on top, and spoon the lemon-garlic pan juices over everything. Shower with parsley, the remaining lemon zest, and serve with lemon wedges.
7. Storage: Refrigerate up to 3 days in a sealed container. Reheat gently — covered in a 275°F oven for 10 to 12 minutes, or eat cold over salad. Microwaving on high dries salmon out fast. Quinoa keeps 5 days refrigerated and reheats perfectly with a splash of water.
Common mistakes:
- Overcooking: salmon goes from silky to chalky quickly. Pull it at 145°F; carryover heat does the rest.
- Wet fish in the pan: moisture steams instead of sears. Pat fillets thoroughly dry for that golden crust.
- Bitter quinoa: skipping the rinse leaves the bitter saponin coating on. Thirty seconds under water fixes it.",6,35,,lemon-garlic-salmon-with-quinoa.webp
54,Mediterranean chicken and chickpea sheet pan,Mediterranean,625,35,43,29,"2 pounds boneless, skinless chicken thighs, cut into 1 1/2-inch pieces
2 cans (15 ounces each) chickpeas, drained, rinsed, and patted dry
1 1/2 pounds baby potatoes, halved
1 large red onion, cut into wedges
1 pint cherry tomatoes
1 lemon, half juiced and half cut into wedges
1/4 cup olive oil
4 cloves garlic, minced
2 tablespoons dried oregano
1 teaspoon smoked paprika
1 1/2 teaspoons kosher salt
1/2 teaspoon black pepper
4 ounces feta cheese, crumbled
1/2 cup Kalamata olives
1/4 cup fresh parsley, chopped","1. Mise en place: Cut the chicken into 1 1/2-inch pieces — even pieces cook evenly. Halve the baby potatoes (quarter any large ones so all pieces are similar size). Cut the onion into wedges through the root so the layers hold together. Drain, rinse, and PAT THE CHICKPEAS DRY with towels — this is the secret to crispy roasted chickpeas; wet chickpeas steam. Mince the garlic. Preheat the oven to 425°F. Line a large rimmed baking sheet with parchment for easy cleanup.
2. Season: In a large bowl, toss the chicken, potatoes, onion wedges, and dried chickpeas with the olive oil, garlic, oregano, paprika, salt, pepper, and lemon juice. Mix thoroughly with your hands — every piece should be glistening and evenly coated with spices.
3. Arrange the pan: Spread everything in a single layer on the baking sheet with space between pieces. Crowding is the enemy — if pieces touch, they steam instead of roast. Use two pans if needed; it is worth it.
4. Roast: Roast 25 minutes, then add the cherry tomatoes and lemon wedges to the pan (they need less time). Roast 12 to 15 minutes more, until the chicken reads 165°F inside, the potatoes are golden and easily pierced with a fork, and the chickpeas are crisp and nutty. The tomatoes should be blistered and jammy.
5. Finish: Scatter the crumbled feta and olives over the hot pan — the feta softens slightly from the residual heat. Shower with chopped parsley.
6. Serve: Serve family-style right from the pan, or divide among plates with the lemon wedges for squeezing. The roasted lemon wedges caramelize and their juice is sweeter than fresh — encourage squeezing.
7. Storage: Refrigerate up to 4 days. Reheat in a 400°F oven 10 minutes to re-crisp the potatoes and chickpeas (the microwave makes them soggy). Add fresh feta after reheating.
Common mistakes:
- Wet chickpeas: the number one reason they come out soft instead of crisp. Dry them thoroughly.
- A crowded pan: overlapping pieces steam. Give everything breathing room, even if it means a second pan.
- Adding tomatoes too early: they turn to mush over the full roast. They only need the last 12 to 15 minutes.",6,50,,mediterranean-chicken-and-chickpea-sheet-pan.webp
55,Greek lemon chicken orzo soup,Greek,300,42,25,7,"1 1/2 pounds boneless, skinless chicken breasts
8 cups low-sodium chicken broth
1 cup dry orzo pasta
3 large eggs, at room temperature
Juice of 3 lemons (about 1/3 cup), plus wedges for serving
2 carrots, diced (1/4-inch cubes)
2 celery stalks, diced (1/4-inch cubes)
1 small yellow onion, diced
4 cloves garlic, minced
2 bay leaves
1 teaspoon kosher salt, plus more to taste
1/2 teaspoon black pepper
1/4 cup fresh dill, chopped, for serving
2 tablespoons olive oil","1. Mise en place: Dice the carrot, celery, and onion into 1/4-inch cubes. Mince the garlic. Juice the lemons. Set the eggs out now — room-temperature eggs are much less likely to scramble when tempered. Chop the dill. This soup moves fast at the end, so have everything ready.
2. Poach the chicken: In a large pot, bring the chicken broth, bay leaves, and a pinch of salt to a gentle simmer. Add the whole chicken breasts and poach 12 to 15 minutes at a bare simmer (small bubbles, never a rolling boil) until they read 165°F inside. Lift out to a plate; keep the broth warm.
3. Soften the vegetables: Add the olive oil, onion, carrot, and celery to the broth. Simmer 8 minutes until tender. Stir in the garlic and cook 1 minute.
4. Cook the orzo: Add the orzo directly to the soup and simmer 8 to 9 minutes, stirring occasionally so it does not stick, until just al dente. The orzo will keep absorbing broth — the soup should look slightly brothy at this stage.
5. Shred the chicken: While the orzo cooks, shred the chicken into bite-size pieces with two forks. Return it to the pot.
6. Temper the eggs (the critical step): In a bowl, whisk the eggs with the lemon juice until smooth and frothy. Now temper: ladle 1 cup of the HOT broth into the egg mixture, whisking constantly — this gently raises the eggs' temperature. Repeat with a second cup of hot broth, still whisking. The mixture should feel warm, not hot. Now pour the warmed egg mixture back into the pot in a slow stream, stirring constantly. Heat over LOW for 2 to 3 minutes, stirring, until the soup thickens slightly and turns silky and opaque. DO NOT let it boil — boiling scrambles the eggs into sad little curds.
7. Season and serve: Remove from heat. Season with salt and pepper — the lemon needs salt to shine. Ladle into warm bowls, top with fresh dill, and serve with lemon wedges. The soup should be creamy-looking but contain no cream — that silkiness is the egg-lemon emulsion.
8. Storage: Refrigerate up to 3 days. The orzo will absorb broth overnight — loosen with water or broth when reheating, and reheat gently over low heat without boiling (boiling breaks the emulsion). Freezing is not recommended; the egg-thickened broth turns grainy when thawed.
Common mistakes:
- Boiling after adding the eggs: the single fastest way to ruin avgolemono. Once the eggs are in, low heat only, and never a bubble.
- Skipping the tempering: pouring cold eggs straight into hot soup gives you egg-drop soup, not silky avgolemono. Warm the eggs with hot broth first, whisking the whole time.
- Cold eggs from the fridge: they are far more likely to curdle. Set them out when you start cooking.",6,45,,greek-lemon-chicken-orzo-soup.webp
56,Spinach feta stuffed chicken,Greek,345,63,3,17,"6 boneless, skinless chicken breasts (6 to 7 ounces each, about 2 1/2 pounds total)
1 package (10 ounces) frozen chopped spinach, thawed
6 ounces feta cheese, crumbled
3 cloves garlic, minced
1/4 cup sun-dried tomatoes in oil, drained and chopped
1 teaspoon dried oregano
Zest of 1 lemon
1/2 teaspoon kosher salt, plus more to taste
1/2 teaspoon black pepper
2 tablespoons olive oil
Toothpicks, for securing","1. Mise en place: Thaw the spinach completely, then squeeze it DRY — grab handfuls and wring them out over the sink until no more water drips. Wet spinach makes a watery filling that leaks everywhere. Mince the garlic. Chop the sun-dried tomatoes. Zest the lemon (yellow part only). Crumble the feta. Preheat the oven to 400°F. Lightly oil a baking dish.
2. Make the filling: In a bowl, mix the squeezed spinach, feta, garlic, sun-dried tomatoes, oregano, lemon zest, 1/4 teaspoon salt, and 1/4 teaspoon pepper. Taste a pinch — it should be bright, salty, and garlicky. The feta brings the salt, so go easy.
3. Butterfly the chicken: Lay a breast flat on the board. With a sharp knife, slice horizontally through the thickest part, stopping 1/2 inch from the far edge — like opening a book. Open it flat. Cover with plastic wrap and pound gently to an even 1/2-inch thickness, especially the thick end. Even thickness means even cooking; a fat end with a thin end gives you dry edges and a raw middle.
4. Stuff and secure: Spoon about 1/3 cup of filling onto one half of each butterflied breast, leaving a 1/2-inch border. Fold the other half over and press the edges to seal. Secure with 2 to 3 toothpicks through the seam — push them in at an angle so they hold. Rub the outside with olive oil and season with the remaining salt and pepper.
5. Sear: Heat a large oven-safe skillet over medium-high heat until hot. Sear the stuffed breasts 2 to 3 minutes per side until golden brown. Searing first gives you color the oven alone cannot.
6. Bake: Transfer the skillet to the 400°F oven and bake 15 to 18 minutes, until the thickest part of the chicken (not the filling) reads 165°F on an instant-read thermometer. If your skillet is not oven-safe, move the breasts to the prepared baking dish first.
7. Rest: Transfer to a cutting board and rest 5 minutes — the juices settle back into the meat. Remove the toothpicks (count them: you put in 2 to 3 per breast, take the same number out). Slice each breast into 3 to 4 medallions to show off the spiral of green and white filling.
8. Serve: Arrange the slices slightly overlapping on warm plates. The pan juices spooned over the top are delicious — do not waste them.
9. Storage: Refrigerate up to 3 days. Reheat covered in a 350°F oven 12 to 15 minutes until warmed through; the microwave works but softens the seared exterior. Freezes well up to 2 months.
Common mistakes:
- Wet spinach: the filling leaks and steams the chicken from inside. Squeeze until it is genuinely dry.
- Cutting all the way through when butterflying: stop 1/2 inch short or the filling falls out the side. If you do cut through, just overlap the pieces — toothpicks forgive a lot.
- Forgetting toothpicks at the table: count them going in and coming out, and warn your eaters.",6,45,,spinach-feta-stuffed-chicken.webp
57,Moussaka-style beef and eggplant bake,Greek,640,34,25,42,"2 large eggplants (about 2 pounds total), sliced into 1/2-inch rounds
3 tablespoons olive oil, plus more for the dish
1 1/2 teaspoons kosher salt, divided
1 1/2 pounds ground beef (85/15)
1 large yellow onion, diced (1/4-inch cubes)
4 cloves garlic, minced
1 can (15 ounces) crushed tomatoes
1/2 cup dry red wine
1 teaspoon ground cinnamon
1/2 teaspoon ground allspice
1 teaspoon dried oregano
2 bay leaves
1/2 teaspoon black pepper
For the béchamel:
4 tablespoons unsalted butter
1/3 cup all-purpose flour
3 cups whole milk, warmed
2 large eggs, beaten
1/2 cup freshly grated Parmigiano-Reggiano or kefalotyri
1/4 teaspoon freshly grated nutmeg
1/2 teaspoon kosher salt","1. Mise en place: Slice the eggplant into 1/2-inch rounds — too thin and they disintegrate, too thick and they stay spongy. Dice the onion. Mince the garlic. Measure the cinnamon and allspice — these warm spices are the signature of Greek moussaka, distinguishing it from Italian eggplant bakes. Warm the milk in a saucepan or microwave (warm milk makes lump-free béchamel). Preheat the oven to 425°F.
2. Roast the eggplant: Toss the slices with the olive oil and 1 teaspoon salt. Arrange in a single layer on two baking sheets. Roast 20 to 25 minutes, flipping once, until golden brown and completely tender — a fork should slide through with no resistance. Under-roasted eggplant stays spongy and watery in the finished dish; fully roasted eggplant is creamy. Set aside and reduce the oven to 375°F.
3. Brown the meat: While the eggplant roasts, heat a large skillet over medium-high heat. Add the beef and cook 6 to 8 minutes, breaking it up, until deeply browned. Drain excess fat, leaving about a tablespoon.
4. Build the sauce: Add the onion to the beef and cook 5 minutes until soft. Stir in the garlic, cinnamon, allspice, and oregano; cook 1 minute until fragrant — your kitchen should smell warm and sweetly spiced. Pour in the red wine and scrape up the browned bits; simmer 2 minutes. Add the crushed tomatoes, bay leaves, remaining 1/2 teaspoon salt, and pepper. Simmer 15 minutes until thick — drag a spoon across the bottom and it should leave a brief trail. Remove the bay leaves. The sauce should be thick, not soupy, or the bake will be watery.
5. Make the béchamel: Melt the butter in a saucepan over medium heat. Whisk in the flour and cook 2 minutes, whisking constantly, until it smells toasty (this cooks out the raw flour taste). Slowly pour in the warm milk, whisking constantly to prevent lumps. Bring to a gentle simmer, whisking, until thick enough to coat the back of a spoon, 4 to 5 minutes. Remove from heat. Whisk a ladleful of the hot sauce into the beaten eggs (tempering, so they do not scramble), then whisk the egg mixture back into the saucepan. Stir in the cheese, nutmeg, and salt. The béchamel should be thick, smooth, and pourable.
6. Assemble: Lightly oil a 9x13-inch baking dish. Layer half the eggplant slices, then all of the meat sauce, then the remaining eggplant. Pour the béchamel evenly over the top and smooth it with a spatula.
7. Bake: Bake at 375°F for 35 to 40 minutes, until the top is deep golden brown with darker spots and the edges bubble. If the top browns too fast, tent loosely with foil.
8. Rest — non-negotiable: Let the moussaka rest 20 to 30 minutes before cutting. Hot from the oven it is molten; rested, it sets into clean, distinct layers. Cut into squares with a sharp knife, wiping the blade between cuts.
9. Storage: Refrigerate up to 4 days — like lasagna, it is even better reheated on day 2. Reheat covered at 350°F for 20 minutes. Freezes well up to 3 months.
Common mistakes:
- Watery eggplant: salting alone is not enough — roasting until fully tender drives the moisture out. Pale, firm eggplant makes a soggy bake.
- Thin meat sauce: if the sauce is soupy going in, the whole dish weeps. Simmer until genuinely thick.
- Cutting too soon: twenty minutes of rest is the difference between elegant layers and a slumped pile. Plan for it.",6,105,,moussaka-style-beef-and-eggplant-bake.webp
58,Kung pao chicken,Chinese,590,33,34,30,"2 pounds boneless, skinless chicken thighs, cut into 3/4-inch cubes
2 tablespoons soy sauce
1 tablespoon Shaoxing wine
2 teaspoons cornstarch
1 teaspoon toasted sesame oil
For the sauce:
3 tablespoons Chinese black vinegar (Chinkiang)
2 tablespoons soy sauce
1 tablespoon sugar
1 teaspoon cornstarch
2 tablespoons water
For the stir-fry:
3 tablespoons peanut oil, divided
8 to 10 dried red chiles, snipped in half (shake out the seeds for less heat)
1 tablespoon Sichuan peppercorns
4 cloves garlic, sliced
1 tablespoon fresh ginger, minced
4 scallions, cut into 1-inch pieces (white and green separated)
3/4 cup roasted unsalted peanuts
4 cups cooked jasmine rice, for serving","1. Mise en place: Cut the chicken into even 3/4-inch cubes — uniform pieces cook at the same rate in a screaming-hot wok. Toss with the soy sauce, Shaoxing wine, cornstarch, and sesame oil; marinate 15 minutes while you prep. Stir the sauce ingredients together in a small bowl until the sugar and cornstarch dissolve. Snip the chiles in half with scissors. Slice the garlic, mince the ginger, cut the scallions (keep white and green parts in separate piles). Measure the peanuts. Stir-frying gives you no time to chop once the heat is on — everything must be within arm's reach.
2. Understand the flavor: Real Sichuan gong bao is a balance of numbing (the peppercorns), hot (the chiles), sour (black vinegar), and sweet (sugar). It is NOT a gloppy sweet sauce — the sauce should lightly glaze the chicken, not pool.
3. Bloom the spices: Heat a wok or large skillet over HIGH heat until it just starts to smoke. Add 2 tablespoons peanut oil, then the dried chiles and Sichuan peppercorns. Stir-fry 30 seconds until the chiles darken slightly and the air smells intensely fragrant — you may cough; that means it is working. Do not walk away: burnt chiles turn bitter in seconds.
4. Sear the chicken: Add the chicken in a single layer. Let it sit 1 minute to sear, then stir-fry 4 to 5 minutes until golden at the edges and cooked through (165°F inside, or cut one open — no pink). Add the garlic, ginger, and scallion whites; stir-fry 30 seconds until fragrant.
5. Sauce and finish: Give the sauce bowl a quick re-stir (cornstarch settles) and pour it around the edges of the wok. It will bubble and thicken almost instantly into a glossy glaze coating every piece — about 1 minute. Toss in the peanuts and scallion greens and stir 30 seconds more. The peanuts go in LAST so they stay crunchy; added earlier they turn soggy.
6. Serve: Immediately over steamed jasmine rice. Serve fast — this dish waits for no one.
7. Storage: Refrigerate up to 3 days. Reheat in a hot skillet for 2 to 3 minutes to revive the texture; the microwave makes the peanuts soft. The numbing heat mellows overnight.
Common mistakes:
- A crowded, cool wok: chicken steams gray instead of searing golden. High heat, single layer, and work in batches if your pan is small.
- Burning the chiles: 30 seconds of blooming is plenty. Black chiles mean bitter chicken — when in doubt, pull them early.
- Drowning it in sauce: authentic kung pao is glazed, not swimming. The sauce should just coat — if yours pools, you added too much or did not let it reduce that final minute.",6,40,Sichuan,kung-pao-chicken.webp
59,Orange chicken (baked),American,620,32,70,17,"2 pounds boneless, skinless chicken thighs, cut into 1 1/2-inch chunks
1 cup all-purpose flour
1/2 cup cornstarch
2 large eggs, beaten
1 teaspoon kosher salt
1/2 teaspoon black pepper
3 tablespoons vegetable oil, for the rack
For the orange sauce:
1 cup fresh orange juice (about 3 oranges)
Zest of 2 oranges (strips of peel, no white pith)
1/3 cup sugar
1/4 cup soy sauce
1/4 cup unseasoned rice vinegar
2 tablespoons cornstarch mixed with 2 tablespoons cold water (slurry)
4 cloves garlic, minced
1 tablespoon fresh ginger, grated
1 teaspoon toasted sesame oil
1/2 teaspoon red pepper flakes (optional)
For serving: 4 cups cooked jasmine rice; 4 scallions, sliced; 1 tablespoon sesame seeds","1. Mise en place: Cut the chicken into 1 1/2-inch chunks — even pieces crisp evenly. Beat the eggs in a shallow bowl. Mix the flour, cornstarch, salt, and pepper in a second shallow bowl. Mince the garlic, grate the ginger, zest and juice the oranges. Stir the sauce ingredients EXCEPT the cornstarch slurry together in a saucepan (keep it off the heat for now). Preheat the oven to 425°F. Set a wire rack inside a rimmed baking sheet and brush the rack with the vegetable oil — the rack lets hot air crisp all sides instead of steaming the bottoms.
2. A note on authenticity: Orange chicken is Chinese-American, invented at Panda Express in 1987 — you will not find it in China. This baked version keeps the glossy sweet-tangy glaze with a fraction of the frying oil.
3. Coat the chicken: Working a few pieces at a time, dip the chicken in beaten egg, let the excess drip off, then dredge in the flour-cornstarch mixture, pressing firmly so the coating adheres. Shake off the excess and arrange on the oiled rack with space between pieces.
4. Bake until crisp: Bake 18 to 20 minutes, flipping once halfway, until the coating is golden, crisp, and the chicken reads 165°F inside. The coating will look dry and crunchy — that is exactly right; the sauce comes later.
5. Make the sauce: While the chicken bakes, bring the orange juice, zest strips, sugar, soy sauce, vinegar, garlic, ginger, and pepper flakes to a boil over medium-high heat. Reduce to a simmer and cook 5 minutes until slightly syrupy and the sharp vinegar smell mellows. Stir the cornstarch slurry (it settles — re-stir), pour it in while whisking, and simmer 1 to 2 minutes until the sauce turns glossy and thick enough to coat the back of a spoon. Remove from heat and stir in the sesame oil. Fish out the zest strips.
6. Glaze — at the last minute: Put the hot crispy chicken in a large bowl, pour over JUST enough sauce to glaze (about 1 to 1 1/2 cups — you may have extra), and toss quickly. Tossing too early or with too much sauce makes the crust soggy; this step happens seconds before serving.
7. Serve: Over jasmine rice, topped with sliced scallions and sesame seeds. Serve the extra sauce on the side for drizzling.
8. Storage: Refrigerate chicken and sauce separately up to 3 days — stored sauced, the coating goes soft. Reheat chicken in a 400°F oven 8 to 10 minutes to re-crisp, warm the sauce in a saucepan, and toss together fresh.
Common mistakes:
- Saucing too early: the crispy coating starts softening the second it meets sauce. Bake the chicken, make the sauce, toss — in that order, right before eating.
- A pale, soft coating: caused by a crowded rack or skipping the flip. Space the pieces out and flip once for all-over crunch.
- Cornstarch slurry dumped in unstirred: it seizes into lumps. Re-stir the slurry and pour it in while whisking the simmering sauce.",6,55,Chinese-American,orange-chicken-baked.webp
60,Mapo tofu with pork,Chinese,380,21,33,18,"2 blocks (14 ounces each) soft or medium tofu, cut into 3/4-inch cubes
1/2 pound ground pork
3 tablespoons doubanjiang (Sichuan chili bean paste)
2 tablespoons douchi (fermented black beans), roughly chopped
1 tablespoon Sichuan peppercorns, toasted and ground
4 cloves garlic, minced
1 tablespoon fresh ginger, minced
2 tablespoons vegetable oil
2 cups low-sodium chicken stock
2 teaspoons cornstarch mixed with 2 tablespoons cold water
2 tablespoons chili oil, plus more for serving
4 scallions, thinly sliced
4 cups cooked jasmine rice, for serving","1. Mise en place: Cut the tofu into 3/4-inch cubes and set aside — handle gently; soft tofu breaks if manhandled. Chop the douchi roughly. Mince the garlic and ginger. Toast the Sichuan peppercorns in a dry skillet 1 to 2 minutes until fragrant, then grind in a spice grinder or mortar — freshly ground has far more numbing power than pre-ground. Stir the cornstarch slurry. Slice the scallions. Have the rice cooking.
2. Know the dish: Mapo tofu was created in Chengdu in 1862 by Chen Mapo — ""pockmarked old woman."" The defining sensation is málà: the numbing tingle of Sichuan peppercorn plus the heat of chiles. It should make your lips buzz, not just burn.
3. Brown the pork: Heat the vegetable oil in a wok or large skillet over medium-high heat. Add the ground pork and cook 4 to 5 minutes, breaking it into fine crumbles, until browned and the fat renders. This rendered pork fat carries the flavor of the whole dish.
4. Fry the pastes: Reduce the heat to medium. Add the doubanjiang and chopped douchi. Stir-fry 2 minutes until the oil turns brilliant red and smells deeply savory — frying the bean paste in fat (rather than just stirring it into liquid) is what gives mapo its signature flavor. Add the garlic and ginger; cook 30 seconds until fragrant.
5. Braise the tofu: Pour in the chicken stock and bring to a simmer. Gently slide in the tofu cubes. Simmer 5 minutes, nudging (not stirring hard) so the tofu absorbs flavor without breaking. The cubes should look like they are floating in a red, savory broth.
6. Thicken: Re-stir the cornstarch slurry and drizzle it in while gently stirring. Simmer 1 to 2 minutes until the sauce thickens enough to cling to the tofu — it should coat, not swim. If it looks thin, add a little more slurry; if too thick, a splash of stock.
7. Finish: Drizzle over the chili oil and sprinkle with the ground Sichuan peppercorns and scallions. Give one gentle fold. Serve immediately over jasmine rice — the contrast of cool-ish rice against the tingling hot tofu is the whole pleasure of the dish.
8. Storage: Refrigerate up to 3 days. The tofu firms up a bit but reheats fine — warm gently in a saucepan, not a hard boil, which shatters the cubes. The numbing spice mellows overnight; refresh with a pinch of ground peppercorns when reheating.
Common mistakes:
- Using firm or extra-firm tofu: authentic mapo uses soft tofu with a custardy texture that contrasts the sauce. Firm tofu makes it taste like a generic stir-fry.
- Skipping the paste-frying step: doubanjiang stirred raw into broth tastes harsh and one-dimensional. Two minutes fried in pork fat transforms it.
- Fear of the peppercorns: the numbing tingle IS the dish. Start with 2 teaspoons ground if you are cautious, but do not skip them — without málà it is just spicy tofu.",6,35,Sichuan,mapo-tofu-with-pork.webp
61,Sesame ginger beef noodles,Chinese,570,40,57,18,"1 1/2 pounds flank steak
2 tablespoons soy sauce, divided
1 tablespoon cornstarch
1 tablespoon Shaoxing wine
1 pound lo mein noodles or spaghetti
1/4 cup soy sauce (for the sauce)
3 tablespoons toasted sesame oil
2 tablespoons oyster sauce
1 tablespoon sugar
1/4 cup water
3 tablespoons fresh ginger, grated (about a 3-inch piece)
4 cloves garlic, minced
2 tablespoons neutral oil (avocado or vegetable), divided
8 ounces snap peas
4 scallions, cut into 2-inch pieces
1 tablespoon sesame seeds, for serving","1. Mise en place: Slice the flank steak AGAINST the grain into thin strips, about 1/4-inch thick — look for the long muscle fibers and cut across them; with flank, this is the difference between tender and chewy. Pro tip: freeze the steak 20 minutes first and it slices paper-thin with ease. Toss the strips with 2 tablespoons soy sauce, cornstarch, and Shaoxing wine; set aside 15 minutes (this light velveting keeps the beef silky). Grate the ginger, mince the garlic, cut the scallions. Stir the sauce (1/4 cup soy, sesame oil, oyster sauce, sugar, water) in a bowl until the sugar dissolves.
2. Cook the noodles: Boil the noodles until just al dente. Drain, rinse briefly under cold water to stop the cooking (cold rinse keeps stir-fried noodles from turning gummy), and toss with 1 teaspoon of the neutral oil so they do not clump.
3. Sear the beef: Heat a wok or large skillet over HIGH heat until smoking. Add 1 tablespoon neutral oil and half the beef in a single layer. Sear 1 minute undisturbed, then stir-fry 1 to 2 minutes until just browned at the edges but still pink inside — it finishes cooking later. Remove to a plate. Repeat with the remaining beef. Do not crowd: steamed gray beef is the enemy.
4. Bloom ginger and garlic: In the same hot wok, add the remaining 1 tablespoon oil, the grated ginger, and garlic. Stir-fry 30 seconds until intensely fragrant — the ginger should smell sharp and warm, not burnt.
5. Vegetables and noodles: Add the snap peas and scallions; stir-fry 2 minutes until bright green and crisp-tender (they should still snap). Add the noodles and the sauce; toss 2 minutes until the noodles absorb the sauce and everything is glossy.
6. Finish: Return the beef and any juices to the wok. Toss 1 minute more — just enough to heat through. The beef should still be juicy; overcooking now makes it tough.
7. Serve: Divide among warm bowls and shower with sesame seeds. Serve immediately — sesame noodles wait for no one.
8. Storage: Refrigerate up to 3 days. Reheat in a hot skillet with a splash of water to loosen; the microwave works but the beef toughens slightly. The ginger flavor actually deepens overnight.
Common mistakes:
- Slicing with the grain: flank's long fibers turn to shoe leather if cut parallel. Always slice across the fibers.
- Overcooking the beef twice: it cooks in the sear AND in the final toss. Pull it from the sear while still pink inside.
- Gummy noodles: caused by skipping the cold rinse and the toss in oil. Both take 30 seconds and prevent one sad clump.",6,40,,sesame-ginger-beef-noodles.webp
62,Chicken katsu with cabbage,Japanese,675,64,78,16,"6 boneless, skinless chicken breasts (about 2 1/2 pounds total)
1 cup all-purpose flour
3 large eggs, beaten
3 cups panko breadcrumbs
1 teaspoon kosher salt, plus more to taste
1/2 teaspoon black pepper
2 cups neutral oil (vegetable or avocado), for shallow frying
For the tonkatsu sauce:
1/2 cup ketchup
3 tablespoons Worcestershire sauce
2 tablespoons soy sauce
1 tablespoon sugar
For serving: 1/2 head green cabbage, very thinly shredded; lemon wedges; 4 cups cooked short-grain rice","1. Mise en place: Pound the chicken breasts to an even 1/2-inch thickness — cover with plastic wrap and pound the thick end gently. Even thickness is everything: a tapered breast gives you dry thin end and raw thick end. Season both sides with salt and pepper. Set up your breading station in three shallow dishes: flour in the first, beaten eggs in the second, panko in the third. Shred the cabbage as thin as you possibly can (thin shreds = the authentic fluffy katsu-side salad) and keep it cold and crisp.
2. Stir the tonkatsu sauce: Whisk the ketchup, Worcestershire, soy sauce, and sugar until smooth. Taste — it should be tangy, sweet, and savory all at once. Set aside. Real tonkatsu sauce is a Japanese-style fruit-and-vegetable sauce; this quick version gets you 90% there.
3. Bread with dry hands: Working one breast at a time: coat in flour and shake off ALL excess (thick flour = gummy layer), dip in egg letting excess drip off, then press firmly into the panko, covering every spot. Press, do not sprinkle — pressure is what makes the crust stay on. Let the breaded breasts rest 5 minutes; this helps the coating set and adhere.
4. Fry: Heat the oil in a large deep skillet over medium-high heat to 350°F — use a thermometer if you have one; too cool and the crust absorbs grease, too hot and it burns before the chicken cooks. The oil should be about 1/2 inch deep. Fry 2 to 3 breasts at a time, 3 to 4 minutes per side, until deep golden brown and 165°F inside. Do not move them for the first 2 minutes — the crust needs to set.
5. Drain and rest: Transfer to a wire rack (not paper towels — a rack keeps the bottom crust crisp) and rest 3 to 5 minutes. Resting lets the juices redistribute so they do not flood out when you slice. Season lightly with salt while hot.
6. Slice and serve: Slice each breast crosswise into 3/4-inch strips — the classic katsu presentation shows the juicy interior against the golden crust. Serve over or beside rice with a mound of shredded cabbage, lemon wedges, and tonkatsu sauce drizzled over or on the side for dipping.
7. Storage: Refrigerate up to 3 days. Reheat in a 400°F oven on a rack 10 minutes to re-crisp — never microwave katsu unless you enjoy soggy breading. The cabbage is best fresh; shred it day-of.
Common mistakes:
- Uneven chicken thickness: the single biggest katsu failure. Pound to 1/2 inch everywhere.
- Wrong oil temperature: below 325°F the panko drinks oil and turns greasy; above 375°F it burns. A thermometer removes all guesswork.
- Slicing immediately: cut too soon and the juices run out, leaving dry chicken and a soggy crust. Five minutes of rest.",6,45,,chicken-katsu-with-cabbage.webp
63,Beef and veggie yakisoba,Japanese,460,27,52,10,"1 pound beef sirloin, sliced very thin
12 ounces dry yakisoba noodles (or ramen/Chinese wheat noodles)
3 tablespoons tonkatsu sauce (such as Bull-Dog)
2 tablespoons oyster sauce
1 tablespoon soy sauce
1 tablespoon ketchup
1 teaspoon sugar
1/2 head green cabbage, thinly sliced (about 4 cups)
2 carrots, julienned (cut into thin matchsticks)
1 large yellow onion, thinly sliced
8 ounces bean sprouts
4 scallions, sliced
2 tablespoons neutral oil, divided
Pickled red ginger (beni shoga), for serving (optional)","1. Mise en place: Slice the beef as thin as you can — 20 minutes in the freezer firms it up for paper-thin slicing. Julienne the carrots (julienne = thin matchsticks, about 2 inches long). Thinly slice the cabbage, onion, and scallions. Stir the sauce ingredients (tonkatsu sauce, oyster sauce, soy sauce, ketchup, sugar) in a small bowl until the sugar dissolves. Cook the noodles until just al dente, drain, rinse under cold water, and toss with 1 teaspoon oil. Yakisoba moves at lightning speed once the wok is hot — everything prepped and within reach is mandatory.
2. Know the dish: Despite the name (""soba"" usually means buckwheat), yakisoba uses wheat noodles — it is Japanese festival-stall food, sweet-savory and cooked screaming hot. The goal is lightly charred noodles with a glossy sauce, not steamed soft noodles.
3. Sear the beef: Heat a wok or your largest skillet over HIGH heat until smoking. Add 1 tablespoon oil and the beef in a single layer. Sear 1 to 2 minutes, tossing once, until browned but still pink inside. Remove to a plate immediately — it finishes later.
4. Char the vegetables: In the same ripping-hot wok, add the remaining 1 tablespoon oil, then the onion and carrots. Stir-fry 2 minutes until the edges start to char. Add the cabbage and stir-fry 2 to 3 minutes until wilted but still bright with some bite — you want texture, not mush. The slight char is the festival-stall flavor.
5. Noodles and sauce: Add the noodles and pour the sauce over everything. Toss and stir-fry 2 to 3 minutes, letting the noodles sit undisturbed for 30-second stretches so they pick up golden charred spots. The sauce should reduce to a glossy coat, not a puddle.
6. Finish: Return the beef and add the bean sprouts and scallions. Toss 1 minute more — the sprouts should stay crunchy. Taste: it should be sweet, tangy, and deeply savory. Serve immediately in warm bowls with pickled red ginger on top if you like its sharp contrast.
7. Storage: Refrigerate up to 3 days. Reheat in a hot skillet with a splash of water — the microwave turns the noodles mushy. Bean sprouts do not revive well; add fresh ones when reheating if you are particular.
Common mistakes:
- A lukewarm wok: yakisoba needs violent heat for char and wok hei. If your stove is weak, cook in two batches rather than one crowded, steamy one.
- Overcooked vegetables: cabbage should keep some crunch. Two to three minutes is plenty at proper heat.
- Too much sauce: it should glaze, not drown. If your noodles are swimming, keep tossing over high heat until it reduces to a shine.",6,35,,beef-and-veggie-yakisoba.webp
64,Miso salmon with bok choy,Japanese,625,39,37,27,"6 salmon fillets, 6 ounces each (about 2 1/4 pounds total)
1/2 cup white miso paste (shiro miso)
3 tablespoons mirin
2 tablespoons sake
1 tablespoon sugar
2 pounds baby bok choy, halved lengthwise
2 tablespoons neutral oil, divided
2 cloves garlic, minced
1 tablespoon soy sauce
1 teaspoon toasted sesame oil
4 cups cooked short-grain rice, for serving
Sesame seeds, for serving","1. Mise en place: Whisk the miso, mirin, sake, and sugar in a bowl until completely smooth — this is a saikyo-style marinade, named for Kyoto's sweet white miso. Halve the bok choy lengthwise and rinse well (grit hides between the leaves). Mince the garlic. Pat the salmon dry and check for pin bones.
2. Marinate: Coat the salmon fillets all over with the miso mixture. Cover and refrigerate 30 minutes to 2 hours. The miso both seasons and tenderizes. Do not marinate longer than 2 hours — miso is salty and the texture suffers.
3. Wipe, don't rinse: Remove the salmon from the marinade and WIPE OFF the excess with paper towels, leaving only a thin film. This is the critical saikyo-yaki technique — miso burns easily under the broiler, and a thick coat turns black and bitter before the fish cooks through. A thin film caramelizes into a beautiful glaze.
4. Broil the salmon: Position an oven rack 6 inches from the broiler and preheat the broiler on high. Line a baking sheet with foil and oil it lightly. Arrange the fillets skin-side down. Broil 8 to 10 minutes, until the top is caramelized golden-brown in spots and the fish reads 145°F at the thickest point and flakes gently. Do not flip — the broiler's top heat does all the work.
5. Sear the bok choy: While the salmon broils, heat 2 tablespoons neutral oil in a large skillet over high heat. Add the bok choy cut-side down in a single layer. Sear 2 minutes undisturbed until deeply golden. Flip, add the garlic, and cook 2 minutes more. Add the soy sauce and 2 tablespoons water, cover, and steam 1 to 2 minutes until the stems are crisp-tender — a knife should slide in with slight resistance. Drizzle with sesame oil.
6. Serve: Spoon rice into bowls, top with bok choy and a salmon fillet. Spoon any caramelized miso juices from the pan over the top and shower with sesame seeds.
7. Storage: Refrigerate up to 3 days. Reheat gently in a 275°F oven 10 minutes; the microwave dries salmon quickly. Bok choy is best fresh but reheats acceptably.
Common mistakes:
- Leaving thick miso on the fish: it burns black under the broiler. Wipe to a thin film — you still get full flavor.
- Over-marinating: past 2 hours the fish gets too salty and the texture turns soft. Thirty minutes is enough for great flavor.
- Soggy bok choy: caused by a crowded pan or too much water. Sear cut-side down first for color, then just a splash of water to finish.",6,40,,miso-salmon-with-bok-choy.webp
65,Bibimbap,Korean,625,32,50,21,"1 pound beef sirloin, sliced very thin
3 tablespoons soy sauce
2 tablespoons toasted sesame oil, divided, plus 3 tablespoons for the vegetables
1 tablespoon sugar
4 cloves garlic, minced, divided
1/2 teaspoon black pepper
8 ounces fresh spinach
2 carrots, julienned (thin matchsticks)
1 pound bean sprouts
8 ounces shiitake mushrooms, sliced
1 medium zucchini, julienned
6 large eggs
6 tablespoons gochujang (Korean chili paste)
2 tablespoons toasted sesame oil (for the sauce)
1 tablespoon sugar (for the sauce)
1 tablespoon rice vinegar
2 tablespoons water
4 1/2 cups cooked short-grain rice, hot
1 tablespoon sesame seeds, for serving","1. Mise en place: Slice the beef paper-thin (20 minutes in the freezer helps). Julienne the carrots and zucchini (julienne = thin matchsticks). Slice the shiitakes. Whisk the gochujang sauce (gochujang, 2 tablespoons sesame oil, 1 tablespoon sugar, vinegar, water) until smooth — taste it: it should be spicy, sweet, and tangy. You will cook each vegetable separately — this is the heart of bibimbap; each namul (seasoned vegetable) keeps its own color, texture, and flavor instead of turning into a muddy mix.
2. Marinate the beef: Toss the beef with the soy sauce, 2 tablespoons sesame oil, 1 tablespoon sugar, half the garlic, and black pepper. Set aside 15 minutes.
3. Cook the namul, one by one: Heat a skillet over medium-high heat with 1 teaspoon sesame oil per batch. Spinach: 1 minute until just wilted — squeeze out excess water and season with a pinch of salt. Bean sprouts: blanch in boiling salted water 2 minutes, drain, shock under cold water, squeeze dry, season with sesame oil, salt, and a pinch of garlic. Carrots: stir-fry 2 minutes until crisp-tender, pinch of salt. Zucchini: stir-fry 2 minutes, pinch of salt. Shiitakes: stir-fry 3 minutes with a splash of soy sauce until golden. Set each in its own pile — the separate colors are the visual signature of the dish.
4. Cook the beef: In the same hot skillet, stir-fry the marinated beef 2 to 3 minutes until browned and cooked through.
5. Crisp the rice (dolsot style, optional but wonderful): Heat 1 teaspoon sesame oil in each of 6 small cast-iron skillets or one large one over medium-high heat until very hot. Press hot rice into the bottom in an even layer and let it sit 2 to 3 minutes until the bottom turns golden and crisp — you will hear it crackle. (No cast iron? Serve over rice in regular bowls; still delicious, just without the crunch.)
6. Fry the eggs: Fry 6 eggs sunny-side up in a lightly oiled skillet — set whites, runny yolks. The yolk becomes part of the sauce when mixed.
7. Assemble: Arrange the rice in bowls (or leave in the hot skillets), then arrange the beef and each vegetable in neat separate wedges over the rice — the rainbow presentation matters. Crown with a fried egg, drizzle generously with gochujang sauce, and shower with sesame seeds.
8. Serve: Bring to the table and MIX vigorously at the table — the egg yolk, gochujang, and crispy rice bits combine into the actual dish. Bibimbap is not eaten unmixed.
9. Storage: Store components separately up to 3 days. Reheat rice and toppings in a hot skillet to revive crispness; fry eggs fresh. Mixed leftovers keep 2 days but lose their textural magic.
Common mistakes:
- Cooking all vegetables together: you get a gray, muddy pile. Separate cooking is non-negotiable for real bibimbap.
- Skipping the crispy rice: the crunchy bottom (nurungji) is the soul of dolsot bibimbap. A ripping-hot oiled pan is all it takes.
- Being shy with gochujang sauce: under-sauced bibimbap tastes bland. It should be thoroughly coated and rust-red when mixed.",6,75,Jeonju,bibimbap.webp
66,Korean spicy chicken (dak bulgogi),Korean,605,37,48,22,"2 1/2 pounds boneless, skinless chicken thighs, cut into 1 1/2-inch pieces
1/2 cup gochujang (Korean chili paste)
3 tablespoons soy sauce
2 tablespoons honey
2 tablespoons toasted sesame oil
6 cloves garlic, minced
1 tablespoon fresh ginger, grated
2 tablespoons rice wine (mirin) or water
1 teaspoon black pepper
2 large yellow onions, sliced into half-moons
4 scallions, cut into 2-inch pieces
1 tablespoon sesame seeds
4 1/2 cups cooked short-grain rice, for serving","1. Mise en place: Cut the chicken thighs into 1 1/2-inch pieces — thighs stay juicy under high heat; breasts dry out in this preparation. Mince the garlic, grate the ginger, slice the onions into half-moons, cut the scallions. Stir the marinade (gochujang, soy sauce, honey, sesame oil, garlic, ginger, rice wine, pepper) in a large bowl until smooth. Taste a dab — it should be boldly spicy-sweet; gochujang brands vary, so adjust honey up or sugar down to your heat tolerance.
2. Marinate: Add the chicken to the marinade and mix thoroughly with your hands, massaging it into every piece. Cover and refrigerate at least 1 hour and up to overnight. The gochujang needs time to penetrate — 15 minutes gives you surface flavor only.
3. Sear in batches: Heat a large skillet or grill pan over medium-high heat until hot. Add the chicken in a single layer WITHOUT wiping off the marinade (the marinade IS the sauce). Let it sit 2 to 3 minutes to develop charred, caramelized spots — the sugars in the gochujang and honey char beautifully — then stir-fry 5 to 6 minutes total. Work in two batches if needed; crowding steams the chicken and the marinade never caramelizes.
4. Add the onions: When the second batch is nearly done, add all the sliced onions and scallions to the pan. Stir-fry 3 to 4 minutes until the onions soften and pick up charred edges and the chicken reads 165°F inside. The onions sweeten and balance the heat.
5. Glaze: Let the sauce reduce 1 to 2 minutes, tossing, until it thickens into a sticky, glossy coat clinging to every piece. If it looks thin, keep it over the heat; if too thick, a splash of water.
6. Serve: Shower with sesame seeds and serve immediately over hot short-grain rice. The rice is essential — it tempers the heat and soaks up the glaze. Lettuce leaves for wrapping are a welcome addition.
7. Storage: Refrigerate up to 4 days. Reheat in a hot skillet to revive the caramelized edges; the microwave is fine but softens the char. The flavor deepens overnight — excellent in lunch boxes.
Common mistakes:
- Using chicken breast: it dries out under the high-heat charring this dish needs. Thighs are the correct cut.
- A short marinade: gochujang is thick and needs at least an hour to season the meat through. Overnight is even better.
- Crowding the pan: the marinade must caramelize, not steam. Two batches beats one soggy one every time.",6,45,,korean-spicy-chicken-dak-bulgogi.webp
67,Pad thai with chicken,Thai,675,45,80,20,"1 pound flat rice noodles (about 1/4-inch wide)
1 1/2 pounds boneless, skinless chicken breast, sliced very thin
6 tablespoons tamarind paste (seedless)
1/3 cup fish sauce
1/3 cup palm sugar (or light brown sugar)
3 large eggs, beaten
8 ounces bean sprouts, divided
6 garlic chives or scallions, cut into 2-inch pieces
2 shallots, thinly sliced
4 tablespoons neutral oil, divided
1/2 cup roasted peanuts, crushed
Lime wedges, for serving
Chili flakes, for serving","1. Mise en place: Slice the chicken as thin as possible — partially freezing it for 20 minutes makes this easy. Soak the rice noodles in hot tap water 20 to 30 minutes until pliable but still firm — they should bend without snapping but NOT be fully soft; they finish cooking in the wok. (Never boil flat rice noodles for pad thai; they turn to mush.) Drain well. Stir the sauce (tamarind paste, fish sauce, palm sugar) until the sugar dissolves — taste it: it should hit sour, salty, and sweet in that order, bold enough to season a whole pan of noodles. Beat the eggs. Crush the peanuts. Cut the chives. Everything within arm's reach — pad thai cooks in minutes.
2. Sear the chicken: Heat a wok or your largest skillet over HIGH heat until smoking. Add 2 tablespoons oil and the chicken in a single layer. Sear 2 to 3 minutes, tossing once, until just cooked through. Remove to a plate.
3. Soften the shallots: In the same hot wok, add 1 tablespoon oil and the shallots. Stir-fry 1 minute until fragrant and just golden.
4. Noodles and sauce: Add the drained noodles and pour the sauce over them. Toss and stir-fry 3 to 4 minutes, letting the noodles sit undisturbed for 30-second stretches so they absorb the sauce and pick up lightly charred spots. They should turn from pale to a deep amber and become fully tender — if they are still stiff, add 2 to 3 tablespoons of water and keep tossing.
5. The egg ribbon: Push the noodles to the sides, add the remaining 1 tablespoon oil to the center, and pour in the beaten eggs. Let them set 30 seconds, then scramble gently into soft curds and fold through the noodles — you want distinct golden ribbons, not a uniform scramble.
6. Finish: Return the chicken to the wok. Add half the bean sprouts and the garlic chives; toss 1 minute until the sprouts are just wilted but still crunchy. Taste — adjust with more fish sauce (salt), tamarind (sour), or sugar (sweet) until all three sing.
7. Serve: Divide among warm plates. Top with the remaining raw bean sprouts (their cool crunch against the hot noodles is traditional), crushed peanuts, chili flakes, and lime wedges. Squeeze the lime over everything before eating.
8. Storage: Refrigerate up to 3 days. Reheat in a hot skillet with a splash of water to loosen — the microwave makes the noodles gummy. Add fresh bean sprouts and peanuts after reheating.
Common mistakes:
- Boiling the noodles: the classic home-cook error. Soak in hot water only; the wok finishes them.
- A timid sauce: pad thai should taste BOLD — sour, salty, sweet. If your sauce tastes ""nice and mild"" in the bowl, the finished dish will taste like nothing.
- Ketchup: it is not in authentic pad thai and never was. The color comes from tamarind and palm sugar, not a bottle.",6,45,,pad-thai-with-chicken.webp
68,Thai green curry chicken,Thai,715,30,38,34,"2 pounds boneless, skinless chicken thighs, sliced into 1/2-inch strips
2 cans (14 ounces each) coconut milk (do not shake — you need the cream separated)
4 to 5 tablespoons Thai green curry paste (start with 4; add the fifth only if you like real heat)
1 tablespoon fish sauce, plus more to taste
2 teaspoons sugar (palm sugar if you have it)
1 cup low-sodium chicken broth
8 ounces bamboo shoots, drained (or 1 small zucchini, half-moons)
4 makrut lime leaves, torn (or zest of 1 lime)
2 Thai chiles, sliced (optional, for extra heat)
1 cup Thai basil leaves, packed
4 1/2 cups cooked jasmine rice, for serving
Lime wedges, for serving","1. Mise en place: Slice the chicken thighs into 1/2-inch strips — even strips cook in the same time. Open the coconut milk WITHOUT shaking and spoon off the thick cream from the top into a bowl (about 3/4 cup); the thin milk underneath goes in a separate bowl. Tear the lime leaves. Drain the bamboo shoots. Pick the basil leaves. Stirring curry paste into cold coconut milk is fine, but the authentic technique below is better.
2. Crack the coconut cream: Heat a wok or large pot over medium-high heat. Add the thick coconut cream and the curry paste. Stir-fry 3 to 4 minutes, mashing and stirring, until the paste darkens, smells intensely fragrant, and you see red-orange oil separating and glistening around the edges. This ""cracking"" step — frying the paste in its own coconut oil — is the soul of Thai curry. If the oil never separates, your coconut milk lacked enough cream; add a tablespoon of neutral oil and keep going.
3. Build the curry: Add the chicken strips and toss to coat in the fried paste, 2 minutes. Pour in the thin coconut milk and the chicken broth. Add the fish sauce, sugar, lime leaves, and Thai chiles if using. Bring to a gentle simmer — never a hard boil, which can split coconut milk.
4. Simmer: Simmer 12 to 15 minutes until the chicken is cooked through (165°F) and tender. Add the bamboo shoots and simmer 3 minutes more. The sauce should be the consistency of heavy cream — rich enough to coat rice but still spoonable. If too thick, thin with broth; if too thin, simmer a few minutes longer.
5. Season boldly: Taste. Thai curry needs assertive seasoning: more fish sauce for saltiness and depth, more sugar to round the edges, a squeeze of lime for brightness. It should taste spicy, salty, and just sweet enough — never flat.
6. Basil at the end: Turn off the heat and stir in the Thai basil leaves. They wilt in seconds and release their anise-like perfume. Basil added earlier turns black and loses its aroma.
7. Serve: Ladle over jasmine rice in wide bowls, with lime wedges for squeezing. Fish out the lime leaves as you eat (they are too tough to chew).
8. Storage: Refrigerate up to 4 days — the flavor deepens overnight. Reheat gently over medium-low without boiling hard. Freezes well up to 2 months, though the basil is best added fresh after reheating.
Common mistakes:
- Skipping the ""crack"": dumping paste into liquid gives you a flat, one-note curry. Frying the paste in coconut cream until the oil separates builds the deep, complex flavor.
- Boiling hard: coconut milk splits and turns grainy at a rolling boil. A gentle simmer keeps it silky.
- Old curry paste: an open jar loses its punch after a few months. If your paste smells dull, use more, or buy fresh — it is the entire flavor of the dish.",6,40,,thai-green-curry-chicken.webp
69,Peanut chicken noodles,Thai,670,32,51,30,"1 1/2 pounds boneless, skinless chicken thighs, sliced into thin strips
12 ounces rice noodles (flat, 1/4-inch) or lo mein noodles
3/4 cup creamy peanut butter (natural style is fine — stir it well)
1/3 cup soy sauce
3 tablespoons unseasoned rice vinegar
2 tablespoons toasted sesame oil
2 tablespoons honey
1 tablespoon sriracha (start with 2 teaspoons for mild)
1/2 cup hot water, plus more as needed
4 cloves garlic, minced
1 tablespoon fresh ginger, grated
2 tablespoons neutral oil, divided
2 cups shredded cabbage
2 carrots, julienned (thin matchsticks)
4 scallions, sliced
1/2 cup roasted peanuts, crushed
1/4 cup fresh cilantro leaves
Lime wedges, for serving","1. Mise en place: Slice the chicken thighs into thin strips. Julienne the carrots (julienne = thin matchsticks). Shred the cabbage, slice the scallions, crush the peanuts, chop the cilantro. Mince the garlic and grate the ginger. Whisk the sauce (peanut butter, soy sauce, vinegar, sesame oil, honey, sriracha, garlic, ginger, hot water) until smooth — it will look broken at first, then come together into a creamy sauce. It should pour like heavy cream; if too thick, whisk in hot water a tablespoon at a time.
2. A note on the dish: Peanut noodles are Thai-inspired takeout comfort rather than a classical Thai recipe — closer to the satay-sauce tradition. The technique that matters is emulsifying the sauce so it coats instead of clumping.
3. Cook the noodles: Boil until just al dente. Drain, rinse briefly under cold water, and toss with 1 teaspoon neutral oil to prevent sticking.
4. Sear the chicken: Heat 2 tablespoons neutral oil in a wok or large skillet over high heat until shimmering. Add the chicken strips in a single layer and sear 4 to 5 minutes, turning once, until golden and cooked through (165°F). Remove to a plate.
5. Wilt the vegetables: In the same hot pan, add the cabbage and carrots with a pinch of salt. Stir-fry 2 to 3 minutes until the cabbage wilts but keeps some crunch and the carrots are crisp-tender.
6. Sauce and combine: Reduce the heat to medium. Pour in the peanut sauce — it will bubble and thicken quickly. Add the noodles and chicken, tossing 2 to 3 minutes until every strand is coated and everything is heated through. If the sauce seizes or looks too thick, splash in hot water or noodle water a little at a time until it turns glossy and coats the noodles.
7. Serve: Divide among bowls. Top with crushed peanuts, scallions, cilantro, and serve with lime wedges — the lime's acidity cuts the richness and is essential, not optional.
8. Storage: Refrigerate up to 3 days. The noodles drink the sauce overnight — revive with a splash of hot water when reheating in a skillet over medium heat. Add fresh peanuts and herbs after reheating for crunch.
Common mistakes:
- A broken, oily sauce: caused by adding the sauce to a screaming-hot dry pan. Medium heat and constant tossing keep it emulsified.
- Too-thick sauce: peanut butter tightens as it sits. Thin with hot water until it pours — you can always thicken, but you cannot fix gluey noodles.
- Skipping the lime: without acid, peanut noodles taste heavy and one-note. Taste before and after lime — it transforms the dish.",6,35,,peanut-chicken-noodles.webp
70,Larb (Thai chicken salad),Thai,370,34,30,15,"2 pounds ground chicken (not chicken breast — the fat keeps it juicy)
1/3 cup uncooked sticky (glutinous) rice, for the toasted rice powder
1/3 cup fresh lime juice (about 3 limes), plus wedges for serving
1/4 cup fish sauce
2 teaspoons sugar
1 teaspoon dried chili flakes, plus more to taste
1/2 red onion, very thinly sliced
4 scallions, thinly sliced
3 Thai chiles, thinly sliced (optional)
1 cup fresh mint leaves, torn
1 cup fresh cilantro leaves, roughly chopped
2 heads butter lettuce, leaves separated
3 cups cooked sticky rice or jasmine rice, for serving","1. Mise en place: Thinly slice the red onion, scallions, and Thai chiles. Tear the mint, chop the cilantro. Juice the limes. Separate the lettuce leaves and keep them crisp in cold water, then dry. Stir the dressing (lime juice, fish sauce, sugar, chili flakes) until the sugar dissolves — taste: it should be assertively sour, salty, and hot.
2. Make the toasted rice powder (khao khua) — the soul of larb: Heat a dry skillet over medium heat. Add the uncooked sticky rice and toast 8 to 10 minutes, shaking often, until deep golden brown and smelling nutty like popcorn. Cool 5 minutes, then grind in a spice grinder or mortar to a coarse powder — some texture is good; you are not making flour. This nutty powder thickens the dressing and gives larb its unmistakable aroma. No substitutions: without it, it is not larb.
3. Cook the chicken: Heat a large skillet or wok over medium-high heat. Add the ground chicken with 2 tablespoons of water (the water helps it cook evenly without browning hard — larb chicken is steamed-soft, not browned). Break it into small crumbles and cook 6 to 8 minutes until completely cooked through with no pink remaining (165°F). Break up any large lumps — the texture should be fine and even.
4. Dress while warm: Remove from heat. While the chicken is still warm (warm meat absorbs dressing; cold meat repels it), pour over the lime-fish sauce dressing and toss. Add the toasted rice powder and toss again — it will thicken the juices into a light coating.
5. Add the fresh things: Fold in the sliced red onion, scallions, Thai chiles, mint, and cilantro. Taste and adjust boldly: more lime for sour, more fish sauce for salt, more chili for heat. Larb should taste bright and punchy, never mild.
6. Serve: Spoon into a serving bowl and bring to the table with lettuce leaves, lime wedges, and hot sticky rice. To eat: scoop larb into a lettuce cup with a bite of sticky rice — the cool lettuce, warm savory chicken, and chewy rice together are the whole point.
7. Storage: Refrigerate up to 3 days. The herbs wilt, so add fresh mint and cilantro when serving leftovers. Reheat gently or eat at room temperature — larb is traditionally served warm, not piping hot. Do not freeze (the fresh herbs and texture do not survive).
Common mistakes:
- Skipping the toasted rice powder: it is the defining ingredient. Bottled ""larb seasoning"" is a pale imitation of freshly toasted khao khua.
- Browning the chicken hard: larb is not a burger. Cook it gently with a splash of water for the traditional soft, fine texture.
- Dressing cold chicken: the flavors sit on the surface instead of soaking in. Dress it warm, every time.",6,30,,larb-thai-chicken-salad.webp
71,Cajun shrimp and sausage sheet pan,American,510,35,37,21,"1 1/2 pounds large shrimp (21/25 count), peeled and deveined
12 ounces andouille sausage, sliced into 1/2-inch coins
1 1/2 pounds baby potatoes, halved
3 ears corn, cut into 2-inch rounds
1 large yellow onion, cut into wedges
3 tablespoons olive oil
3 tablespoons Cajun seasoning (salt-free if your sausage is very salty)
4 cloves garlic, minced
1 lemon, cut into wedges
1/4 cup fresh parsley, chopped","1. Mise en place: Peel and devein the shrimp, then pat them VERY dry — moisture steams instead of roasts. Slice the andouille into 1/2-inch coins. Halve the baby potatoes (quarter any large ones so all pieces match). Cut the corn into 2-inch rounds — a sharp heavy knife and firm pressure; steady the ear with a towel. Cut the onion into wedges through the root. Mince the garlic. Preheat the oven to 425°F. Line a large rimmed baking sheet with parchment.
2. Roast the sturdy vegetables first: In a large bowl, toss the potatoes, corn, and onion with 2 tablespoons of the olive oil, 2 tablespoons of the Cajun seasoning, and half the garlic. Spread in a single layer on the baking sheet with space between pieces. Roast 20 minutes — these need a head start because shrimp cook in minutes.
3. Season the proteins: While the vegetables roast, toss the dried shrimp and andouille coins with the remaining 1 tablespoon olive oil, 1 tablespoon Cajun seasoning, and remaining garlic. Taste your Cajun seasoning first — andouille is already salty and spicy, so if your blend is salt-heavy, use less here.
4. Add to the pan: Remove the baking sheet from the oven. Scatter the shrimp and sausage over and around the vegetables in a single layer. The shrimp should not be piled on each other or they steam.
5. Finish roasting: Return to the oven 8 to 10 minutes, until the shrimp are pink, curled into loose C shapes, and opaque through the center (cut one open to check — no gray translucency). The sausage coins should be browned at the edges and the potatoes easily pierced with a fork.
6. Serve: Squeeze the lemon wedges over everything — the acid cuts the richness of the sausage — and shower with chopped parsley. Serve family-style right from the pan with crusty bread for the garlicky pan juices.
7. Storage: Refrigerate up to 3 days. Reheat in a 400°F oven 8 to 10 minutes; microwaving makes the shrimp rubbery. Shrimp do not freeze well once cooked.
Common mistakes:
- Adding the shrimp at the start: 30 minutes in the oven turns shrimp to rubber bands. They need only the last 8 to 10 minutes.
- Wet shrimp: moisture on the surface steams them pale instead of roasting them with caramelized edges. Pat thoroughly dry.
- A crowded pan: overlapping pieces steam. Use two pans if everything does not fit in a single layer.",6,45,Louisiana,cajun-shrimp-and-sausage-sheet-pan.webp
72,Jambalaya,American,640,40,52,25,"1 pound boneless, skinless chicken thighs, cut into 1-inch pieces
12 ounces andouille sausage, sliced into 1/2-inch coins
3/4 pound large shrimp, peeled and deveined (optional but classic)
2 tablespoons vegetable oil
2 large yellow onions, diced (1/2-inch cubes)
1 green bell pepper, diced (see note in steps)
3 celery stalks, diced
4 cloves garlic, minced
2 cups long-grain white rice
1 can (14.5 ounces) diced tomatoes, undrained
2 tablespoons tomato paste
3 1/2 cups low-sodium chicken broth
3 tablespoons Creole or Cajun seasoning
2 bay leaves
1 teaspoon dried thyme
4 scallions, sliced, for serving
Hot sauce, for serving","1. Mise en place: Cut the chicken into 1-inch pieces. Slice the andouille. Peel and devein the shrimp; pat dry and refrigerate until needed. Dice the onion, bell pepper, and celery — this trio is the Holy Trinity of Louisiana cooking, the base of nearly every Cajun and Creole dish. Mince the garlic. Measure the rice, broth, and seasonings. Not a fan of bell pepper? A diced poblano, or an extra rib of celery plus 1 minced jalapeño, works in the trinity's place.
2. Brown the meats: Heat the oil in a large Dutch oven over medium-high heat. Brown the andouille coins 4 to 5 minutes until the edges crisp and the fat renders — that spicy orange fat is liquid flavor. Remove with a slotted spoon. Add the chicken pieces, season with 1 tablespoon of the Creole seasoning, and brown 5 to 6 minutes until golden. Remove and set aside with the sausage.
3. Build the trinity: In the same pot with the rendered fat, add the onion, bell pepper, and celery with a pinch of salt. Cook 8 to 10 minutes, stirring, until soft, sweet, and just starting to brown at the edges. Stir in the garlic, tomato paste, and remaining Creole seasoning; cook 2 minutes until the tomato paste darkens and smells sweet.
4. Add rice and liquid: Stir in the rice, coating every grain in the seasoned fat — this toasting step keeps the grains distinct. Pour in the diced tomatoes with their juice and the chicken broth. Add the bay leaves and thyme. Return the chicken and sausage to the pot and stir once.
5. The hands-off simmer: Bring to a boil, then reduce to the lowest simmer, cover tightly, and cook 20 minutes. DO NOT lift the lid or stir — stirring releases starch and turns jambalaya gummy, and lifting the lid lets the steam escape that the rice needs.
6. Add the shrimp: After 20 minutes, quickly lay the shrimp over the top, cover immediately, and cook 5 to 7 minutes more until the shrimp are pink and the rice is tender. Rest covered, off the heat, 10 minutes — the rice finishes steaming and firms up.
7. Serve: Remove the bay leaves. Fluff gently with a fork (never stir vigorously). The rice should be moist and flavorful, each grain separate, never mushy or soupy. Serve in wide bowls topped with sliced scallions, with hot sauce at the table.
8. Storage: Refrigerate up to 4 days. Reheat with a splash of broth in a covered skillet over medium-low heat to re-steam the rice. Freezes well up to 3 months.
Common mistakes:
- Stirring after the lid goes on: the number one jambalaya sin. Stir once when the liquid goes in, then hands off until it is done.
- Wrong rice-to-liquid ratio: too much liquid gives soup; too little gives crunch. Two cups of rice to 3 1/2 cups broth plus the tomato juice is the ratio — measure, do not eyeball.
- Adding shrimp too early: they need only the last few minutes. Added at the start they turn to rubber.",6,60,Louisiana,jambalaya.webp
73,Chicken and sausage gumbo,American,830,31,43,51,"3/4 cup all-purpose flour
3/4 cup vegetable oil
1 1/2 pounds boneless, skinless chicken thighs, cut into 1-inch pieces
12 ounces andouille sausage, sliced into 1/2-inch coins
2 large yellow onions, diced
1 green bell pepper, diced (see note in steps)
3 celery stalks, diced
6 cloves garlic, minced
6 cups low-sodium chicken broth, warmed
3 tablespoons Cajun seasoning (salt-free preferred)
1 teaspoon dried thyme
2 bay leaves
8 ounces sliced okra (optional, traditional thickener)
4 cups cooked long-grain white rice, for serving
4 scallions, sliced, for serving
Filé powder, for serving (optional)","1. Mise en place: Dice the onion, bell pepper, and celery — the Holy Trinity. (Not a fan of bell pepper? Substitute a diced poblano, or an extra celery rib plus 1 minced jalapeño.) Mince the garlic. Cut the chicken, slice the sausage. Warm the chicken broth in a saucepan — adding cold broth to a hot roux can seize it. Measure the flour and oil. Making gumbo is a commitment: once the roux starts, you stir for 30-plus minutes without walking away.
2. Make the roux — the heart of gumbo: Heat the oil in a large heavy Dutch oven over medium heat until shimmering. Whisk in the flour until smooth. Now stir — constantly, with a flat wooden spatula, scraping the bottom and corners — for 30 to 45 minutes. The roux will move through stages: pale blonde (5 min), peanut butter (15 min), copper penny (25 min), to dark chocolate (35 to 45 min). You want dark chocolate — the color of an old penny or milk chocolate — which gives gumbo its deep, nutty, complex flavor. It will smell like toasted nuts and coffee. If you see black specks or smell acrid burning, it is ruined — throw it out and start over; there is no saving a burnt roux. Lower the heat if it is darkening too fast. This is not the step to rush.
3. Add the trinity: Stir the diced onion, bell pepper, and celery directly into the hot roux. It will sizzle and steam dramatically — this is supposed to happen, and it stops the roux from cooking further. Cook 6 to 8 minutes, stirring, until the vegetables soften.
4. Build the gumbo: Stir in the garlic, Cajun seasoning, and thyme; cook 1 minute. Pour in the WARM broth a little at a time, stirring constantly — it will look broken and lumpy at first, then come together into a smooth, rich brown liquid as you stir. Add the bay leaves. Bring to a gentle simmer.
5. Add the meats: Stir in the chicken pieces and andouille. Simmer gently, partially covered, 45 minutes to 1 hour, until the chicken is completely tender. Skim any oil or foam from the surface halfway through. If using okra, add it for the last 20 minutes — it thickens and adds the traditional slippery-savory texture (if okra's texture bothers you, leave it out; the roux alone thickens fine).
6. Season: Remove the bay leaves. Taste and adjust — Cajun seasoning blends vary wildly in salt, so add salt only at the end, 1/4 teaspoon at a time. The gumbo should taste deeply savory, dark, and complex, with a slow-building warmth.
7. Serve: Ladle the gumbo into wide bowls OVER a scoop of rice — gumbo is always served on rice, never with rice on the side. Top with sliced scallions. Pass filé powder at the table for those who want it (a traditional sassafras thickener, sprinkled on individual bowls, never boiled in the pot).
8. Storage: Refrigerate up to 5 days — gumbo is famously better on day 2. Reheat gently to steaming. Freezes superbly up to 3 months (freeze without rice; cook fresh rice to serve).
Common mistakes:
- A burnt roux: black specks or an acrid smell mean start over. There is no fix. Keep the heat at medium, stir constantly, and lower the heat rather than rushing.
- Walking away from the roux: 30 to 45 minutes of stirring is the price of admission. Put on music or a podcast and commit.
- Adding cold broth to hot roux: it seizes into lumps. Warm the broth first and add it gradually while stirring.",6,120,Louisiana,chicken-and-sausage-gumbo.webp
74,Blackened chicken with dirty rice,American,650,70,49,26,"6 boneless, skinless chicken breasts (about 2 1/2 pounds total)
3 tablespoons paprika
2 tablespoons garlic powder
2 tablespoons onion powder
1 tablespoon dried thyme
1 tablespoon dried oregano
2 teaspoons cayenne pepper (use 1 teaspoon for mild)
2 teaspoons black pepper
1 tablespoon kosher salt
4 tablespoons unsalted butter, melted
For the dirty rice:
3/4 pound ground pork
2 cups long-grain white rice
3 1/2 cups low-sodium chicken broth
1 large yellow onion, finely diced
1 green bell pepper, finely diced (see note in steps)
2 celery stalks, finely diced
4 cloves garlic, minced
2 tablespoons Cajun seasoning
3 scallions, sliced
2 tablespoons fresh parsley, chopped","1. Mise en place: Pound the chicken breasts to even 3/4-inch thickness. Stir all the blackening spices together in a bowl — paprika, garlic powder, onion powder, thyme, oregano, cayenne, black pepper, salt. Finely dice the onion, bell pepper, and celery for the dirty rice (not a fan of bell pepper? use a poblano, or extra celery plus a jalapeño). Mince the garlic. Melt the butter. Turn on your range hood fan to HIGH and open a window — blackening creates real smoke; this is normal, but ventilation is not optional.
2. Make the dirty rice: In a large pot or Dutch oven over medium-high heat, brown the ground pork 6 to 8 minutes, breaking it into fine crumbles, until no pink remains and the edges crisp. (Traditional dirty rice uses chicken livers — if you are adventurous, replace half the pork with 8 ounces finely minced chicken livers, added with the pork.) Add the onion, bell pepper, and celery; cook 6 minutes until soft. Stir in the garlic and Cajun seasoning; cook 1 minute until fragrant.
3. Cook the rice in the flavor: Stir the rice into the pork mixture, coating the grains in the seasoned fat. Pour in the chicken broth, bring to a boil, reduce to low, cover, and simmer 18 minutes without lifting the lid. Rest covered 10 minutes, then fluff with a fork. The rice should be speckled brown from the pork and seasoning — that ""dirty"" look is the point. Stir in the scallions and parsley.
4. Coat the chicken: While the rice cooks, dip each chicken breast in the melted butter, then press firmly into the spice mixture, coating thickly on both sides. Really pack it on — the spice crust IS the dish.
5. Blacken: Heat a large cast-iron skillet over HIGH heat until it is screaming hot — 5 full minutes, until it just starts to smoke. Lay in the chicken (work in batches; do not crowd). Cook 3 to 4 minutes per side without moving — the spices char into a dark, almost-black crust. This is not burnt; the charred spice crust is the entire technique, invented by Chef Paul Prudhomme in New Orleans in the 1980s. The chicken is done at 165°F inside.
6. Rest and serve: Rest the chicken 5 minutes. Slice each breast on a bias into strips to show the juicy interior against the blackened crust. Serve over a generous scoop of dirty rice.
7. Storage: Refrigerate chicken and rice separately up to 4 days. Reheat chicken gently in a 350°F oven 10 minutes (the microwave softens the crust). The spice crust does not fully re-crisp, but the flavor holds.
Common mistakes:
- A timid pan: blackening needs violent heat. If the skillet is not smoking hot, the spices just get dusty instead of charring into a crust.
- No ventilation: this technique makes serious smoke. Range hood on high, window open, smoke detector aware — or do it on a grill burner outside.
- Confusing char with burnt: the crust should be very dark brown to black and taste smoky-spicy, never acrid. If it tastes bitter, the heat was too high or the spices sat too long — 3 to 4 minutes per side is the window.",6,55,Louisiana,blackened-chicken-with-dirty-rice.webp
75,Pulled chicken sandwiches,American,730,46,53,26,"3 pounds boneless, skinless chicken thighs
2 tablespoons brown sugar
1 tablespoon paprika
1 tablespoon garlic powder
1 tablespoon onion powder
2 teaspoons kosher salt
1 teaspoon black pepper
1 teaspoon mustard powder
1 cup low-sodium chicken broth
1 1/4 cups barbecue sauce, plus more for serving
6 brioche buns
For the slaw:
4 cups shredded green cabbage (about 1/2 head)
1/3 cup mayonnaise
2 tablespoons apple cider vinegar
1 tablespoon sugar
1/2 teaspoon kosher salt
1/4 teaspoon black pepper","1. Mise en place: Stir the rub (brown sugar, paprika, garlic powder, onion powder, salt, pepper, mustard powder) in a small bowl. Shred the cabbage thinly for the slaw. Whisk the slaw dressing (mayo, vinegar, sugar, salt, pepper) — it should taste tangy-sweet with a creamy body. Toss the cabbage with the dressing and refrigerate at least 30 minutes so it softens slightly and the flavors marry.
2. Season the chicken: Pat the chicken thighs dry. Rub the spice mixture all over every piece, massaging it in. Use thighs, not breasts — thighs have the fat and connective tissue to stay juicy through hours of slow cooking; breasts dry out and turn stringy.
3. Slow cook: Place the chicken in a slow cooker in an even layer. Pour the chicken broth around (not over) the chicken — you want moist heat, not boiled meat. Cover and cook on LOW 4 to 5 hours (or HIGH 2 1/2 to 3 hours) until the chicken shreds effortlessly with a fork and reads 195 to 205°F. That higher-than-usual temperature is correct — connective tissue melts into juiciness between 195 and 205°F, which is why pulled meats go past 165.
4. Shred: Transfer the chicken to a large bowl or board. Using two forks, pull it into shreds — not mush, distinct juicy strands. Discard any large pieces of fat.
5. Sauce: Skim the fat from the slow-cooker juices, then pour about 1/2 cup of the juices into a saucepan with the barbecue sauce. Simmer 3 minutes until slightly thickened. Toss the shredded chicken with JUST enough sauce to coat glossy — about 1 cup. Drowning it makes soggy sandwiches; serve extra sauce at the table.
6. Toast the buns: Butter the cut sides of the brioche buns and toast in a dry skillet over medium heat 1 to 2 minutes until golden. A toasted bun is structural — it resists the juicy chicken instead of disintegrating.
7. Assemble: Pile a generous mound of pulled chicken on each bottom bun, top with a tangle of slaw (the cool crunch against the warm smoky chicken is essential), and cap with the top bun. Serve immediately with extra barbecue sauce and napkins — lots of napkins.
8. Storage: Refrigerate chicken (unsauced is best) and slaw separately up to 4 days. Reheat chicken in a covered skillet over medium-low heat with a splash of broth, then toss with warm sauce. Slaw keeps 3 days but softens. Pulled chicken freezes excellently up to 3 months.
Common mistakes:
- Using chicken breasts: they lack the fat for long cooking and shred into dry strings. Thighs are non-negotiable for juicy pulled chicken.
- Drowning in sauce: sauce should gloss the meat, not pool. Add gradually and serve extra on the side.
- Skipping the bun toast: an untoasted soft bun turns to paste under juicy chicken within minutes. Two minutes in a skillet fixes it.",6,270,Southern US,pulled-chicken-sandwiches.webp
76,Oven fried chicken with green beans,American,795,41,38,39,"3 pounds bone-in, skin-on chicken thighs and drumsticks
2 cups buttermilk
1 tablespoon kosher salt, plus more for the coating
1 teaspoon hot sauce
1 1/2 cups all-purpose flour
1 1/2 cups panko breadcrumbs
2 tablespoons Cajun seasoning
1 teaspoon baking powder
1 teaspoon black pepper
3 tablespoons vegetable oil
For the green beans:
1 1/2 pounds fresh green beans, trimmed
2 tablespoons unsalted butter
3 cloves garlic, minced
1 tablespoon fresh lemon juice
1/2 teaspoon kosher salt","1. Mise en place: Trim the green beans (snap off the stem ends). Mince the garlic. Stir the flour, panko, Cajun seasoning, baking powder, pepper, and 1 teaspoon salt in a large shallow dish. Set a wire rack inside a rimmed baking sheet — the rack is the single most important piece of equipment here; it lets hot air circulate under the chicken so the bottom crisps instead of steaming. Preheat the oven to 425°F.
2. Brine: Whisk the buttermilk, 1 tablespoon salt, and hot sauce in a large bowl. Add the chicken, turn to coat, cover, and refrigerate at least 2 hours and up to 8 hours. The buttermilk's gentle acidity tenderizes the meat and helps the coating cling. (Short on time? Even 30 minutes helps, but 2 hours is the real target.)
3. Coat: Remove the chicken from the brine, letting the excess drip off — do not wipe it dry; the damp surface is what the coating grips. Dredge each piece in the flour-panko mixture, pressing firmly on all sides. Set the coated pieces on the wire rack and rest 10 to 15 minutes. This rest lets the coating hydrate and set so it does not slide off in the oven.
4. Oil and bake: Drizzle or brush the vegetable oil evenly over the coated chicken — the oil is what fries the coating crisp in the oven's heat. Bake 35 to 45 minutes (drumsticks closer to 35, large thighs to 45), until the coating is deep golden brown and audibly crisp. Flip once halfway through for even browning.
5. Check temperature: The chicken is done when the thickest part of the thigh reads 175°F — thighs are better at 175 than 165; the extra degrees melt connective tissue into juiciness without drying. Drumsticks: 175°F as well. Rest 5 to 10 minutes so the juices settle.
6. Green beans: While the chicken rests, bring a large pot of salted water to a boil. Blanch the green beans 3 to 4 minutes until bright green and crisp-tender — they should still snap. Drain immediately. In the same pot, melt the butter over medium heat, add the garlic, and cook 30 seconds until fragrant. Toss the beans with the garlic butter, lemon juice, and salt.
7. Serve: Plate the crispy chicken with a pile of garlicky green beans. Serve hot — oven-fried chicken waits for no one.
8. Storage: Refrigerate up to 4 days. Reheat on a wire rack in a 400°F oven 10 to 12 minutes to re-crisp — the microwave destroys the crust. Freezes okay up to 2 months; re-crisp from thawed in a hot oven.
Common mistakes:
- Skipping the wire rack: chicken baked directly on the pan steams on the bottom and the coating turns gummy. The rack is mandatory.
- No brine time: un-brined oven chicken dries out. The buttermilk soak is what keeps it juicy without a fryer.
- Pulling thighs at 165°F: safe, but 175°F is where dark meat turns truly tender and succulent. Trust the higher number for thighs and legs.",6,70,Southern US,oven-fried-chicken-with-green-beans.webp
77,Meatloaf with mashed potatoes,American,805,48,56,45,"2 pounds ground beef (80/20)
1 cup panko breadcrumbs
3/4 cup whole milk
2 large eggs, beaten
1 large yellow onion, finely diced
3 cloves garlic, minced
1 tablespoon olive oil
2 tablespoons Worcestershire sauce
2 tablespoons ketchup, plus 1/2 cup for the glaze
1 tablespoon Dijon mustard
1 teaspoon dried thyme
2 teaspoons kosher salt
1 teaspoon black pepper
For the glaze:
1/2 cup ketchup
2 tablespoons brown sugar
1 tablespoon apple cider vinegar
For the mashed potatoes:
3 pounds Yukon Gold potatoes, peeled and cut into 1 1/2-inch chunks
6 tablespoons unsalted butter
3/4 cup whole milk, warmed
1 1/2 teaspoons kosher salt, plus more to taste
1/2 teaspoon black pepper","1. Mise en place: Finely dice the onion (1/4-inch cubes). Mince the garlic. Beat the eggs in a large bowl. Stir the glaze ingredients (1/2 cup ketchup, brown sugar, vinegar) in a small bowl — it should taste sweet, tangy, and bold. Peel and chunk the potatoes; put them in cold salted water (starting potatoes in cold water cooks them evenly; boiling water first gives gluey outsides and raw centers). Preheat the oven to 350°F. Line a rimmed baking sheet with parchment.
2. Make the panade: Stir the panko and 3/4 cup milk in the large bowl with the eggs and let sit 5 minutes until the crumbs absorb the milk into a thick paste. This panade is the anti-density insurance — it keeps the meatloaf tender instead of turning it into a brick.
3. Soften the aromatics: Heat the olive oil in a skillet over medium heat. Cook the onion 5 to 6 minutes until soft and translucent. Add the garlic and cook 1 minute more. Cool 5 minutes — hot onions start cooking the egg prematurely.
4. Mix gently: Add the ground beef, cooled onions, Worcestershire, 2 tablespoons ketchup, Dijon, thyme, salt, and pepper to the panade bowl. Mix with your hands JUST until combined — stop the moment no dry spots remain. Overworked meatloaf is dense and tough; a light hand is the whole technique. It should look slightly under-mixed.
5. Shape free-form: Turn the mixture onto the parchment-lined baking sheet and shape into a loaf about 9 inches long and 4 inches wide, patting gently — do not pack it tight. Free-form on a sheet pan (instead of a loaf pan) lets fat drain away and gives you browned, flavorful crust on all sides rather than a steamed gray exterior.
6. Bake and glaze: Bake 40 minutes. Brush the glaze thickly over the top and sides. Bake 20 to 25 minutes more, until the glaze is caramelized and the center reads 160°F on an instant-read thermometer. Total bake time is about 1 hour to 1 hour 5 minutes.
7. Rest: Rest the meatloaf 10 to 15 minutes before slicing — cut too soon and the juices flood the board and the slices crumble. While it rests, make the mashed potatoes.
8. Mash the potatoes: Drain the potatoes well and return them to the hot pot for 1 minute, shaking, to steam off excess water (dry potatoes absorb butter instead of turning watery). Mash with the butter first, then beat in the warm milk gradually until smooth and fluffy. Season with salt and pepper. Warm milk (not cold) keeps the potatoes fluffy; cold milk makes them gluey.
9. Serve: Cut the meatloaf into 1-inch slices with a sharp knife. Serve over or beside a swoop of mashed potatoes with extra glaze spooned over.
10. Storage: Refrigerate up to 4 days. Leftover meatloaf makes legendary sandwiches — cold slices on white bread with ketchup. Reheat slices covered in a 350°F oven 12 minutes or microwave until steaming. Freezes well up to 3 months, sliced or whole.
Common mistakes:
- Overmixing: the number one cause of dense, tough meatloaf. Mix until just combined and stop.
- A loaf pan: it traps fat and steams the meat gray. Free-form on a sheet pan gives crust and lets fat escape.
- Slicing hot: the juices have not settled and the loaf falls apart. Ten minutes of rest gives clean, juicy slices.",6,90,,meatloaf-with-mashed-potatoes.webp
78,Pot roast with carrots and potatoes,American,895,48,38,48,"1 beef chuck roast, 3 1/2 pounds
2 tablespoons vegetable oil
2 teaspoons kosher salt, plus more to taste
1 teaspoon black pepper
2 large yellow onions, quartered
6 cloves garlic, smashed
2 tablespoons tomato paste
1 cup dry red wine
3 cups low-sodium beef broth
2 bay leaves
4 sprigs fresh thyme (or 1 teaspoon dried)
2 sprigs fresh rosemary (or 1/2 teaspoon dried)
1 1/2 pounds carrots, cut into 2-inch pieces
2 pounds Yukon Gold or red potatoes, cut into 1 1/2-inch chunks","1. Mise en place: Cut the carrots into 2-inch pieces and the potatoes into 1 1/2-inch chunks — big, hearty pieces that survive hours of braising without dissolving. Quarter the onions through the root so the wedges hold together. Smash the garlic cloves with the side of your knife (smash = crush to release flavor without fine chopping). Measure the wine and broth. Preheat the oven to 300°F.
2. Season and sear: Pat the chuck roast completely dry with paper towels — moisture is the enemy of browning. Season generously on all sides with the salt and pepper. Heat the oil in a large Dutch oven over medium-high heat until shimmering. Sear the roast 4 to 5 minutes per side until deeply browned on all surfaces, including the edges (use tongs to hold it upright). You are building the flavor foundation of the entire dish — pale gray meat makes pale, thin-tasting braise. Set the roast on a plate.
3. Build the braising base: In the same pot, add the onion quarters and cook 4 minutes, stirring, until softened and picking up color. Add the smashed garlic and tomato paste; cook 2 minutes, stirring, until the tomato paste darkens to brick red and smells sweet. Pour in the red wine — it will bubble furiously — and scrape up every browned bit from the bottom with a wooden spoon. Let the wine simmer 3 minutes until the harsh alcohol smell cooks off.
4. Braise low and slow: Return the roast to the pot. Add the beef broth, bay leaves, thyme, and rosemary. The liquid should come about two-thirds up the roast — not submerging it. (Fully submerged meat boils; partially submerged meat braises in flavorful steam.) Bring to a bare simmer, cover tightly, and transfer to the 300°F oven. Cook 2 1/2 hours without peeking — every lid lift drops the temperature and adds time.
5. Add the vegetables: Nestle the carrots and potatoes around the roast, spooning some broth over them. Cover and return to the oven 1 to 1 1/2 hours more, until the beef shreds easily with a fork and the vegetables are completely tender. Total braise time: 3 1/2 to 4 hours. If the beef resists the fork, it needs more time — tough braised meat is always undercooked, never overcooked.
6. Rest and serve: Transfer the roast to a cutting board and rest 15 minutes. Meanwhile, skim excess fat from the braising liquid and taste it — reduce it on the stovetop over high heat for 5 minutes if you want a more concentrated sauce, and adjust salt. Slice or shred the beef against the grain, arrange on a platter with the carrots and potatoes, and spoon the rich pan juices over everything.
7. Storage: Refrigerate up to 4 days — pot roast is famously better on day 2 as the meat absorbs the braising liquid. Store the meat IN the liquid so it stays moist. Reheat gently in a covered pot over low heat until steaming. Freezes well up to 3 months.
Common mistakes:
- Too-hot oven: anything above 325°F boils the meat tough instead of melting it tender. 300°F and patience is the formula.
- Adding vegetables at the start: 4 hours turns carrots and potatoes to mush. They need only the last 1 to 1 1/2 hours.
- Slicing with the grain or skipping the rest: cut across the fibers after a 15-minute rest, or even perfectly braised beef eats chewy.",6,270,,pot-roast-with-carrots-and-potatoes.webp
79,Beef stew,American,730,34,35,41,"2 1/2 pounds beef chuck roast, cut into 1 1/2-inch cubes
1/3 cup all-purpose flour
2 teaspoons kosher salt, divided, plus more to taste
1 teaspoon black pepper
3 tablespoons vegetable oil, divided
1 large yellow onion, diced
3 carrots, sliced into 1/2-inch rounds (for the base)
3 celery stalks, sliced
4 cloves garlic, minced
2 tablespoons tomato paste
1 cup dry red wine
4 cups low-sodium beef broth
2 bay leaves
1 teaspoon dried thyme
1 1/2 pounds Yukon Gold potatoes, cut into 1-inch chunks
3 carrots, cut into 1-inch chunks (added later)
1 cup frozen peas","1. Mise en place: Cut the chuck into 1 1/2-inch cubes — bigger than you think; small cubes dry out over the long simmer. Trim the worst of the exterior fat but leave the marbling — it melts into richness. Dice the onion, slice the base carrots and celery, mince the garlic. Cut the potatoes and late-add carrots into hearty chunks. Toss the beef cubes with the flour, 1 teaspoon salt, and pepper until lightly coated — the flour helps browning and later thickens the stew.
2. Brown in batches — do not skip: Heat 1 tablespoon oil in a large Dutch oven over medium-high heat until shimmering. Add ONE layer of beef cubes with space between them — about a third of the meat. Sear 3 to 4 minutes per side until deeply browned on at least two sides. Transfer to a plate. Repeat twice more, adding oil as needed. Crowding the pot is the classic stew failure: the meat steams gray instead of browning, and you lose the deep flavor that browning creates. This takes 20 minutes and it is worth every one.
3. Soften the aromatics: In the same pot, add the onion, base carrots, and celery. Cook 6 to 8 minutes, scraping up the browned bits, until softened. Stir in the garlic and tomato paste; cook 2 minutes until the paste darkens and smells sweet.
4. Deglaze: Pour in the red wine, scraping the bottom clean with a wooden spoon — every browned bit is flavor going back into the pot. Simmer 3 minutes until the wine reduces slightly and the sharp alcohol smell fades.
5. Simmer the beef: Return the beef and its juices to the pot. Add the beef broth, bay leaves, thyme, and remaining 1 teaspoon salt. The liquid should just cover the meat. Bring to a gentle simmer — small lazy bubbles, never a boil — cover, and cook 1 1/2 hours, stirring occasionally. The meat should be nearly fork-tender.
6. Add the vegetables: Stir in the potatoes and chunked carrots. If the liquid does not quite cover everything, add hot water 1/2 cup at a time. Simmer uncovered 35 to 40 minutes more, until the potatoes and carrots are completely tender and the beef falls apart at the touch of a fork. The sauce should be thick enough to coat a spoon — the flour on the beef plus the potatoes' starch does this naturally.
7. Finish: Stir in the frozen peas and cook 3 minutes until heated through — they stay bright green and sweet. Remove the bay leaves. Taste and adjust salt boldly; a big pot of stew needs more than you expect.
8. Serve: Ladle into deep warm bowls. Crusty bread for sopping is not optional in spirit.
9. Storage: Refrigerate up to 4 days — like all braises, it improves overnight. Reheat gently, adding a splash of broth if it thickened too much. Freezes superbly up to 3 months.
Common mistakes:
- Crowding the browning step: gray steamed beef instead of browned beef, and the whole stew tastes flat. Batches, space, patience.
- Boiling instead of simmering: hard boiling tightens the meat fibers and turns them tough and stringy. Gentle bubbles only.
- Adding all vegetables at the start: potatoes and carrots added with the beef dissolve into mush over 2 hours. They go in for the last 35 to 40 minutes.",6,150,,beef-stew.webp
80,Lighter chicken pot pie,American,525,42,43,22,"1 1/2 pounds boneless, skinless chicken breasts
2 tablespoons unsalted butter
1 large yellow onion, diced (1/4-inch cubes)
3 carrots, diced (1/4-inch cubes)
3 celery stalks, diced (1/4-inch cubes)
1/3 cup all-purpose flour
2 1/2 cups low-sodium chicken broth
1 cup 2% milk
1 1/2 cups frozen peas
1 teaspoon dried thyme
1/2 teaspoon kosher salt, plus more to taste
1/2 teaspoon black pepper
2 tablespoons fresh parsley, chopped
For the biscuit topping:
2 cups all-purpose flour
1 tablespoon baking powder
1/2 teaspoon baking soda
1 teaspoon sugar
1 teaspoon kosher salt
6 tablespoons cold unsalted butter, cut into 1/2-inch cubes
3/4 cup cold buttermilk, plus more as needed","1. Mise en place: Dice the onion, carrots, and celery into 1/4-inch cubes — even pieces cook evenly in the filling. Cut the cold butter for the biscuits into 1/2-inch cubes and keep it refrigerated until the moment you use it — cold butter is what makes biscuits flaky. Measure the flour, broth, and milk. Chop the parsley. Preheat the oven to 425°F.
2. Cook the chicken: Bring a pot of salted water to a gentle simmer (not a rolling boil). Add the chicken breasts and poach 12 to 15 minutes until they read 165°F inside. Transfer to a plate, cool 10 minutes, and dice into 3/4-inch pieces. Reserve the poaching liquid? No — use fresh broth for cleaner flavor.
3. Build the filling: Melt the 2 tablespoons butter in a large oven-safe skillet or Dutch oven over medium heat. Add the onion, carrots, and celery with a pinch of salt. Cook 8 minutes, stirring, until softened but not browned. Stir in the thyme and the 1/3 cup flour; cook 2 minutes, stirring constantly, until the flour coats the vegetables and smells toasty — this cooks out the raw flour taste.
4. Make it creamy: Pour in the chicken broth a little at a time, stirring constantly to keep it smooth. Add the milk. Bring to a gentle simmer, stirring, until thickened enough to heavily coat a spoon — 3 to 4 minutes. This is the ""lighter"" trick: a flour-thickened broth-milk base gives creamy body without heavy cream. Stir in the diced chicken, peas, salt, pepper, and parsley. Taste — it should be savory and well-seasoned. Keep warm over low heat while you make the biscuits. The filling should be THICK — a thin filling makes a soupy pot pie.
5. Make the biscuit dough: Whisk the flour, baking powder, baking soda, sugar, and salt in a large bowl. Add the cold butter cubes and cut in with a pastry cutter or your fingertips until the mixture looks like coarse crumbs with pea-size bits of butter — those butter pockets steam into flaky layers. Pour in the cold buttermilk and stir JUST until a shaggy dough comes together. Do not overmix — overworked biscuits are tough pucks.
6. Top and bake: Drop 12 generous spoonfuls of biscuit dough over the hot filling, leaving small gaps for steam to escape. The filling must be hot when the biscuits go on — cold filling means the biscuit bottoms stay doughy. Bake 20 to 25 minutes, until the biscuits are deep golden brown and the filling bubbles up around the edges.
7. Rest and serve: Let rest 10 minutes — the filling sets and the biscuits finish steaming through. Scoop into wide bowls, making sure everyone gets a biscuit or two with the creamy filling underneath.
8. Storage: Refrigerate up to 3 days. Reheat covered in a 350°F oven 15 to 20 minutes until the center is steaming — the microwave makes the biscuits gummy. Biscuits are best day one; leftovers are still delicious, just softer.
Common mistakes:
- A thin filling: if the filling does not thickly coat a spoon before the biscuits go on, the baked dish will be soupy. Simmer until genuinely thick.
- Overworked biscuit dough: stir just until it comes together. Every extra stroke develops gluten and toughens the biscuits.
- Cold filling under raw biscuits: the biscuit bottoms steam instead of baking and stay gummy. Hot filling, hot oven, no shortcuts.",6,60,,lighter-chicken-pot-pie.webp
81,Turkey sloppy joes,American,551,41,57,20,"- 2 lb 93% lean ground turkey
- 2 tbsp olive oil
- 2 medium yellow onions, diced (about 2 cups)
- 1 large green bell pepper, diced (about 1 1/2 cups)
- 4 cloves garlic, minced
- 1 can (15 oz) tomato sauce
- 1/2 cup ketchup
- 3 tbsp Worcestershire sauce
- 3 tbsp brown sugar, packed
- 2 tbsp yellow mustard
- 1 tbsp chili powder
- 1 tsp smoked paprika
- 1 1/2 tsp kosher salt (start with this; add more to taste at the end)
- 1 tsp black pepper
- 6 whole wheat hamburger buns, split","1. Mise en place: Dice the onions into 1/4-inch pieces (a dice means small even cubes, about the size of a pea). Dice the bell pepper the same size. Mince the garlic: smash each clove with the flat of your knife, peel it, then chop it very fine until almost a paste. Measure the tomato sauce, ketchup, Worcestershire, brown sugar, mustard, and all spices into small bowls. Split the buns.
2. Heat a large deep skillet or Dutch oven over medium-high heat. Add the olive oil and let it get hot until it shimmers, about 1 minute.
3. Add the ground turkey. Break it into large chunks with a wooden spoon, then LEAVE IT ALONE for 3-4 minutes so it browns instead of steams. You want deep brown crusty bits — that is where the flavor lives. Then break it into small crumbles and cook 4-5 more minutes until no pink remains. If a lot of liquid pools, spoon most of it off.
4. Push the turkey to the edges. Add the onions and bell pepper to the center with a pinch of salt. Cook 5-6 minutes, stirring now and then, until the onions turn soft and translucent and the edges start to brown. Stir in the garlic and cook 30 seconds until fragrant — garlic burns fast, so do not walk away.
5. Stir in the chili powder and smoked paprika and cook 30 seconds, stirring constantly. This wakes the spices up in the hot fat (blooming) and makes the whole dish taste deeper.
6. Pour in the tomato sauce, ketchup, Worcestershire, brown sugar, and mustard. Stir well, scraping up any browned bits from the bottom of the pan — that is pure flavor.
7. Bring to a gentle simmer (small lazy bubbles, not a rolling boil). Reduce heat to medium-low and simmer uncovered 15-20 minutes, stirring every few minutes, until thick enough that a spoon dragged through leaves a trail that holds for 2 seconds. Taste and add more salt, a pinch more sugar if too sharp, or a splash of vinegar if too sweet.
8. While it simmers, toast the buns: place them cut-side down in a dry skillet over medium heat 1-2 minutes until golden, or under the broiler 60 seconds. Watch them — they go from golden to burnt fast.
9. Spoon a generous 3/4 cup of the sloppy joe mixture onto each bottom bun, cap with the top, and serve hot with napkins. These are gloriously messy.
10. Storage: Refrigerate the meat mixture in a sealed container up to 4 days. Reheat in a skillet over medium heat with a splash of water, or microwave covered. Freezes well up to 3 months; thaw overnight in the fridge.
11. Common mistakes: (1) Watery filling — you did not simmer long enough. It should mound on a spoon, not run. (2) Bland — you under-salted. The mixture needs assertive seasoning; taste at the end and salt until it pops. (3) Mushy gray meat — the pan was crowded or you stirred constantly. Let it sit undisturbed to brown.",6,45,,turkey-sloppy-joes.webp
82,Cheeseburger bowls,American,536,40,16,34,"- 2 lb 90% lean ground beef
- 2 tbsp olive oil
- 1 large yellow onion, diced
- 3 cloves garlic, minced
- 2 tbsp Worcestershire sauce
- 1 tbsp yellow mustard
- 2 tsp kosher salt
- 1 tsp black pepper
- 1 tsp garlic powder
- 1 tsp onion powder
- 6 cups chopped romaine lettuce (about 2 hearts)
- 3 cups cherry tomatoes, halved
- 1 1/2 cups shredded sharp cheddar cheese (6 oz)
- 1 1/2 cups diced dill pickles
- 1/2 red onion, thinly sliced
- 1/2 cup light mayonnaise
- 1/4 cup ketchup
- 2 tbsp yellow mustard
- 2 tbsp dill pickle juice
- 1 tsp paprika","1. Mise en place: Dice the yellow onion (1/4-inch cubes). Mince the garlic. Halve the cherry tomatoes. Dice the pickles. Slice the red onion paper-thin: cut the onion in half top to bottom, lay it flat, and slice across as thin as you can. Chop the romaine into bite-size ribbons. Shred the cheddar if not pre-shredded. Stir the burger sauce: whisk the light mayo, ketchup, mustard, pickle juice, and paprika in a small bowl until smooth. Taste — it should be tangy and a little sweet.
2. Heat a large skillet over medium-high heat. Add the olive oil until shimmering.
3. Add the ground beef in large chunks. Season with the salt, pepper, garlic powder, and onion powder. Let it sit undisturbed 3-4 minutes to develop a deep brown crust, then break into crumbles and cook 4-5 minutes more until no pink remains. Spoon off any pooled fat.
4. Push the beef aside. Add the diced onion to the pan and cook 4-5 minutes until soft and golden at the edges. Stir in the garlic and cook 30 seconds until fragrant.
5. Stir in the Worcestershire sauce and mustard. Cook 1 minute, scraping the bottom. Taste the beef and adjust salt — it should taste like a great burger patty, boldly seasoned.
6. Assemble the bowls: divide the romaine among 6 wide bowls. Top each with about 1 cup of the hot beef, a handful of tomatoes, a sprinkle of cheddar (it will melt slightly on the hot beef — that is the point), pickles, and red onion slivers.
7. Drizzle 2-3 tablespoons of burger sauce over each bowl. Serve immediately while the beef is hot and the lettuce is cold and crisp — the hot/cold contrast is what makes this work.
8. Storage: Keep components separate in the fridge up to 4 days: beef in one container, chopped veg in another, sauce in a jar. Reheat beef in a skillet or microwave; assemble fresh. Do not store assembled bowls — the lettuce wilts.
9. Common mistakes: (1) Soggy lettuce — assembling too far ahead or pouring hot beef over it and letting it sit. Assemble right before eating. (2) Bland beef — under-seasoned. It carries the whole bowl, so salt it like a burger. (3) Too much sauce — start with 2 tablespoons; you can always add more.",6,35,,cheeseburger-bowls.webp
83,Buffalo chicken stuffed sweet potatoes,American,552,52,41,19,"- 6 medium sweet potatoes (about 2 1/2 lb), scrubbed
- 2 lb boneless, skinless chicken breasts
- 1 tbsp olive oil
- 1 tsp garlic powder
- 1 tsp onion powder
- 1 tsp kosher salt
- 1/2 tsp black pepper
- 3/4 cup Frank's RedHot or other cayenne hot sauce
- 3 tbsp butter, melted
- 1 tbsp white vinegar
- 1/2 cup light ranch dressing
- 3 stalks celery, diced small
- 1/4 cup crumbled blue cheese (1 oz)
- 2 scallions, thinly sliced","1. Mise en place: Scrub the sweet potatoes clean and pat dry. Dice the celery into small 1/4-inch pieces. Slice the scallions thin, using both white and green parts. Melt the butter. Measure the hot sauce, vinegar, ranch, and blue cheese.
2. Heat the oven to 400 F. Poke each sweet potato 4-5 times with a fork — this lets steam escape so they do not burst. Rub them lightly with a little oil and sprinkle with salt.
3. Place the potatoes directly on the oven rack with a sheet of foil on the rack below to catch drips. Bake 45-55 minutes until completely soft: a knife should slide in with zero resistance, like pushing into soft butter. Set aside; keep the oven on.
4. While the potatoes bake, cook the chicken: pat the breasts very dry with paper towels (dry surface = better browning). Rub all over with the olive oil, garlic powder, onion powder, salt, and pepper.
5. Heat a large skillet over medium-high heat until hot. Sear the chicken 5-6 minutes per side without moving it, until deep golden brown. The thickest part should read 165 F on an instant-read thermometer. If the outside is browning too fast before the center is done, reduce heat to medium and add 2-3 minutes per side.
6. Rest the chicken 5 minutes on a cutting board — this keeps the juices inside instead of running out. Then shred it: hold with a fork and pull apart with another fork into bite-size shreds, or chop roughly.
7. Make the buffalo sauce: whisk the melted butter, hot sauce, and vinegar in a large bowl until combined. It should look glossy orange-red. Toss the shredded chicken in the sauce until every piece is coated. Taste — it should be tangy, buttery, and hot. Add more hot sauce if you want it spicier.
8. Split each sweet potato open lengthwise with a knife, stopping before you cut all the way through. Push the ends toward each other so the flesh fluffs up. Season the flesh with a pinch of salt.
9. Pile about 3/4 cup of buffalo chicken into each potato. Drizzle with ranch, then top with diced celery (the cold crunch against the hot filling is essential), blue cheese crumbles, and scallions. Serve immediately.
10. Storage: Refrigerate components separately up to 4 days — potatoes, chicken, and toppings in their own containers. Reheat potatoes in a 350 F oven 15 minutes (microwave makes the skin soggy) and chicken in a skillet with a splash of water. Assemble fresh.
11. Common mistakes: (1) Underbaked potatoes — if there is any resistance to the knife, give them 10 more minutes. A hard center ruins the dish. (2) Dry chicken — you skipped the thermometer or the rest. Pull at 165 F, rest 5 minutes. (3) Sauce too thin — toss the chicken in the sauce right before serving so it clings instead of pooling.",6,70,,buffalo-chicken-stuffed-sweet-potatoes.webp
84,Chicken and broccoli rice casserole,American,812,70,69,28,"- 2 lb boneless, skinless chicken breasts, cut in 3/4-inch cubes
- 1 1/2 cups long-grain white rice, uncooked
- 6 cups broccoli florets (about 1 1/2 lb), cut small
- 2 tbsp butter
- 1 tbsp olive oil (for the panko topping)
- 1 medium yellow onion, diced
- 8 oz mushrooms, sliced
- 3 cloves garlic, minced
- 1/3 cup all-purpose flour
- 3 cups 2% milk
- 2 cups low-sodium chicken broth
- 2 cups shredded sharp cheddar cheese (8 oz), divided
- 1 tsp kosher salt, plus more to taste
- 1 tsp black pepper
- 1 tsp garlic powder
- 1 tsp onion powder
- 1 tsp paprika
- 1/2 cup panko breadcrumbs","1. Mise en place: Cut the chicken into 3/4-inch cubes — even pieces cook evenly. Cut the broccoli into small bite-size florets (big chunks stay raw in the middle). Dice the onion, slice the mushrooms, mince the garlic. Measure the flour, milk, and broth. Shred the cheese. Heat the oven to 375 F and grease a 9x13-inch baking dish.
2. Cook the rice: bring 3 cups of salted water to a boil in a medium pot, stir in the rice, cover, reduce to low, and cook 15 minutes until the water is absorbed. Fluff with a fork. Slightly undercooked is fine — it finishes in the oven.
3. Blanch the broccoli: bring a large pot of salted water to a boil. Add the broccoli and cook exactly 2 minutes until bright green and just barely tender. Drain immediately and rinse under cold water to stop the cooking. This keeps it green and crisp instead of gray and mushy.
4. Brown the chicken: heat a large deep skillet or Dutch oven over medium-high heat with the butter until foaming. Season the chicken cubes with half the salt, pepper, garlic powder, and onion powder. Sear in a single layer (work in two batches if needed) 3-4 minutes, turning once, until golden on the outside but not fully cooked through. Remove to a plate.
5. In the same skillet, add the onion and mushrooms. Cook 5-6 minutes, stirring, until the onion softens and the mushrooms release their liquid and start to brown. Stir in the garlic and cook 30 seconds.
6. Make the sauce: sprinkle the flour over the vegetables and stir 1 minute to coat — it will look pasty; that is the roux forming. Slowly pour in the milk a little at a time, stirring constantly so no lumps form. Then add the broth. Bring to a gentle simmer, stirring, and cook 3-4 minutes until it thickens enough to coat the back of a spoon.
7. Off the heat, stir in 1 1/2 cups of the cheddar until melted and smooth. Season with the paprika, remaining salt, and pepper. Taste — it should taste like a good cheese sauce, well salted.
8. Fold in the rice, broccoli, and chicken. Spread into the greased baking dish. Top with the remaining 1/2 cup cheddar. Toss the panko with the olive oil and a pinch of salt and scatter over the top.
9. Bake uncovered 25-30 minutes until the top is golden brown and the edges bubble. Let it rest 10 minutes before serving — this firms it up so it scoops cleanly instead of slumping.
10. Storage: Refrigerate covered up to 4 days. Reheat individual portions in the microwave with a splash of milk, or the whole dish covered in a 350 F oven 20 minutes. Freezes up to 3 months.
11. Common mistakes: (1) Mushy broccoli — you skipped the blanch or cut florets too big. Small florets, 2-minute blanch. (2) Lumpy sauce — you dumped the milk in all at once. Add it slowly while stirring. (3) Dry casserole — overbaked. Pull it when the edges bubble; it keeps cooking as it rests.",6,75,,chicken-and-broccoli-rice-casserole.webp
85,Shepherd's pie,British,898,40,70,51,"- 2 lb ground lamb
- 2 tbsp olive oil
- 2 medium yellow onions, diced
- 3 carrots, peeled and diced small
- 2 stalks celery, diced small
- 4 cloves garlic, minced
- 3 tbsp tomato paste
- 2 tbsp Worcestershire sauce
- 2 cups beef or lamb broth
- 1 1/2 cups frozen peas
- 2 tsp dried thyme
- 1 tsp dried rosemary, crushed
- 2 bay leaves
- 3 lb Yukon Gold potatoes, peeled and quartered
- 4 tbsp butter
- 1/2 cup 2% milk, warmed
- 1/2 cup grated parmesan cheese (2 oz)
- 2 tsp kosher salt, plus more to taste, divided
- 1 tsp black pepper","1. Mise en place: Peel and quarter the potatoes (quarters cook evenly). Dice the onions, carrots, and celery into small 1/4-inch pieces — this mix of onion, carrot, and celery is a mirepoix, the flavor base of the filling. Mince the garlic. Measure the tomato paste, Worcestershire, broth, peas, and herbs. Heat the oven to 400 F.
2. Start the potatoes: put them in a large pot, cover with cold salted water by 1 inch (starting cold cooks them evenly; starting hot leaves raw centers). Bring to a boil, then simmer 15-18 minutes until a fork slides through with no resistance. Drain well and let them steam-dry in the pot 2 minutes — dry potatoes make fluffy mash, wet potatoes make glue.
3. While the potatoes cook, brown the lamb: heat the olive oil in a large deep oven-safe skillet or Dutch oven over medium-high heat until shimmering. Add the lamb, break into chunks, and let it sit 3-4 minutes to brown deeply. Break into crumbles and cook 5 minutes more. Lamb has more fat than beef — spoon off all but 1 tablespoon of the rendered fat.
4. Add the onions, carrots, and celery with 1 teaspoon of the salt. Cook 6-8 minutes, stirring, until the onions soften and the carrots start to turn tender. Stir in the garlic and cook 30 seconds.
5. Stir in the tomato paste and cook 2 minutes, stirring — it should darken to a brick red. This caramelizes the paste and removes any tinny taste. Add the Worcestershire, thyme, rosemary, and bay leaves.
6. Pour in the broth, scraping up the browned bits. Bring to a simmer, then reduce heat to low and cook uncovered 20-25 minutes, stirring now and then, until thick like a hearty stew — a spoon should leave a trail. Fish out the bay leaves. Stir in the peas and cook 2 minutes. Taste and salt until deeply savory. The filling should be boldly seasoned; the potato layer on top is plain.
7. Mash the potatoes: add the butter and warm milk to the drained potatoes and mash until smooth. Stir in the parmesan, 1 teaspoon salt, and the pepper. Taste — the mash should be well salted on its own.
8. Assemble: spread the lamb filling in a 9x13-inch baking dish (or keep it in the oven-safe skillet). Dollop the mash over the top in spoonfuls, then gently spread to the edges to seal — sealing the edges keeps the filling from bubbling up and burning. Rough up the surface with a fork: those ridges turn golden and crisp, which is the best part.
9. Bake 20-25 minutes until the top is golden brown in spots and the filling bubbles at the edges. For extra browning, broil the last 2-3 minutes — watch it constantly. Rest 10 minutes before scooping.
10. Serve with a simple green vegetable. Storage: refrigerate up to 4 days; reheat covered in a 350 F oven 20-25 minutes. Freezes up to 3 months.
11. Common mistakes: (1) Using beef — then it is cottage pie, not shepherd's pie. Lamb is the whole point. (2) Watery filling — it must be thick before the mash goes on, or the layers bleed together. (3) Gummy mash — you used a food processor or overworked wet potatoes. Mash by hand, and steam-dry first.",6,90,England,shepherd-s-pie.webp
86,Oven fish and chips,British,645,53,76,14,"- 2 1/2 lb cod fillets (or haddock), cut into 6 portions, patted very dry
- 3 lb russet potatoes, cut into 1/2-inch thick chips
- 3 tbsp olive oil, divided
- 1/2 cup all-purpose flour, for dredging
- 1 cup all-purpose flour, for the batter
- 1 tsp baking powder
- 2 tsp kosher salt, divided, plus more to taste
- 1 tsp black pepper
- 1 tsp paprika
- 1 tsp garlic powder
- 1 cup ice-cold sparkling water
- 1/2 cup light mayonnaise
- 1/4 cup dill pickles, diced fine
- 1 tbsp capers, chopped
- 1 tbsp lemon juice
- Malt vinegar and lemon wedges, for serving","1. Mise en place: Cut the potatoes into 1/2-inch thick sticks (chips are thicker than fries — that is the British way). Pat the fish VERY dry with paper towels and cut into 6 even portions. Dice the pickles fine, chop the capers, and stir the tartar sauce: mayo, pickles, capers, lemon juice, and a pinch of salt. Refrigerate it. Heat the oven to 425 F with two large sheet pans inside — hot pans are the secret to crisp oven chips.
2. Soak the chips: put the cut potatoes in a large bowl of cold water for at least 15 minutes (or up to an hour). This rinses off surface starch so they crisp instead of steaming. Drain and dry them thoroughly with clean towels — water is the enemy of crispness.
3. Roast the chips: toss the dry potatoes with 2 tablespoons of the olive oil, 1 teaspoon salt, and the pepper. Spread in a single layer on the two hot sheet pans with space between pieces — crowding steams them. Roast 20 minutes, flip each chip, and roast 15-20 minutes more until deep golden and crisp at the edges.
4. While the chips roast, make the batter: whisk the 1 cup flour, baking powder, remaining 1 teaspoon salt, paprika, and garlic powder in a bowl. Pour in the ice-cold sparkling water and whisk just until combined — a few lumps are fine. Cold batter + hot oven = puffy crisp coating. Keep it cold until the moment you use it.
5. Coat the fish: put the 1/2 cup flour for dredging on a plate. Dredge each dry fish portion in flour, shake off the excess, then dip in the batter, letting the extra drip off for 3 seconds.
6. Bake the fish: brush the remaining 1 tablespoon oil on a third sheet pan or a wire rack set over a sheet pan. Lay the battered fish on it without touching. Bake 12-15 minutes until the coating is deep golden and crisp and the fish flakes easily with a fork and reads 145 F inside.
7. Serve immediately: pile the chips and fish on plates, shower everything with malt vinegar and a pinch of salt, add lemon wedges and the tartar sauce. Fish and chips wait for no one — serve the second it comes out.
8. Storage: Best eaten fresh. Leftovers keep 2 days in the fridge; reheat on a wire rack in a 400 F oven 10-12 minutes to re-crisp. Never microwave — the coating goes rubbery.
9. Common mistakes: (1) Soggy chips — you skipped the soak, did not dry them, or crowded the pan. Space is everything. (2) Batter sliding off the fish — the fish was wet or you skipped the flour dredge. Dry, dredge, then batter. (3) Pale soft coating — the batter was warm or the oven was not fully hot. Keep the batter cold and the oven at a true 425 F.",6,70,England,oven-fish-and-chips.webp
87,Japanese chicken curry,Japanese,940,45,143,20,"- 2 lb boneless, skinless chicken thighs, cut in 1 1/2-inch chunks
- 2 tbsp neutral oil (vegetable or canola)
- 2 large yellow onions, cut in wedges
- 3 carrots, peeled and cut in 1-inch chunks
- 2 lb Yukon Gold potatoes, peeled and cut in 1 1/2-inch cubes
- 4 cloves garlic, minced
- 1 tbsp fresh ginger, grated
- 5 cups low-sodium chicken broth
- 1 box (7 oz) Japanese curry roux (S&B Golden Curry or Vermont Curry), medium heat
- 1 tbsp honey
- 1 tbsp soy sauce
- 1 tbsp ketchup
- 1/2 apple, grated
- 3 cups Japanese short-grain rice, uncooked
- Scallions, thinly sliced, and pickled ginger, for serving (optional)","1. Mise en place: Cut the chicken into 1 1/2-inch chunks — bigger than you think; they shrink. Cut the onions into wedges (cut in half top to bottom, then each half into 4 wedges). Peel the carrots and potatoes and cut into large chunks, all roughly the same size so they cook evenly. Mince the garlic, grate the ginger and the apple half. Break the curry roux into individual blocks along the scored lines. Rinse the rice until the water runs mostly clear.
2. Cook the rice first: combine the rinsed rice with 3 1/4 cups water in a pot. Bring to a boil, stir once, cover tightly, reduce to the lowest heat, and cook 15 minutes. Do not lift the lid. Remove from heat and rest covered 10 minutes, then fluff. Short-grain rice should be slightly sticky — that is correct for kare raisu.
3. Brown the chicken: heat the oil in a large heavy pot or Dutch oven over medium-high heat until shimmering. Season the chicken with 1 teaspoon salt. Sear in two batches, 3-4 minutes per batch, until the surfaces are golden. It does not need to cook through — it finishes in the simmer. Remove to a plate.
4. Soften the aromatics: in the same pot, add the onions with a pinch of salt. Cook 5-7 minutes, stirring, until soft, translucent, and starting to turn golden at the edges. Stir in the garlic and ginger and cook 30 seconds until fragrant.
5. Build the stew: return the chicken to the pot. Add the carrots and potatoes and stir 2 minutes to coat in the oil. Pour in the broth — the ingredients should be just barely covered. Bring to a boil, then skim off any foam or scum from the surface with a spoon (this keeps the curry clean-tasting, not muddy).
6. Simmer: reduce to a gentle simmer, partially cover, and cook 15-18 minutes until the potatoes are just tender when poked with a knife — not falling apart.
7. Add the roux OFF the heat: turn the burner off completely. Drop in the curry roux blocks one at a time, stirring until each melts before adding the next. If you add roux to boiling liquid it clumps — off-heat is the rule. Stir in the grated apple, honey, soy sauce, and ketchup. These are the classic Japanese home-cook depth builders: fruit sweetness, umami, and a touch of tang.
8. Finish: return to low heat and simmer gently 5-8 minutes, stirring often and scraping the bottom, until the sauce is thick, glossy, and coats a spoon. If too thick, thin with a splash of water; if too thin, simmer uncovered a few more minutes. Taste and add salt only if needed — the roux is already seasoned.
9. Serve kare raisu style: mound rice on one half of each wide bowl or plate and ladle the curry beside it, letting it just touch the rice. Top with scallions and pickled ginger if you like.
10. Storage: Refrigerate up to 4 days — it genuinely tastes better the next day. Reheat gently with a splash of water, stirring. Freezes up to 3 months; freeze without potatoes if you are picky, since reheated potato can turn grainy.
11. Common mistakes: (1) Lumpy sauce — roux added to boiling liquid or all at once. Off heat, one block at a time. (2) Mushy disintegrating vegetables — chunks cut too small or simmered too long. Keep them big and test with a knife. (3) Flat flavor — you skipped the apple/honey/soy/ketchup. Japanese curry is sweet-savory; those small additions are what make it taste like the real thing.",6,60,,japanese-chicken-curry.webp
88,Lamb kofta with yogurt sauce,Turkish,828,48,50,48,"- 2 lb ground lamb (not lean — 80/20 is ideal)
- 1 large yellow onion, grated on the large holes and squeezed dry
- 5 cloves garlic, minced to a paste
- 1/2 cup fresh flat-leaf parsley, finely chopped
- 1/4 cup fresh mint, finely chopped
- 2 tsp ground cumin
- 2 tsp paprika
- 1 tsp pul biber (Aleppo-style chili flakes) or regular chili flakes
- 1 tsp ground coriander
- 1/2 tsp cinnamon
- 2 tsp kosher salt
- 1 tsp black pepper
- 1/3 cup plain breadcrumbs
- 1 large egg, beaten
- 2 tbsp olive oil, for cooking
- 2 cups plain 2% Greek yogurt
- 1 cucumber, grated and squeezed very dry
- 3 cloves garlic, minced
- 2 tbsp lemon juice
- 2 tbsp olive oil (for the sauce)
- 2 tbsp fresh dill, chopped
- 6 pita breads
- 3 cups shredded lettuce, 2 tomatoes diced, 1/2 red onion sliced","1. Mise en place: Grate the onion on the large holes of a box grater, then squeeze it in a clean towel until no more liquid comes out — wet onion makes the kofta fall apart. Mince the garlic to a paste: chop fine, sprinkle with a pinch of salt, and drag the flat of the knife across it repeatedly. Chop the parsley and mint. Grate the cucumber and squeeze it bone-dry the same way. Measure all spices. If using wooden skewers, soak them in water 30 minutes.
2. Make the yogurt sauce first: whisk the Greek yogurt, dry grated cucumber, garlic, lemon juice, olive oil, dill, and 1 teaspoon salt in a bowl until smooth. Taste — it should be garlicky, lemony, and well salted. Refrigerate at least 30 minutes so the flavors marry.
3. Mix the kofta: in a large bowl, combine the lamb, squeezed onion, garlic paste, parsley, mint, cumin, paprika, pul biber, coriander, cinnamon, salt, pepper, breadcrumbs, and beaten egg. Mix with your hands just until everything is evenly combined — then keep kneading 2-3 minutes more. Turkish cooks work the mixture until it gets slightly sticky and springy; that texture is what holds the kofta together without falling apart.
4. Shape: wet your hands with cold water (prevents sticking). Divide into 12 equal portions. Roll each into a ball, then shape into a fat log about 4 inches long, or press around a soaked skewer, pinching the ends to seal. Slightly flatten the logs so they cook evenly. Chill the shaped kofta 15 minutes — cold meat holds its shape better in the pan.
5. Cook: heat a large heavy skillet (cast iron is ideal) over medium-high heat with the 2 tablespoons olive oil until shimmering. Cook the kofta in batches without crowding, 3-4 minutes per side, turning to brown all sides. They are done when deeply browned outside and 160 F inside on a thermometer. Rest 3 minutes.
6. Warm the pitas: while the kofta rests, warm the pitas in a dry skillet 30 seconds per side until soft and puffy, and keep them wrapped in a clean towel.
7. Serve: tuck 2 kofta into each warm pita with lettuce, tomatoes, and red onion. Spoon the cold yogurt sauce generously over the top. The contrast of hot spiced lamb and cold garlicky yogurt is the whole dish.
8. Storage: Refrigerate kofta and sauce separately up to 3 days. Reheat kofta in a 350 F oven 10 minutes or a skillet over medium heat. The sauce does not reheat — serve it cold. Freeze uncooked shaped kofta up to 2 months; thaw in the fridge before cooking.
9. Common mistakes: (1) Kofta falls apart — the onion or cucumber was not squeezed dry, or the mixture was under-kneaded. Dry and sticky is the goal. (2) Dry kofta — you bought lean lamb. Fat is flavor and moisture here; 80/20 or ask the butcher for regular ground lamb. (3) Bland — under-salted or under-spiced. The raw mix should taste assertively seasoned; fry a tiny test patty and adjust before shaping the rest.",6,60,,lamb-kofta-with-yogurt-sauce.webp
89,Shakshuka with feta,Tunisian,540,24,64,22,"- 3 tbsp olive oil, plus more for drizzling
- 2 medium yellow onions, diced
- 2 bell peppers (1 red, 1 green), diced
- 1 jalapeño, seeded and minced (leave seeds in for more heat)
- 5 cloves garlic, minced
- 2 tbsp tomato paste
- 2 tbsp harissa paste
- 2 cans (28 oz each) crushed tomatoes
- 2 tsp ground cumin
- 1 tsp ground coriander
- 1 tsp caraway seeds, lightly crushed
- 1 tsp smoked paprika
- 2 tsp kosher salt, plus more to taste
- 1 tsp black pepper
- 1 tsp sugar
- 9 large eggs
- 6 oz feta cheese, crumbled
- 1/2 cup fresh cilantro or parsley, chopped
- 6 pita breads or thick slices of crusty bread, warmed","1. Mise en place: Dice the onions and bell peppers into 1/2-inch pieces. Seed and mince the jalapeño (seeds and white ribs hold most of the heat — keep them for spicy, remove for mild). Mince the garlic. Lightly crush the caraway seeds: put them in a small bag and press with the bottom of a pan — crushing releases their flavor. Measure the tomato paste, harissa, canned tomatoes, and all spices. Crack each egg into its own small cup or ramekin — this is the pro move that keeps shell out and lets you slide eggs in quickly.
2. Heat a large deep skillet (12-inch, with a lid) over medium heat. Add the olive oil until shimmering.
3. Cook the onions and peppers: add the onions, bell peppers, and jalapeño with 1 teaspoon of the salt. Cook 8-10 minutes, stirring now and then, until the onions are soft and golden at the edges and the peppers have softened. Do not rush this — sweet softened vegetables are the base of the sauce.
4. Bloom the flavor base: stir in the garlic and cook 30 seconds. Add the tomato paste and harissa and stir 2 minutes until the paste darkens to brick red. Add the cumin, coriander, caraway, and paprika and stir 30 seconds until intensely fragrant. This step — frying the paste and spices in oil — is what separates deep, rich shakshuka from thin tomato soup with eggs.
5. Pour in the crushed tomatoes. Stir in the remaining 1 teaspoon salt, the pepper, and the sugar (it rounds out the tomatoes' acidity). Bring to a lively simmer, then reduce to medium-low and cook uncovered 12-15 minutes, stirring now and then, until thick enough that a spoon leaves a trail — like a thick pasta sauce, not soup.
6. Taste the sauce now and adjust: more salt if flat, another teaspoon of harissa if you want more heat, a pinch more sugar if the tomatoes taste sharp. The sauce must taste great on its own because the eggs will dilute it slightly.
7. Make wells: with the back of a large spoon, press 9 shallow hollows into the sauce, evenly spaced. Gently slide one egg from its cup into each well. Season the eggs with a pinch of salt and pepper.
8. Cover the skillet and cook on medium-low 5-8 minutes. Check at 5: the whites should be just set (opaque, no longer clear and jiggly) and the yolks still soft and runny when poked. For firmer yolks, give it 2-3 more minutes. Carryover heat keeps cooking them off the burner, so pull slightly early.
9. Off the heat, scatter the feta over the top, drizzle with olive oil, and shower with cilantro or parsley. Serve immediately in the skillet with warm pita or crusty bread for scooping — bread is not optional, it is the utensil.
10. Storage: Refrigerate the sauce (without eggs) up to 4 days. Reheat in a skillet until simmering, then crack in fresh eggs and finish as above. Cooked eggs do not reheat well — always poach fresh.
11. Common mistakes: (1) Watery sauce — you added the eggs before the sauce thickened. It must be thick first. (2) Rubbery overcooked eggs — the lid stayed on too long. Start checking at 5 minutes; yolks should jiggle. (3) Bland — under-salted sauce or you skipped blooming the tomato paste and spices. Taste the sauce before the eggs go in.",6,50,,shakshuka-with-feta.webp
90,Stuffed bell peppers,American,502,39,41,20,"- 6 large bell peppers (any color), tops cut off and seeded
- 1 1/2 lb 93% lean ground turkey
- 1 1/2 cups cooked long-grain white rice (from 3/4 cup dry)
- 2 tbsp olive oil
- 1 medium yellow onion, diced
- 3 cloves garlic, minced
- 1 can (15 oz) tomato sauce, divided
- 1 can (14.5 oz) diced tomatoes, drained
- 2 tsp Italian seasoning
- 1 tsp kosher salt, plus more to taste
- 1 tsp black pepper
- 1 tsp garlic powder
- 1 1/2 cups shredded part-skim mozzarella cheese (6 oz), divided
- 1/4 cup grated parmesan cheese (1 oz)","1. Mise en place: Slice the tops off the peppers and pull out the seeds and white ribs with your fingers (the ribs are bitter). If a pepper wobbles, shave a thin slice off the bottom so it stands up — do not cut through. Dice the onion, mince the garlic. Cook the rice if not already cooked: 3/4 cup dry rice in 1 1/2 cups salted boiling water, covered, 15 minutes. Heat the oven to 375 F. Spread half the tomato sauce in the bottom of a 9x13-inch baking dish.
2. Par-cook the peppers: bring a large pot of salted water to a boil. Add the hollowed peppers and boil 3 minutes — no more. Drain upside down on towels. This softens them so they finish tender in the oven instead of staying crunchy while the filling overcooks.
3. Brown the turkey: heat the olive oil in a large skillet over medium-high heat. Add the turkey, break into chunks, let brown 3 minutes undisturbed, then crumble and cook 4 minutes more until no pink remains. Spoon off excess liquid.
4. Build the filling: add the onion to the turkey and cook 4-5 minutes until soft. Stir in the garlic and cook 30 seconds. Add the diced tomatoes, half the remaining tomato sauce, Italian seasoning, salt, pepper, and garlic powder. Simmer 3 minutes. Off the heat, fold in the cooked rice and 1 cup of the mozzarella. Taste — it should be boldly seasoned.
5. Stuff: stand the peppers in the baking dish. Pack each one firmly with filling, mounding it slightly above the rim. Spoon the remaining tomato sauce over the tops.
6. Bake covered: cover the dish tightly with foil and bake 30 minutes. The foil traps steam and cooks the peppers through.
7. Finish uncovered: remove the foil, top each pepper with the remaining 1/2 cup mozzarella and the parmesan. Bake 10-15 minutes more until the cheese is melted, golden in spots, and the peppers are completely tender when pierced with a knife.
8. Rest 5-10 minutes before serving — the filling firms up and the peppers are easier to lift out. Serve each pepper with a spoonful of the saucy tomato mixture from the bottom of the dish.
9. Storage: Refrigerate up to 4 days in a sealed container. Reheat covered in a 350 F oven 15-20 minutes or microwave 2-3 minutes. Freezes well up to 3 months; thaw overnight before reheating.
10. Common mistakes: (1) Crunchy peppers — you skipped the par-boil. Three minutes in boiling water makes all the difference. (2) Watery filling — you did not drain the diced tomatoes or spoon off the turkey liquid. (3) Bland — the rice dilutes seasoning, so the filling must taste slightly over-seasoned before stuffing.",6,75,,stuffed-bell-peppers.webp
91,Chicken quesadillas,Mexican,852,70,55,39,"- 2 lb boneless, skinless chicken breasts
- 1 tbsp olive oil, plus more for the pan
- 2 tsp chili powder
- 1 tsp ground cumin
- 1 tsp garlic powder
- 1 tsp onion powder
- 1 tsp kosher salt
- 1/2 tsp black pepper
- 1 medium yellow onion, diced
- 1 bell pepper, diced
- 1 can (4 oz) diced green chiles, drained
- 3 cups shredded Monterey Jack cheese (12 oz)
- 6 large (10-inch) flour tortillas
- 1/2 cup light sour cream, for serving
- 1 cup salsa, for serving
- 2 avocados, mashed with lime juice and salt, for serving","1. Mise en place: Dice the onion and bell pepper into 1/4-inch pieces. Cut the chicken into thin strips, about 1/2-inch wide — thinner strips cook faster and fit better in the quesadilla. Shred the cheese. Drain the green chiles. Mash the avocados with a squeeze of lime juice and a pinch of salt for a quick guacamole.
2. Season the chicken: toss the strips with the chili powder, cumin, garlic powder, onion powder, salt, and pepper until evenly coated.
3. Cook the chicken: heat the olive oil in a large skillet over medium-high heat until shimmering. Add the chicken in a single layer and cook 3-4 minutes without moving, until golden underneath. Flip and cook 2-3 minutes more until cooked through — cut the thickest strip to check; there should be no pink. Remove to a plate.
4. Soften the vegetables: in the same skillet, add the onion and bell pepper with a pinch of salt. Cook 4-5 minutes until soft and lightly browned at the edges. Stir in the green chiles and cook 1 minute. Remove from heat and chop the chicken strips into bite-size pieces, then toss with the vegetables.
5. Assemble: lay a tortilla flat. Sprinkle 1/2 cup of cheese over one half, top with about 3/4 cup of the chicken-vegetable mixture, then fold the tortilla in half. Do not overfill — an overstuffed quesadilla will not crisp and the filling falls out.
6. Crisp: wipe out the skillet, brush it lightly with oil, and heat over medium heat. Cook each quesadilla 2-3 minutes per side, pressing gently with a spatula, until deep golden brown and crisp and the cheese is fully melted. Medium heat is key — too hot burns the tortilla before the cheese melts.
7. Rest 1 minute, then cut into 3 wedges with a sharp knife or pizza cutter. Serve hot with sour cream, salsa, and guacamole.
8. Storage: Refrigerate leftovers up to 3 days. Reheat in a dry skillet over medium heat 2-3 minutes per side to re-crisp — the microwave makes them soggy. The filling alone freezes up to 2 months.
9. Common mistakes: (1) Soggy quesadilla — too much filling or the heat too low. Less filling, medium heat, crisp exterior. (2) Cheese not melted but tortilla burnt — heat too high. Medium, and be patient. (3) Bland chicken — season it before cooking, not after.",6,40,,chicken-quesadillas.webp
92,Breakfast burritos,American,930,44,74,52,"- 12 large eggs
- 1 lb pork breakfast sausage
- 3 cups frozen shredded hash browns
- 1 tbsp butter
- 1 tbsp olive oil
- 1 bell pepper, diced
- 1/2 yellow onion, diced
- 1 can (4 oz) diced green chiles, drained
- 1 1/2 cups shredded sharp cheddar cheese (6 oz)
- 6 large (12-inch) flour tortillas
- 1 tsp kosher salt, divided
- 1/2 tsp black pepper
- 1 cup salsa, for serving
- 1/2 cup light sour cream, for serving","1. Mise en place: Dice the bell pepper and onion into 1/4-inch pieces. Crack the eggs into a large bowl and beat with the salt, pepper, and 2 tablespoons of water — the water makes them fluffier. Drain the green chiles. Shred the cheese. Have the tortillas at room temperature so they roll without cracking.
2. Brown the sausage: heat a large skillet over medium-high heat. Add the sausage, breaking it into small crumbles, and cook 6-8 minutes until deeply browned and cooked through. Remove with a slotted spoon to a plate, leaving the drippings in the pan.
3. Crisp the hash browns: add the frozen hash browns to the hot drippings in a single layer. Press down with a spatula and do not touch for 4-5 minutes — this builds the crispy crust. Flip in sections, press again, and cook 4-5 minutes more until golden and crisp on both sides. Season with half the salt. Remove to the plate with the sausage.
4. Sauté the vegetables: add the olive oil to the skillet. Cook the bell pepper and onion 4-5 minutes until soft and lightly browned. Stir in the green chiles and cook 1 minute.
5. Scramble the eggs low and slow: reduce heat to medium-low. Add the butter; when foaming, pour in the eggs. Let them sit 20 seconds, then push gently with a spatula, folding the cooked edges toward the center. Keep the curds large and soft — this takes 3-4 minutes. Pull them off the heat when they still look slightly wet and glossy; they finish cooking from residual heat. Overcooked eggs are dry and rubbery, and there is no fixing them.
6. Warm the tortillas: heat each tortilla in a dry skillet 20 seconds per side until soft and pliable, and keep them wrapped in a clean towel so they stay flexible.
7. Roll: lay a tortilla flat. Layer about 3/4 cup of the egg-sausage-hash brown mixture down the center, top with cheese, and fold in the sides. Then roll tightly away from you, tucking as you go. A tight roll is what keeps it from falling apart.
8. Optional crisp: place the rolled burritos seam-side down in the hot skillet 1-2 minutes per side until golden. Serve hot with salsa and sour cream.
9. Storage: Wrap individual burritos tightly in foil and refrigerate up to 4 days, or freeze up to 2 months. Reheat from thawed in a 350 F oven 15 minutes (foil on), or microwave 2 minutes, then crisp in a skillet. These are ideal meal-prep breakfasts.
10. Common mistakes: (1) Rubbery eggs — heat too high or cooked too long. Low heat, pull while glossy. (2) Burrito falls apart — cold stiff tortillas or loose rolling. Warm them and roll tight. (3) Soggy hash browns — you stirred them constantly or crowded the pan. Press, wait, flip once.",6,45,Southwest,breakfast-burritos.webp
93,Protein pancakes with berries,American,443,23,65,12,"- 2 cups white whole wheat flour
- 3 scoops (90g) vanilla protein powder
- 2 tbsp sugar
- 1 tbsp baking powder
- 1 tsp cinnamon
- 1/2 tsp kosher salt
- 2 cups 2% milk
- 3 large eggs
- 3 tbsp butter, melted, plus more for the pan
- 2 tsp vanilla extract
- 2 cups blueberries
- 1 cup strawberries, hulled and sliced
- 1/2 cup pure maple syrup, warmed, for serving","1. Mise en place: Hull and slice the strawberries (hulling means cutting out the green top and white core with the tip of a knife). Melt the butter. Warm the maple syrup in a small pot or the microwave — warm syrup on hot pancakes is a small luxury worth the 30 seconds.
2. Mix the dry ingredients: whisk the flour, protein powder, sugar, baking powder, cinnamon, and salt in a large bowl until completely combined. Protein powder clumps easily, so whisk thoroughly — no one wants a chalky pocket.
3. Mix the wet ingredients: in a second bowl, whisk the milk, eggs, melted butter, and vanilla until smooth.
4. Combine: pour the wet into the dry and stir gently with a spatula just until no dry flour remains. Stop. Lumps are fine — overmixing develops gluten and makes dense, tough pancakes. Let the batter rest 5 minutes; it will thicken slightly as the flour hydrates.
5. Heat the pan: place a large nonstick skillet or griddle over medium heat. Add a small knob of butter and swirl to coat. The pan is ready when a drop of water sizzles and evaporates in 2 seconds. Too hot and the outsides burn before the insides cook; too cool and they turn pale and greasy.
6. Cook: scoop 1/4-cup portions of batter, leaving space between them. Cook 2-3 minutes until bubbles appear on the surface and stay open, and the edges look set. Flip once — one flip only — and cook 1-2 minutes more until golden. Adjust the heat as you go; the first pancake is always the test.
7. Keep warm: hold finished pancakes on a plate in a 200 F oven while you cook the rest. Serve stacks of 3 topped with berries and warm maple syrup.
8. Storage: Refrigerate up to 4 days or freeze with parchment between pancakes up to 2 months. Reheat in the toaster — it re-crisps the edges beautifully.
9. Common mistakes: (1) Tough pancakes — overmixed batter. Stir just until combined; lumps are your friends. (2) Burnt outside, raw inside — heat too high. Medium heat, and wait for the bubbles. (3) Flat and dense — old baking powder. It loses power after 6 months open; test a pinch in hot water — it should fizz vigorously.",6,30,,protein-pancakes-with-berries.webp
94,Overnight oats with Greek yogurt,Swiss,530,33,79,14,"- 3 cups old-fashioned rolled oats (not quick oats)
- 3 cups plain 2% Greek yogurt
- 1 1/2 cups 2% milk
- 1 cup apple juice
- 3 sweet apples (Gala or Pink Lady), unpeeled
- 3 tbsp honey, plus more for drizzling
- 2 tbsp fresh lemon juice
- 1 tsp cinnamon
- 1/2 cup sliced almonds
- 1/2 cup raisins
- 2 cups mixed berries, for topping","1. Mise en place: This is a no-cook recipe, so prep is everything. Grate the unpeeled apples on the large holes of a box grater — the skin adds color and fiber, and grating (not chopping) is the traditional Swiss Bircher method. Squeeze the lemon juice. Measure everything else.
2. Combine the base: in a large bowl, stir together the oats, Greek yogurt, milk, apple juice, grated apple, honey, lemon juice (it keeps the apple from browning and brightens everything), and cinnamon. Stir until every oat looks coated and the mixture is evenly creamy.
3. Check the texture: it should look loose and a bit wet — like thick porridge that is slightly too thin. The oats absorb a lot of liquid overnight, so if it looks perfect now, it will be dry in the morning. Too thick? Add a splash more milk. Too thin? Stir in 2 tablespoons more oats.
4. Chill: cover tightly and refrigerate at least 8 hours, or overnight. The oats soften, the flavors marry, and the grated apple practically melts into the mixture. This is the entire 'cooking' process.
5. In the morning, stir well. Fold in the almonds and raisins. Divide among 6 bowls or jars, top each with berries, and drizzle with a little more honey.
6. Storage: Keeps 4 days in the fridge in sealed jars — it is built for meal prep. Do not freeze; the texture turns watery. If it thickens over the days, loosen with a splash of milk when serving.
7. Common mistakes: (1) Dry and pasty — not enough liquid at the start. It must look too wet before chilling. (2) Brown mushy apple — you skipped the lemon juice. (3) Soggy sad toppings — add berries, nuts, and honey at serving time, not the night before, so they stay fresh and crunchy.",6,15,,overnight-oats-with-greek-yogurt.webp
95,Egg and veggie muffin cups,American,211,16,7,14,"- 12 large eggs
- 1/2 cup 2% milk
- 1 red bell pepper, diced small
- 8 oz mushrooms, diced small
- 2 cups fresh spinach, chopped
- 1/2 yellow onion, diced small
- 3/4 cup crumbled feta cheese (3 oz)
- 1 tsp kosher salt
- 1/2 tsp black pepper
- 1/2 tsp garlic powder
- Olive oil spray, for the pan","1. Mise en place: Dice the bell pepper, mushrooms, and onion into small 1/4-inch pieces — small pieces cook through in the short bake time. Chop the spinach roughly. Crumble the feta. Heat the oven to 350 F. Spray a 12-cup muffin tin very generously with olive oil spray, getting the sides of each cup — egg sticks to everything.
2. Sauté the vegetables: heat a skillet over medium-high heat with a drizzle of oil. Cook the onion, bell pepper, and mushrooms 5-6 minutes until the mushrooms release their liquid and everything starts to brown. Add the spinach and cook 1-2 minutes just until wilted. Season with half the salt and pepper. Let cool 5 minutes — hot vegetables will start cooking the eggs on contact.
3. Whisk the eggs: in a large bowl (with a spout if you have one — it makes pouring easier), whisk the eggs, milk, remaining salt, pepper, and garlic powder until completely uniform with no streaks of white. The milk keeps the cups tender instead of rubbery.
4. Assemble: spoon about 2 tablespoons of the vegetable mixture into each muffin cup. Sprinkle feta over the top. Pour the egg mixture over, filling each cup about 3/4 full — they puff as they bake and will overflow if filled to the top.
5. Bake 18-22 minutes until set: the centers should not jiggle when you shake the pan, and the tops are lightly golden. A toothpick in the center should come out clean. Let cool in the pan 5 minutes — they deflate slightly, which is normal — then run a thin knife around each cup to release.
6. Serve 2 per person, warm or at room temperature.
7. Storage: Refrigerate up to 5 days in a sealed container. Microwave 30-45 seconds to reheat. Freeze up to 2 months; thaw overnight in the fridge. The ultimate grab-and-go breakfast.
8. Common mistakes: (1) Stuck to the pan — under-greased tin. Be generous with the spray, or use silicone liners. (2) Watery cups — wet vegetables. Sauté first and let the spinach fully wilt and release its water. (3) Rubbery texture — overbaked. Pull them the moment the centers stop jiggling.",6,40,,egg-and-veggie-muffin-cups.webp
96,Greek yogurt parfaits,American,535,48,56,18,"- 6 cups plain 2% Greek yogurt
- 3 cups granola
- 2 cups blueberries
- 1 cup strawberries, hulled and sliced
- 3 tbsp honey
- 1/4 cup sliced almonds, toasted","1. Mise en place: Hull and slice the strawberries. Toast the almonds: put them in a dry skillet over medium heat and toss for 3-4 minutes until golden and fragrant — you will smell them the moment they are done. Watch closely; nuts go from toasted to burnt in under a minute. Let cool.
2. Sweeten the yogurt: stir the honey into the Greek yogurt until smooth. Taste — it should be lightly sweet, not dessert-sweet. Plain Greek yogurt is tart; the honey rounds it out.
3. Layer: in 6 tall glasses or jars, build layers so every spoonful has a bit of everything. Start with 1/3 cup yogurt, then 2 tablespoons granola, then a spoonful of berries. Repeat: yogurt, granola, berries. Finish with a final dollop of yogurt, a few berries on top, and a sprinkle of toasted almonds.
4. Serve immediately if you want the granola crunchy, or cover and chill up to 4 hours if you like it slightly softened — both are good, just different.
5. Storage: Assemble without the granola and refrigerate up to 3 days; add granola and almonds at serving time so they stay crisp. Fully assembled parfaits keep 24 hours before the granola softens.
6. Common mistakes: (1) Soggy granola — assembled too far ahead. Add crunchy elements at the last minute. (2) Sour and joyless — unsweetened plain yogurt with tart berries needs the honey; do not skip it. (3) Watery bottom — cheap yogurt. Thick Greek-style yogurt holds its structure; thin yogurt weeps.",6,20,,greek-yogurt-parfaits.webp
97,Steak and eggs with potatoes,American,720,57,49,34,"- 2 lb sirloin steak, about 1 1/4 inches thick
- 12 large eggs
- 2 1/2 lb Yukon Gold potatoes, cut in 3/4-inch cubes
- 3 tbsp olive oil, divided
- 1 medium yellow onion, diced
- 1 bell pepper, diced
- 3 cloves garlic, minced
- 2 tsp smoked paprika
- 1 tsp garlic powder
- 2 tsp kosher salt, divided, plus more to taste
- 1 tsp black pepper, divided
- 2 tbsp butter, divided
- Hot sauce and sliced scallions, for serving","1. Mise en place: Cut the potatoes into even 3/4-inch cubes — even pieces cook at the same rate. Dice the onion and bell pepper, mince the garlic. Take the steak out of the fridge 30 minutes before cooking; cold steak sears unevenly. Pat the steak very dry with paper towels and season both sides generously with 1 teaspoon of the salt and half the pepper.
2. Crisp the potatoes: heat 2 tablespoons of the olive oil in your largest heavy skillet over medium-high heat until shimmering. Add the potatoes in a single layer — work in two batches if needed. Let them sit undisturbed 4-5 minutes until deeply golden underneath, then flip and cook 4-5 minutes more. Add the onion and bell pepper, season with the paprika, garlic powder, and half the remaining salt, and cook 5-6 minutes, stirring, until the vegetables soften and the potatoes are tender all the way through (a knife slides in easily). Stir in the garlic and cook 30 seconds. Remove to a warm plate and tent with foil.
3. Sear the steak: return the skillet to high heat. Add the remaining 1 tablespoon oil until it just starts to smoke. Lay the steak down and do not touch it for 3-4 minutes until a deep brown crust forms. Flip and sear 3-4 minutes more for medium-rare. Check with a thermometer in the thickest part: 130-135 F for medium-rare, 140-145 F for medium. Pull it 5 degrees early — it keeps cooking as it rests.
4. Rest the steak 8-10 minutes on a cutting board. This is non-negotiable: the juices redistribute, and cutting early floods the board instead of staying in the meat. Then slice thinly against the grain — look for the lines running through the meat and cut across them; this shortens the fibers and makes every bite tender.
5. Fry the eggs: reduce heat to medium. Add 1 tablespoon of the butter to the skillet. Crack in the eggs (work in batches of 6 if needed) and cook 2-3 minutes for sunny-side up with just-set whites and runny yolks, or flip for over-easy. Season with salt and pepper. For crispy lacy edges, use medium-high heat and a little more butter.
6. Plate: divide the potatoes among 6 plates, fan the sliced steak over them, and top each with 2 fried eggs. Finish with the remaining butter melting over the top, hot sauce, and scallions.
7. Storage: Refrigerate components separately up to 3 days. Reheat potatoes and steak gently in a skillet; fry eggs fresh — reheated eggs are never good.
8. Common mistakes: (1) Gray, steamy steak — the pan was not hot enough or the steak was wet. Screaming hot pan, dry surface. (2) Tough steak — sliced with the grain or skipped the rest. Against the grain, rest 10 minutes. (3) Soggy potatoes — crowded pan or constant stirring. Single layer, leave them alone to crisp.",6,55,,steak-and-eggs-with-potatoes.webp
98,Turkey sausage and egg hash,American,576,42,52,23,"- 1 1/2 lb turkey breakfast sausage, casings removed
- 12 large eggs
- 2 1/2 lb russet potatoes, cut in 1/2-inch dice
- 2 tbsp olive oil
- 1 medium yellow onion, diced
- 1 red bell pepper, diced
- 1 green bell pepper, diced
- 3 cloves garlic, minced
- 2 tsp smoked paprika
- 1 tsp ground cumin
- 2 tsp kosher salt
- 1 tsp black pepper
- 4 scallions, sliced","1. Mise en place: Cut the potatoes into 1/2-inch dice — smaller than you think; big chunks take forever and stay raw inside. Dice the onion and both peppers. Mince the garlic. Slice the scallions. Squeeze the sausage out of its casings into a bowl and break it up roughly.
2. Brown the sausage: heat a large heavy skillet (cast iron is perfect) over medium-high heat. Add the sausage and break into small crumbles with a spoon. Cook 6-8 minutes until browned and cooked through. Remove with a slotted spoon, leaving the fat in the pan.
3. Crisp the potatoes: add the olive oil to the pan. Add the diced potatoes in an even layer, season with 1 teaspoon of the salt, and press down with a spatula. Cook undisturbed 5 minutes until golden underneath. Flip in sections and cook 5 minutes more. They should be browned outside and nearly tender inside — test one; it should yield to a fork with slight resistance.
4. Add the vegetables: stir in the onion and both peppers with the remaining salt, paprika, and cumin. Cook 5-6 minutes, stirring now and then, until the vegetables soften and the potatoes are completely tender. Stir in the garlic and cook 30 seconds. Return the sausage to the pan and toss everything together.
5. Make wells for the eggs: with the back of a spoon, press 6 shallow hollows into the hash, evenly spaced. Crack one egg into each well. Season the eggs with salt and pepper.
6. Cover the skillet and cook over medium-low heat 4-6 minutes until the whites are just set and the yolks are still runny. Check at 4 minutes — carryover heat finishes them, so pull slightly early. For firmer yolks, go 2 minutes longer.
7. Shower with scallions and serve straight from the skillet with hot sauce on the side.
8. Storage: Refrigerate up to 3 days. Reheat in a skillet over medium heat until hot; the yolks will set further, so if you want runny yolks, fry fresh eggs and serve over reheated hash.
9. Common mistakes: (1) Raw potato centers — dice too big or heat too low. Half-inch dice, and do not rush the crisping stage. (2) Soggy hash — too much stirring. Press, wait, flip once. (3) Overcooked eggs — the lid traps a lot of heat. Start checking early.",6,50,,turkey-sausage-and-egg-hash.webp
99,Smoked salmon bagels,American,426,27,59,9,"- 6 bagels (plain, everything, or sesame)
- 12 oz smoked salmon (lox), thinly sliced
- 3/4 cup light cream cheese, softened
- 1/2 red onion, sliced paper-thin
- 2 tomatoes, sliced
- 1 cucumber, sliced thin
- 2 tbsp capers, drained
- 1 lemon, cut in wedges
- 2 tbsp fresh dill, chopped","1. Mise en place: Slice the red onion paper-thin (half the onion top to bottom, lay flat, slice across as thin as possible). Slice the tomatoes and cucumber. Drain the capers. Chop the dill. Cut the lemon into wedges. Let the cream cheese sit at room temperature 15 minutes so it spreads without tearing the bagel.
2. Toast the bagels: split them and toast until golden and crisp at the edges. A proper New York bagel should be toasted but still chewy inside — do not over-toast or it turns to a crouton.
3. Schmear: spread 2 tablespoons of cream cheese on each bagel half, edge to edge. The cream cheese is the moisture barrier — it keeps the salmon from making the bagel soggy and gives every bite richness.
4. Layer: drape 2 ounces of smoked salmon over the bottom half of each bagel in loose folds — do not lay it flat like deli meat; folds catch the toppings and feel more generous. Top with red onion, tomato, cucumber, a scattering of capers, and fresh dill. Squeeze lemon over everything.
5. Cap with the top half and serve immediately. This is breakfast, lunch, and a religious experience all at once.
6. Storage: Assembled bagels do not keep — eat fresh. Components keep separately 3-4 days: salmon sealed in the fridge, vegetables in containers. Assemble to order.
7. Common mistakes: (1) Too much salmon piled flat — it gets salty and overwhelming. Two ounces in loose folds is the right ratio. (2) Cold stiff cream cheese tearing the bagel — soften it first. (3) Skipping the lemon and capers — the fat of the salmon and cream cheese needs acid and brine to balance. They are not garnish; they are essential.",6,20,New York,smoked-salmon-bagels.webp
100,Banana oat protein muffins,American,435,21,51,19,"- 2 cups old-fashioned rolled oats, blended into flour
- 2 scoops (60g) vanilla protein powder
- 3 very ripe bananas, mashed (about 1 1/2 cups)
- 3 large eggs
- 1/2 cup plain 2% Greek yogurt
- 1/3 cup honey
- 1/4 cup butter, melted and cooled slightly
- 2 tsp baking powder
- 1 tsp baking soda
- 1 tsp cinnamon
- 1/2 tsp kosher salt
- 2 tsp vanilla extract
- 1/2 cup walnuts, chopped","1. Mise en place: The bananas must be very ripe — heavily speckled brown, soft, and fragrant. Under-ripe bananas make bland, dry muffins. Blend the oats in a blender or food processor 30-60 seconds until they look like coarse flour. Chop the walnuts. Melt the butter and let it cool 2 minutes so it does not scramble the eggs. Heat the oven to 350 F and line a 12-cup muffin tin with paper liners or spray generously.
2. Mash: in a large bowl, mash the bananas with a fork until mostly smooth — a few small lumps are fine and make the crumb interesting.
3. Wet mix: whisk the eggs, Greek yogurt, honey, cooled melted butter, and vanilla into the bananas until smooth.
4. Dry mix: in a second bowl, whisk the oat flour, protein powder, baking powder, baking soda, cinnamon, and salt. Whisk well — protein powder clumps, and a clump of dry powder in a baked muffin is deeply unpleasant.
5. Combine: pour the wet into the dry and fold gently with a spatula just until no dry streaks remain. Stop the moment it comes together — overmixing makes tough, dense muffins. Fold in the walnuts.
6. Fill: divide the batter among the 12 cups, filling each about 3/4 full. An ice cream scoop makes this neat and even.
7. Bake 18-22 minutes until the tops are golden and spring back when lightly pressed, and a toothpick in the center comes out clean or with a few moist crumbs (not wet batter). Cool in the pan 5 minutes, then move to a rack — leaving them in the hot pan overbakes the bottoms.
8. Storage: Keep in a sealed container at room temperature 2 days, or refrigerate 5 days. Freeze up to 3 months; microwave 20-30 seconds from frozen.
9. Common mistakes: (1) Dry and chalky — too much protein powder or overbaked. Measure the powder by weight if you can, and pull them the moment the toothpick is clean. (2) Gummy centers — underbaked. The toothpick test does not lie. (3) Bland — under-ripe bananas. Wait for the brown speckles; that is where the sweetness lives.",6,40,,banana-oat-protein-muffins.webp
101,Cobb salad,American,798,67,17,52,"- 2 lb boneless, skinless chicken breasts
- 12 cups chopped romaine lettuce (about 2 hearts)
- 8 slices bacon
- 6 large eggs
- 3 avocados, diced
- 3 cups cherry tomatoes, halved
- 1 1/2 cups crumbled blue cheese (6 oz)
- 1/2 red onion, thinly sliced
- 1/2 cup olive oil
- 1/4 cup red wine vinegar
- 2 tbsp Dijon mustard
- 1 clove garlic, minced
- 1 tsp honey
- 1 tsp kosher salt, plus more to taste
- 1/2 tsp black pepper","1. Mise en place: Chop the romaine into bite-size pieces, wash, and dry thoroughly — a salad spinner is ideal; wet lettuce dilutes the dressing and nothing sticks to it. Halve the cherry tomatoes. Dice the avocados last (they brown). Slice the red onion thin. Crumble the blue cheese.
2. Hard-boil the eggs: place the eggs in a pot, cover with cold water by 1 inch, and bring to a rolling boil. Remove from heat, cover, and let stand exactly 10 minutes. Transfer to ice water 5 minutes — the ice bath stops the cooking and makes them peel cleanly. Peel and quarter.
3. Cook the bacon: lay the slices in a cold skillet in a single layer and set over medium heat. Cook 8-10 minutes, turning once, until crisp and deeply browned. Starting cold renders the fat slowly for evenly crisp bacon. Drain on paper towels and crumble.
4. Cook the chicken: season the breasts with 1 teaspoon salt and the pepper. Heat a skillet over medium-high heat with a drizzle of oil. Sear 5-6 minutes per side until golden and 165 F inside. Rest 5 minutes, then dice into 1/2-inch pieces.
5. Make the dressing: whisk the olive oil, red wine vinegar, Dijon, garlic, honey, salt, and pepper in a jar until emulsified — it should look creamy and hold together. Taste: bright, tangy, lightly sweet.
6. Assemble the classic Cobb rows: spread the romaine on a large platter or in 6 wide bowls. Arrange the chicken, bacon, egg quarters, avocado, tomatoes, blue cheese, and red onion in neat separate rows over the top — the striped presentation is the signature of a Cobb. Drizzle with dressing just before serving, or serve it on the side.
7. Storage: Keep components separate up to 4 days; assemble fresh. Dressing keeps 1 week in the fridge — shake before using. Dice avocado only when serving.
8. Common mistakes: (1) Soggy lettuce — undried greens or dressed too early. Dry completely, dress at the table. (2) Brown avocado — cut it last and toss with a squeeze of lemon if holding more than a few minutes. (3) Overcooked eggs with gray-green yolks — the 10-minute covered stand plus ice bath prevents it.",6,50,California,cobb-salad.webp
102,Chicken Caesar salad,Mexican,820,65,26,50,"- 2 lb boneless, skinless chicken breasts
- 12 cups romaine hearts, chopped (about 3 hearts)
- 2 large eggs, for coddling
- 3/4 cup extra-virgin olive oil, plus 3 tbsp for croutons
- 1/4 cup fresh lime juice (about 2 limes)
- 6 anchovy fillets in oil, minced to a paste
- 3 cloves garlic, minced to a paste
- 2 tbsp Dijon mustard
- 2 tsp Worcestershire sauce
- 1/2 cup finely grated parmesan cheese (2 oz), plus 1/2 cup shaved for serving
- 4 cups cubed sourdough or rustic bread (about 8 oz)
- 1 tsp garlic powder
- 1 1/2 tsp kosher salt, divided
- 1 tsp black pepper, plus more for serving","1. Mise en place: Wash and dry the romaine hearts completely, then chop into bite-size pieces and refrigerate — cold crisp lettuce is essential. Cut the bread into 3/4-inch cubes. Mince the anchovies and garlic into a paste: chop fine, sprinkle with salt, and mash with the flat of the knife. Juice the limes. Grate the parmesan finely (it must melt into the dressing, not sit in chunks).
2. A note on authenticity: Caesar Cardini invented this salad in Tijuana, Mexico in 1924. His original used coddled egg, garlic, Worcestershire, lemon (his restaurant in Tijuana uses lime today), parmesan, and olive oil, tossed with whole romaine leaves. Anchovies came later via his brother Alex. This recipe honors the original with lime and a coddled egg, plus anchovy because — let us be honest — it makes it better.
3. Make the croutons: heat the oven to 375 F. Toss the bread cubes with 3 tablespoons olive oil, the garlic powder, and 1/2 teaspoon salt. Spread on a sheet pan and bake 12-15 minutes, tossing once, until deep golden and crisp all the way through. Let cool — they crisp further as they cool.
4. Coddle the eggs: bring a small pot of water to a boil, then remove from heat. Lower the eggs in and let stand exactly 5 minutes. This barely sets the whites while the yolks stay liquid and rich — the classic Caesar emulsifier. Crack and scoop the yolks into a large bowl (discard the whites or save for another use).
5. Build the dressing: to the yolks, whisk in the anchovy-garlic paste, Dijon, Worcestershire, lime juice, 1 teaspoon salt, and the pepper. Now drizzle in the 3/4 cup olive oil very slowly, whisking constantly, until the dressing thickens and turns creamy — this is an emulsion, and rushing the oil breaks it. Whisk in the finely grated parmesan. Taste: it should be boldly garlicky, tangy, salty, and rich. Adjust lime or salt until it makes you want another bite.
6. Cook the chicken: season the breasts with the remaining 1/2 teaspoon salt and pepper. Sear in a hot oiled skillet 5-6 minutes per side to 165 F. Rest 5 minutes and slice thin.
7. Toss: in your largest bowl, combine the cold romaine with about 3/4 of the dressing and toss thoroughly — every leaf should glisten. Add the croutons and toss once more. Divide among 6 plates, top with sliced chicken, shaved parmesan, extra black pepper, and the remaining dressing drizzled over.
8. Storage: Dressing keeps 3 days refrigerated (the raw yolk means do not push it further). Keep lettuce, chicken, and croutons separate; croutons keep 3 days in a sealed bag at room temperature. Toss only what you will eat.
9. Common mistakes: (1) Broken greasy dressing — oil added too fast. Drizzle slowly while whisking without stopping. (2) Limp warm lettuce — it must be cold and bone dry. (3) Raw-egg worry — coddling plus the acid in the lime juice is the traditional method; if you are uncomfortable, use pasteurized eggs.",6,45,Tijuana,chicken-caesar-salad.webp
103,Asian sesame chicken salad,American,580,57,33,25,"- 2 lb boneless, skinless chicken breasts
- 8 cups mixed salad greens
- 3 cups shredded red cabbage
- 2 cups shredded carrots
- 1 red bell pepper, thinly sliced
- 1 cup shelled edamame, thawed
- 1 cup mandarin orange segments, drained
- 4 scallions, sliced
- 1/2 cup sliced almonds, toasted
- 1 cup crispy wonton strips
- 1/3 cup rice vinegar
- 1/4 cup low-sodium soy sauce
- 2 tbsp honey
- 2 tbsp toasted sesame oil
- 1 tbsp fresh ginger, grated
- 2 cloves garlic, minced
- 1/4 cup neutral oil (avocado or vegetable)
- 1 tbsp sesame seeds","1. Mise en place: Shred the cabbage thin (a sharp knife or mandoline — thin shreds eat tender, thick shreds eat like lawn clippings). Shred the carrots on a box grater. Slice the bell pepper into thin strips. Slice the scallions. Grate the ginger. Toast the almonds in a dry skillet 3-4 minutes until golden and fragrant.
2. Marinate and cook the chicken: whisk 3 tablespoons of the soy sauce with 1 tablespoon of the honey and brush over the chicken. Let sit 10 minutes. Sear in a hot oiled skillet 5-6 minutes per side to 165 F. Rest 5 minutes, then slice thin against the grain.
3. Make the sesame dressing: whisk the rice vinegar, remaining soy sauce, remaining honey, sesame oil, ginger, garlic, and neutral oil in a jar until smooth. It should taste balanced — tangy, a little sweet, nutty, with ginger heat in the background. Add a pinch of salt if it tastes flat.
4. Assemble: in a very large bowl, combine the greens, cabbage, carrots, bell pepper, edamame, mandarin oranges, and half the scallions. Pour over about 3/4 of the dressing and toss well — sturdy vegetables like cabbage can take a full toss. Divide among 6 bowls.
5. Top each with sliced chicken, toasted almonds, wonton strips, remaining scallions, and a sprinkle of sesame seeds. Drizzle with the remaining dressing and serve immediately.
6. Storage: Keep dressing separate up to 1 week in the fridge. Undressed salad keeps 3 days; add wonton strips and almonds only at serving so they stay crisp.
7. Common mistakes: (1) Soggy salad — dressed too early or greens were wet. Dry everything, dress at serving. (2) Bland — under-seasoned dressing. It should taste punchy on its own; the greens dilute it. (3) Chewy chicken — sliced with the grain or overcooked. Thin slices across the grain, pull at 165 F.",6,40,California,asian-sesame-chicken-salad.webp
104,Southwest chicken salad,American,696,67,53,26,"- 2 lb boneless, skinless chicken breasts
- 8 cups chopped romaine lettuce
- 2 cans (15 oz) black beans, drained and rinsed
- 2 cups corn kernels (frozen, thawed, or fresh)
- 2 cups cherry tomatoes, halved
- 2 avocados, diced
- 1 cup shredded sharp cheddar cheese (4 oz)
- 1/2 red onion, diced
- 1/4 cup fresh cilantro, chopped
- 1 cup tortilla strips
- 1/2 cup light sour cream
- 1/4 cup salsa
- 2 tbsp lime juice
- 1 tsp ground cumin
- 1 tsp chili powder
- 1 tbsp olive oil
- 2 tsp kosher salt, divided
- 1 tsp black pepper","1. Mise en place: Wash and dry the romaine, chop bite-size. Drain and rinse the black beans (rinsing removes the starchy can liquid). Thaw the corn under warm water and drain. Halve the tomatoes, dice the onion, chop the cilantro, shred the cheddar. Dice the avocados last.
2. Season and cook the chicken: rub the breasts with the olive oil, 1 teaspoon of the salt, the pepper, half the cumin, and half the chili powder. Sear in a hot skillet 5-6 minutes per side to 165 F. Rest 5 minutes, then dice into 1/2-inch cubes.
3. Char the corn (optional but worth it): in the same hot skillet, cook the corn undisturbed 3-4 minutes until a few kernels char black in spots. It adds a smoky sweetness that makes the salad.
4. Make the dressing: whisk the sour cream, salsa, lime juice, remaining cumin and chili powder, and remaining 1 teaspoon salt. It should be pourable — thin with a tablespoon of water if needed. Taste: smoky, tangy, lightly spicy.
5. Assemble: divide the romaine among 6 wide bowls. Top each with black beans, corn, tomatoes, chicken, avocado, cheddar, red onion, and cilantro. Drizzle generously with dressing and finish with tortilla strips for crunch.
6. Storage: Components keep separately 4 days. Dressing keeps 5 days refrigerated. Add avocado, tortilla strips, and dressing only when serving.
7. Common mistakes: (1) Watery salad — beans and corn not drained well. Drain, then drain again. (2) Brown avocado — cut it right before serving, or toss with lime juice if holding briefly. (3) Bland chicken — the spice rub is doing real work here; do not skip it.",6,40,Southwest,southwest-chicken-salad.webp
105,Tuna and white bean salad,Italian,452,34,38,18,"- 3 cans (5 oz each) Italian tuna in olive oil, drained
- 3 cans (15 oz each) cannellini beans, drained and rinsed
- 1 red onion, sliced paper-thin
- 2 stalks celery, diced small
- 1 cup cherry tomatoes, halved
- 2 tbsp capers, drained
- 1/2 cup fresh flat-leaf parsley, chopped
- 1/3 cup extra-virgin olive oil, plus more for drizzling
- 3 tbsp fresh lemon juice
- 1 tbsp red wine vinegar
- 1 tsp kosher salt, plus more to taste
- 1/2 tsp black pepper
- 6 cups baby arugula","1. Mise en place: Drain and rinse the cannellini beans in a colander until the water runs clear, then let them drain 5 minutes — wet beans make a watery salad. Slice the red onion paper-thin. Dice the celery small. Halve the tomatoes. Chop the parsley. Drain the capers.
2. Tame the onion: put the sliced onion in a bowl of ice water with a splash of the red wine vinegar and let sit 10 minutes, then drain. This classic Tuscan trick takes the harsh raw bite out while keeping the crunch.
3. A note on ingredients: in Tuscany this is insalata di tonno e fagioli, and the tuna matters — Italian tuna packed in olive oil (not water) is richer and silkier, and it is worth seeking out. Tuscans are nicknamed mangiafagioli, 'bean eaters,' and they would use cannellini beans above all.
4. Combine gently: in a large bowl, add the beans, drained onion, celery, tomatoes, capers, and half the parsley. Drizzle with the olive oil, lemon juice, and red wine vinegar. Season with the salt and pepper. Toss gently — you want the beans to stay whole, not mashed.
5. Add the tuna last: break the drained tuna into large chunks with a fork and fold it through the salad gently. Big pieces of tuna, not flakes, is the goal.
6. Rest 15-20 minutes at room temperature so the beans absorb the dressing — this step genuinely improves it. Taste and adjust: more salt, more lemon, or another glug of olive oil until it sings.
7. Serve over a bed of arugula on a platter, scattered with the remaining parsley and a final drizzle of your best olive oil. Crusty bread alongside is traditional.
8. Storage: Refrigerate up to 3 days; the flavor deepens. Bring to room temperature 20 minutes before serving and refresh with a squeeze of lemon.
9. Common mistakes: (1) Mushy beans — you tossed aggressively or used beans straight from the can without draining. Gentle hands. (2) Harsh raw onion — the ice water soak fixes it; do not skip. (3) Tuna in water — it works, but the dish loses its silkiness. Olive-oil-packed tuna is the authentic choice.",6,25,Tuscany,tuna-and-white-bean-salad.webp
106,Steak salad with blue cheese,American,552,46,10,37,"- 2 lb sirloin steak, about 1 1/4 inches thick
- 8 cups mixed salad greens
- 2 cups cherry tomatoes, halved
- 1 cucumber, sliced
- 1/2 red onion, thinly sliced
- 1 cup crumbled blue cheese (4 oz)
- 1/2 cup walnuts, toasted and chopped
- 1/3 cup olive oil
- 3 tbsp balsamic vinegar
- 1 tbsp Dijon mustard
- 1 clove garlic, minced
- 2 tsp kosher salt, divided
- 1 tsp black pepper, divided","1. Mise en place: Wash and dry the greens completely. Halve the tomatoes, slice the cucumber and red onion. Toast the walnuts in a dry skillet 3-4 minutes until fragrant, then chop. Crumble the blue cheese. Take the steak out of the fridge 30 minutes ahead and pat very dry.
2. Sear the steak: season both sides generously with 1 teaspoon of the salt and half the pepper. Heat a heavy skillet over high heat until just smoking. Sear 3-4 minutes per side without moving for a deep crust. Check 130-135 F for medium-rare. Rest 8-10 minutes — non-negotiable — then slice thin against the grain.
3. Make the vinaigrette: whisk the olive oil, balsamic vinegar, Dijon, garlic, remaining salt, and pepper until emulsified. It should taste bold — the greens and steak can take it.
4. Assemble: divide the greens among 6 wide bowls or a large platter. Arrange the sliced steak over the top, then the tomatoes, cucumber, red onion, blue cheese, and walnuts. Drizzle with vinaigrette just before serving.
5. Storage: Keep steak, greens, and dressing separate up to 3 days. Slice steak cold for the salad or warm it gently — never microwave steak; it turns gray and tough.
6. Common mistakes: (1) Tough steak — sliced with the grain or skipped the rest. Against the grain, every time. (2) Dressed too early — greens wilt. Dress at the table. (3) Cold bland steak — season the steak aggressively before searing; the salad has no other seasoning on the meat.",6,40,,steak-salad-with-blue-cheese.webp
107,Quinoa and black bean salad,American,602,21,82,24,"- 2 cups quinoa, rinsed
- 2 cans (15 oz) black beans, drained and rinsed
- 2 cups corn kernels
- 2 cups cherry tomatoes, halved
- 1 red bell pepper, diced
- 1/2 red onion, diced
- 2 avocados, diced
- 1/2 cup fresh cilantro, chopped
- 1/3 cup olive oil
- 1/3 cup fresh lime juice (about 3 limes)
- 2 tsp ground cumin
- 1 tsp chili powder
- 1 clove garlic, minced
- 2 tsp kosher salt","1. Mise en place: Rinse the quinoa in a fine-mesh strainer under cold water 30 seconds — this washes off saponin, the natural coating that tastes bitter and soapy. Drain and rinse the black beans. Dice the bell pepper and red onion. Halve the tomatoes. Chop the cilantro. Juice the limes.
2. Cook the quinoa: combine the rinsed quinoa with 4 cups of salted water in a pot. Bring to a boil, reduce to low, cover, and simmer 15 minutes until the water is absorbed and the little spiral tails (the germ) have unfurled from each grain. Remove from heat, rest covered 5 minutes, then fluff with a fork and spread on a sheet pan to cool — warm quinoa wilts the vegetables and turns the salad gummy.
3. Make the dressing: whisk the olive oil, lime juice, cumin, chili powder, garlic, and salt until combined.
4. Assemble: in a very large bowl, combine the cooled quinoa, black beans, corn, tomatoes, bell pepper, and red onion. Pour over the dressing and toss well. Fold in the cilantro. Taste and add more salt or lime until bright and punchy.
5. Top each serving with diced avocado — add it at the table, not in the bowl, or it browns and mashes into everything.
6. Storage: Refrigerate up to 4 days; the flavor improves as it sits. Add avocado fresh each time. This is one of the best meal-prep salads there is.
7. Common mistakes: (1) Bitter quinoa — you skipped the rinse. Always rinse. (2) Mushy salad — the quinoa was warm or wet when assembled. Cool and fluff it first. (3) Flat flavor — under-salted or under-limed. Quinoa needs assertive seasoning; taste and adjust twice.",6,40,,quinoa-and-black-bean-salad.webp
108,Salmon nicoise salad,French,916,52,50,58,"- 2 lb salmon fillet, skin on, cut into 6 portions
- 12 large eggs
- 2 lb small potatoes, halved
- 1 lb green beans, trimmed
- 8 cups mixed salad greens
- 3 cups cherry tomatoes, halved
- 1 cucumber, sliced
- 1 cup nicoise or kalamata olives
- 12 anchovy fillets in oil, drained
- 1/2 cup olive oil
- 1/4 cup red wine vinegar
- 2 tbsp Dijon mustard
- 1 clove garlic, minced
- 2 tbsp capers, drained
- 2 tbsp olive oil, for the salmon
- 2 tsp kosher salt, divided, plus more to taste
- 1 tsp black pepper
- 1/4 cup fresh basil leaves, torn","1. Mise en place: Cut the salmon into 6 even portions. Trim the green beans (snap off the stem ends). Halve the potatoes. Wash and dry the greens. Halve the tomatoes, slice the cucumber. A note on tradition: in Nice, purists insist salade nicoise has only raw vegetables, egg, olives, and anchovy OR tuna — never both, never potatoes. This salmon version is the beloved modern bistro take, and it is delicious on its own terms.
2. Hard-boil the eggs: cover with cold water, bring to a boil, remove from heat, cover, stand 10 minutes, then ice bath 5 minutes. Peel and halve.
3. Cook the potatoes: put them in salted cold water, bring to a boil, and simmer 12-15 minutes until just tender when pierced — not falling apart. Drain and let steam-dry 2 minutes.
4. Blanch the green beans: boil in salted water exactly 3 minutes until bright green and crisp-tender, then plunge into ice water to lock the color. Drain well.
5. Sear the salmon: pat the portions very dry and season with 1 teaspoon of the salt and the pepper. Heat the 2 tablespoons olive oil in a large skillet over medium-high heat until shimmering. Lay the salmon skin-side down and press gently 10 seconds so the skin makes full contact. Cook 5-6 minutes without moving until the skin is crisp and the flesh is opaque two-thirds up the side. Flip and cook 1-2 minutes more until just opaque in the center — 125-130 F for medium. The center should still be slightly translucent; it finishes as it rests.
6. Make the vinaigrette: whisk the 1/2 cup olive oil, red wine vinegar, Dijon, garlic, capers, remaining 1 teaspoon salt, and pepper until emulsified.
7. Compose the salad: spread the greens on a large platter. Arrange the potatoes, green beans, tomatoes, cucumber, egg halves, and olives in separate generous piles over the greens — a composed salad shows off each ingredient. Lay the salmon portions on top, drape 2 anchovy fillets over each, and scatter the torn basil.
8. Drizzle with vinaigrette just before serving, or pass it at the table. Serve at room temperature, not ice cold — the flavors open up.
9. Storage: Components keep separately 3 days. Assemble fresh; dressed greens wilt within an hour.
10. Common mistakes: (1) Overcooked salmon — it goes from silky to chalky fast. Pull at 125-130 F; residual heat finishes it. (2) Soggy skin — the fish was wet or the pan was not hot enough. Dry thoroughly, hot pan, do not move it. (3) Mushy potatoes — boiled too long. Start checking at 12 minutes.",6,60,Provence,salmon-nicoise-salad.webp
109,Split pea soup with ham,American,447,37,54,9,"- 1 lb dried green split peas (2 cups), rinsed and picked over
- 1 lb ham, diced (or 1 meaty ham hock)
- 2 tbsp butter
- 2 medium yellow onions, diced
- 4 carrots, peeled and diced
- 3 stalks celery, diced
- 4 cloves garlic, minced
- 2 bay leaves
- 1 tsp dried thyme
- 8 cups low-sodium chicken broth
- 1 tsp kosher salt, plus more to taste
- 1 tsp black pepper","1. Mise en place: Rinse the split peas in a strainer and pick out any small stones or shriveled peas — this takes 60 seconds and saves a cracked tooth. Dice the ham into 1/2-inch cubes. Dice the onions, carrots, and celery. Mince the garlic.
2. Sweat the vegetables: melt the butter in a large heavy pot or Dutch oven over medium heat. Add the onions, carrots, and celery with the salt. Cook 8-10 minutes, stirring now and then, until the onions are soft and translucent and the carrots start to turn tender. Stir in the garlic, thyme, and bay leaves and cook 1 minute until fragrant.
3. Add the peas and broth: stir in the split peas to coat in the butter, then pour in the broth. Add the ham (or nestle in the ham hock). Bring to a boil, then skim off any foam from the surface.
4. Simmer low and slow: reduce to a gentle simmer — just a few lazy bubbles. Partially cover and cook 60-75 minutes, stirring every 15 minutes and scraping the bottom (the peas sink and can stick). It is done when the peas have completely fallen apart and the soup is thick and creamy. If it gets too thick, thin with a cup of water or broth; if too thin, simmer uncovered 10 more minutes.
5. Finish: fish out the bay leaves (and the ham hock if used — shred the meat off the bone and stir it back in). Taste and season boldly with salt and pepper — split peas need assertive seasoning. For a silky texture, blend half the soup with an immersion blender and stir it back in; for rustic, leave it as is.
6. Serve hot with crusty bread. A drizzle of olive oil or a dollop of sour cream on top is excellent.
7. Storage: Refrigerate up to 5 days — it thickens considerably; thin with broth or water when reheating. Freezes beautifully up to 3 months.
8. Common mistakes: (1) Crunchy peas after an hour — old peas. Split peas older than a year take much longer; buy fresh ones. Also, do not add acidic ingredients (like tomatoes) before the peas soften — acid keeps them hard. (2) Scorched bottom — the peas settle, so stir and scrape regularly. (3) Bland — under-salted. This soup needs more salt than you think; taste at the end, not the beginning.",6,95,,split-pea-soup-with-ham.webp
110,Beef and barley soup,American,520,36,41,24,"- 1 1/2 lb beef chuck, cut in 3/4-inch cubes
- 1 cup pearled barley, rinsed
- 2 tbsp olive oil
- 2 medium yellow onions, diced
- 4 carrots, peeled and diced
- 3 stalks celery, diced
- 8 oz mushrooms, sliced
- 4 cloves garlic, minced
- 2 tbsp tomato paste
- 8 cups low-sodium beef broth
- 2 bay leaves
- 1 tsp dried thyme
- 2 tsp kosher salt, plus more to taste
- 1 tsp black pepper
- 1/4 cup fresh parsley, chopped","1. Mise en place: Cut the beef into even 3/4-inch cubes — even pieces cook evenly. Dice the onions, carrots, and celery. Slice the mushrooms. Mince the garlic. Rinse the barley. Pat the beef very dry with paper towels and season with 1 teaspoon of the salt and half the pepper.
2. Brown the beef well: heat the olive oil in a large heavy pot or Dutch oven over medium-high heat until shimmering. Sear the beef in two batches — crowding steams it — 3-4 minutes per batch, turning, until deeply browned on at least two sides. This crust is the flavor foundation of the whole soup. Remove to a plate.
3. Build the base: in the same pot, add the onions, carrots, celery, and mushrooms. Cook 6-8 minutes, stirring, until the onions soften and the mushrooms brown. Stir in the garlic and cook 30 seconds. Add the tomato paste and cook 2 minutes, stirring, until it darkens.
4. Simmer: pour in the broth, scraping up every browned bit from the bottom. Return the beef and any juices to the pot. Add the barley, bay leaves, thyme, and remaining salt. Bring to a boil, then reduce to a gentle simmer.
5. Cook 60-75 minutes, partially covered, stirring now and then, until the beef is fork-tender and the barley is chewy-tender — it should have a pleasant bite, not mush. If the soup gets too thick (barley drinks a lot of liquid), add a cup of water or broth.
6. Finish: fish out the bay leaves. Taste and salt until deeply savory. Stir in the parsley. Serve hot with crusty bread.
7. Storage: Refrigerate up to 4 days. The barley keeps absorbing liquid, so thin with broth when reheating. Freezes up to 3 months.
8. Common mistakes: (1) Tough beef — it was not simmered long enough, or it boiled hard. Gentle simmer, full time, and it surrenders. (2) Mushy barley — added too early or cooked at a rolling boil. It goes in with the simmer and cooks gently. (3) Gray, flat soup — the beef was not browned. That crust is everything; do not skip or rush it.",6,100,,beef-and-barley-soup.webp
111,White chicken chili,American,878,70,48,46,"- 2 lb boneless, skinless chicken breasts
- 2 tbsp olive oil
- 2 medium yellow onions, diced
- 4 cloves garlic, minced
- 3 cans (4 oz each) diced green chiles
- 2 cans (15 oz) cannellini beans, drained and rinsed
- 1 can (15 oz) corn, drained
- 4 cups low-sodium chicken broth
- 2 tsp ground cumin
- 1 tsp dried oregano
- 1 tsp chili powder
- 1/2 tsp cayenne pepper
- 8 oz cream cheese, cubed and softened
- 1/2 cup heavy cream
- 2 limes, juiced
- 1/2 cup fresh cilantro, chopped
- 1 1/2 cups shredded Monterey Jack cheese (6 oz), for serving
- 1/2 cup light sour cream, for serving
- 1 avocado, diced, for serving
- 2 tsp kosher salt, plus more to taste
- 1 tsp black pepper","1. Mise en place: Dice the onions. Mince the garlic. Drain and rinse the beans, drain the corn and green chiles. Cube the cream cheese and let it sit at room temperature — cold cream cheese never melts smooth. Juice the limes, chop the cilantro. Season the chicken with 1 teaspoon of the salt and the pepper.
2. Sear the chicken: heat the olive oil in a large heavy pot or Dutch oven over medium-high heat. Sear the chicken breasts 3-4 minutes per side until golden. They do not need to cook through — they finish in the chili. Remove to a plate.
3. Sweat the aromatics: in the same pot, add the onions with the remaining 1 teaspoon salt. Cook 5-6 minutes until soft and translucent. Stir in the garlic, cumin, oregano, chili powder, and cayenne and cook 1 minute until fragrant — toasting the spices in the fat blooms their flavor.
4. Simmer: pour in the broth, scraping up the browned bits. Add the green chiles, beans, and corn. Return the chicken to the pot. Bring to a gentle simmer and cook 20-25 minutes until the chicken is completely tender and shreds easily.
5. Shred: remove the chicken to a cutting board and shred with two forks into bite-size pieces. Return to the pot.
6. Make it creamy: reduce heat to low. Add the softened cream cheese cubes a few at a time, stirring until each melts before adding more. Stir in the heavy cream. Simmer gently 5 minutes — do not boil, or the dairy can separate. The chili should be thick, creamy, and coat a spoon.
7. Finish: stir in the lime juice and half the cilantro. Taste and salt until it pops — the beans and dairy need assertive seasoning. Serve in deep bowls topped with Monterey Jack, sour cream, avocado, and the remaining cilantro.
8. Storage: Refrigerate up to 4 days; it thickens as it sits — thin with a splash of broth when reheating. Freezes up to 3 months, though the texture is creamiest fresh.
9. Common mistakes: (1) Grainy or separated sauce — the heat was too high when the cream cheese went in, or it was fridge-cold. Low heat, softened cubes, stir patiently. (2) Bland — white chili needs more salt and acid than you expect. The lime juice at the end is essential, not optional. (3) Tough chicken — simmered too hard or too long. Gentle bubbles, pull and shred as soon as it is tender.",6,60,Southwest,white-chicken-chili.webp
112,Tomato basil soup with turkey grilled cheese,American,845,43,76,45,"- 3 tbsp olive oil
- 2 medium yellow onions, diced
- 6 cloves garlic, minced
- 3 cans (28 oz each) crushed tomatoes
- 2 cups low-sodium chicken broth
- 1 tsp sugar
- 1/2 tsp red pepper flakes
- 1 cup fresh basil leaves, packed, plus more for serving
- 3/4 cup heavy cream
- 1/2 cup grated parmesan cheese (2 oz)
- 2 tsp kosher salt, plus more to taste
- 1 tsp black pepper
- 12 slices sourdough bread
- 12 oz sliced deli turkey breast
- 6 oz sliced sharp cheddar cheese
- 6 oz sliced mozzarella cheese
- 3 tbsp butter, softened","1. Mise en place: Dice the onions, mince the garlic. Open the tomato cans. Pack and measure the basil (stack the leaves, roll them into a cigar, and slice thin — this is a chiffonade). Grate the parmesan. Soften the butter for the sandwiches.
2. Build the soup base: heat the olive oil in a large heavy pot over medium heat. Add the onions with 1 teaspoon of the salt and cook 8-10 minutes, stirring, until completely soft, sweet, and golden at the edges. Do not rush — sweet onions are the backbone of the soup.
3. Add the garlic and red pepper flakes and cook 1 minute until fragrant. Pour in the crushed tomatoes and the broth, scraping the bottom. Add the sugar (it tames the tomatoes' acidity), the remaining salt, and the pepper.
4. Simmer 20-25 minutes, stirring now and then, until slightly thickened and the flavors have married. The raw tinny edge of canned tomatoes cooks out in this time.
5. Blend silky smooth: remove from heat and blend with an immersion blender until completely smooth — tilt and move it around to catch every chunk. (Or blend in batches in a regular blender, filling it only halfway and holding the lid down with a towel; hot soup expands.)
6. Finish: stir in the heavy cream and parmesan until the cheese melts. Stir in the basil and let it wilt 1 minute. Taste and adjust salt — tomato soup needs confident seasoning. Keep warm over the lowest heat while you make the sandwiches.
7. Assemble the grilled cheese: butter one side of each bread slice. For each sandwich, lay one slice butter-side down, layer with cheddar, turkey, mozzarella, and top with the second slice butter-side up. The two cheeses give you sharp flavor plus the epic cheese pull.
8. Grill low and slow: heat a large skillet over medium-low heat. Cook the sandwiches 3-4 minutes per side, pressing gently, until deep golden brown and the cheese is fully melted. Low heat is the secret — high heat burns the bread before the cheese melts. Work in batches and keep finished sandwiches warm in a 200 F oven.
9. Serve: ladle the soup into wide bowls, drizzle with a thread of cream and a few basil leaves. Cut each sandwich in half diagonally and serve alongside for dunking.
10. Storage: Soup keeps 5 days refrigerated and freezes 3 months (freeze before adding cream for best texture; stir the cream in when reheating). Sandwiches are best fresh; leftovers reheat in a skillet.
11. Common mistakes: (1) Thin, tinny soup — under-simmered. Give it the full 20+ minutes. (2) Burnt grilled cheese, cold center — heat too high. Medium-low and patience. (3) Grainy soup — the parmesan was added to boiling soup. Stir it into hot-but-not-boiling soup off the fiercest heat.",6,60,,tomato-basil-soup-with-turkey-grilled-cheese.webp
113,Hamburger veggie soup,American,456,32,46,18,"- 1 1/2 lb 90% lean ground beef
- 2 tbsp olive oil
- 2 medium yellow onions, diced
- 4 carrots, peeled and diced
- 3 stalks celery, diced
- 4 cloves garlic, minced
- 2 cans (14.5 oz each) diced tomatoes
- 1 can (15 oz) tomato sauce
- 6 cups low-sodium beef broth
- 2 cups green beans, cut in 1-inch pieces
- 2 cups corn kernels
- 2 cups russet potatoes, peeled and diced
- 2 bay leaves
- 2 tsp Italian seasoning
- 2 tsp kosher salt, plus more to taste
- 1 tsp black pepper","1. Mise en place: Dice the onions, carrots, celery, and potatoes into uniform 1/2-inch pieces so everything cooks at the same rate. Cut the green beans into 1-inch pieces. Mince the garlic. Open all the cans.
2. Brown the beef: heat the olive oil in a large heavy pot over medium-high heat. Add the beef, break into chunks, and let brown 3-4 minutes undisturbed before crumbling. Cook 5-6 minutes total until no pink remains. Spoon off excess fat.
3. Sweat the aromatics: add the onions, carrots, and celery with 1 teaspoon of the salt. Cook 6-8 minutes until the onions soften. Stir in the garlic and Italian seasoning and cook 1 minute until fragrant.
4. Simmer: pour in the beef broth, diced tomatoes, and tomato sauce, scraping up the browned bits. Add the potatoes, green beans, corn, bay leaves, and remaining salt and pepper. Bring to a boil, then reduce to a gentle simmer.
5. Cook 30-35 minutes, partially covered, until the potatoes are completely tender and the carrots yield easily to a fork. Fish out the bay leaves. Taste and salt boldly — a big pot of soup needs more seasoning than you think.
6. Serve hot with crusty bread or crackers. This is humble food at its best.
7. Storage: Refrigerate up to 5 days — it is even better the next day. Freezes up to 3 months. Thin with broth when reheating if the potatoes have absorbed too much liquid.
8. Common mistakes: (1) Mushy vegetables — simmered too long or cut too small. Half-inch dice, and start checking at 30 minutes. (2) Greasy soup — you skipped spooning off the beef fat. (3) Flat flavor — under-salted or no browning on the beef. Brown it well and season at the end.",6,65,,hamburger-veggie-soup.webp
114,Chicken and dumplings,American,642,42,57,27,"- 2 lb boneless, skinless chicken thighs
- 2 tbsp butter
- 2 medium yellow onions, diced
- 4 carrots, peeled and diced
- 3 stalks celery, diced
- 4 cloves garlic, minced
- 1/3 cup all-purpose flour
- 8 cups low-sodium chicken broth
- 2 bay leaves
- 1 tsp dried thyme
- 1 1/2 cups frozen peas
- 1/2 cup heavy cream
- 2 cups all-purpose flour (for dumplings)
- 1 tbsp baking powder
- 1 tsp kosher salt, plus more to taste
- 1/2 tsp black pepper
- 4 tbsp cold butter, cubed (for dumplings)
- 1 cup cold 2% milk
- 2 tbsp fresh chives, snipped","1. Mise en place: Dice the onions, carrots, and celery into 1/2-inch pieces. Mince the garlic. Cube the cold butter for the dumplings and keep it in the fridge until needed — cold butter makes fluffy dumplings. Season the chicken thighs with 1 teaspoon salt and the pepper.
2. Brown the chicken: melt the 2 tablespoons butter in a large heavy pot or Dutch oven over medium-high heat until foaming. Sear the thighs 3-4 minutes per side until golden. They do not need to cook through. Remove to a plate.
3. Build the stew: in the same pot, add the onions, carrots, and celery with a pinch of salt. Cook 6-8 minutes until softened. Stir in the garlic and thyme and cook 1 minute. Sprinkle the 1/3 cup flour over the vegetables and stir 1 minute to form a roux.
4. Slowly pour in the broth, stirring constantly to avoid lumps. Add the bay leaves. Return the chicken to the pot. Bring to a gentle simmer and cook 20 minutes until the chicken is tender and the broth has thickened slightly.
5. Shred the chicken: remove the thighs, shred into bite-size pieces with two forks, and return to the pot. Stir in the peas and the cream. Keep at a gentle simmer — not a boil — while you make the dumplings. Taste and salt the stew now; it must be well seasoned before the dumplings go in.
6. Make the dumpling dough: whisk the 2 cups flour, baking powder, 1 teaspoon salt, and pepper in a bowl. Cut in the cold cubed butter with a pastry cutter or your fingertips until it looks like coarse crumbs with pea-size bits of butter — those butter pockets are what make dumplings fluffy. Stir in the cold milk just until a soft shaggy dough forms. Do not overmix.
7. Drop the dumplings: the stew must be at a steady gentle simmer with the surface visibly bubbling. Drop golf-ball-size spoonfuls of dough onto the surface, spacing them apart — they swell. You should get 12-14 dumplings.
8. Cover tightly and cook 15 minutes. Do not lift the lid — the trapped steam is what cooks the dumplings through. They are done when puffed, firm to the touch, and a toothpick in the center comes out clean.
9. Rest 5 minutes off the heat, then serve in deep bowls with a dumpling or two per person, spooning plenty of stew over. Scatter with chives.
10. Storage: Refrigerate up to 3 days. The dumplings absorb broth as they sit — thin with broth when reheating, gently, so they do not fall apart.
11. Common mistakes: (1) Gummy dense dumplings — overmixed dough or the lid was lifted. Mix just until combined, then hands off for 15 minutes. (2) Dumplings fell apart — the stew was not simmering when they went in, or it boiled violently. Gentle steady simmer. (3) Raw flour taste — the roux was not cooked a full minute before the broth went in.",6,75,Southern US,chicken-and-dumplings.webp
115,Teriyaki chicken and pineapple skewers,American,649,45,93,10,"- 2 1/2 lb boneless, skinless chicken thighs, cut in 1 1/2-inch chunks
- 1 fresh pineapple, cut in 1 1/2-inch chunks (about 4 cups)
- 2 red bell peppers, cut in 1 1/2-inch squares
- 1 red onion, cut in 1 1/2-inch wedges
- 3/4 cup low-sodium soy sauce
- 1/2 cup brown sugar, packed
- 1/4 cup honey
- 1/4 cup rice vinegar
- 2 tbsp fresh ginger, grated
- 5 cloves garlic, minced
- 2 tbsp cornstarch
- 1/4 cup water
- 1 tbsp neutral oil, for the grill
- 1 1/2 cups long-grain white rice, uncooked
- 3 scallions, sliced, and 1 tbsp sesame seeds, for serving","1. Mise en place: Cut the chicken into 1 1/2-inch chunks — uniform pieces cook evenly on the skewer. Cut the pineapple, peppers, and onion into similar-size chunks. Grate the ginger, mince the garlic. If using wooden skewers, soak them in water 30 minutes so they do not burn. Start the rice: 1 1/2 cups rice in 3 cups salted boiling water, covered, 15 minutes on low.
2. Make the teriyaki sauce: in a small saucepan, whisk the soy sauce, brown sugar, honey, rice vinegar, ginger, and garlic. Bring to a simmer over medium heat, stirring until the sugar dissolves. Whisk the cornstarch with the 1/4 cup cold water into a slurry, then whisk it into the sauce. Simmer 1-2 minutes, stirring, until thick enough to coat a spoon — it should look glossy. Divide: half for marinating, half for serving (never reuse marinade that touched raw chicken).
3. Marinate: toss the chicken chunks with half the cooled sauce in a bowl. Marinate 30 minutes at room temperature, or up to 4 hours refrigerated. The sugar in the marinade helps the chicken caramelize on the grill.
4. Thread the skewers: alternate chicken, pineapple, bell pepper, and onion, leaving small gaps between pieces so heat circulates. Do not pack tightly — crowded skewers steam instead of char. Discard the used marinade.
5. Grill: heat the grill to medium-high and oil the grates well (fold a paper towel, dip in oil, and rub with tongs). Grill the skewers 10-14 minutes, turning every 3-4 minutes, until the chicken is charred in spots and reads 165 F inside. Brush with a little of the reserved clean sauce in the last 2 minutes for a glossy glaze.
6. No grill? Broil on a foil-lined sheet pan 4 inches from the element, 12-15 minutes, turning once, with the same glaze at the end.
7. Rest 3 minutes, then serve over rice with the remaining teriyaki sauce drizzled over, scattered with scallions and sesame seeds.
8. Storage: Refrigerate skewers (off the sticks) up to 4 days. Reheat in a 350 F oven 10 minutes. The sauce keeps 2 weeks refrigerated.
9. Common mistakes: (1) Burnt sugary char, raw center — grill too hot. Medium-high, and keep the pieces uniform. (2) Dry chicken — overcooked past 165 F. Use a thermometer. (3) Sticking to the grill — the grates were not oiled or not hot enough when the food went on. Hot, oiled grates release cleanly.",6,60,Hawaii,teriyaki-chicken-and-pineapple-skewers.webp
116,Honey garlic shrimp and broccoli,Chinese,601,55,82,8,"- 2 1/2 lb large shrimp (21/25), peeled and deveined, tails on
- 2 tbsp cornstarch
- 1 tsp kosher salt
- 1/2 tsp white pepper
- 2 tbsp neutral oil, divided
- 8 cups broccoli florets, cut small
- 6 cloves garlic, minced
- 1 tbsp fresh ginger, minced
- 1/2 cup honey
- 1/3 cup low-sodium soy sauce
- 2 tbsp rice vinegar
- 1 tbsp oyster sauce
- 1 tsp toasted sesame oil
- 1 tbsp cornstarch (for the sauce)
- 1/3 cup water
- 2 tsp sesame seeds
- 4 scallions, sliced
- 1 1/2 cups long-grain white rice, uncooked","1. Mise en place: If the shrimp are frozen, thaw in cold water 15 minutes and pat VERY dry — dry shrimp sear instead of steam. Cut the broccoli into small bite-size florets so they cook in minutes. Mince the garlic and ginger. Stir the sauce: whisk the honey, soy sauce, rice vinegar, oyster sauce, sesame oil, the 1 tablespoon cornstarch, and the water until smooth. Start the rice.
2. Velvet the shrimp: toss the dry shrimp with the 2 tablespoons cornstarch, salt, and white pepper until lightly coated. This Cantonese technique — a whisper-thin starch coating — keeps the shrimp juicy and gives the sauce something to cling to.
3. Sear the shrimp: heat 1 tablespoon of the oil in a large skillet or wok over high heat until shimmering and just starting to smoke. Add half the shrimp in a single layer and sear 60-90 seconds per side until pink, curled into a C shape, and lightly golden. A tight O means overcooked. Remove immediately — they finish in the sauce. Repeat with the remaining shrimp.
4. Char the broccoli: in the same pan, add the remaining 1 tablespoon oil. Add the broccoli with 1/4 cup water and cover 2 minutes to steam, then uncover and cook 2-3 minutes more, stirring, until bright green, crisp-tender, and charred in spots. Push to the edges.
5. Build the sauce: add the garlic and ginger to the center and stir 30 seconds until fragrant. Pour in the sauce mixture and bring to a simmer, stirring — it thickens in about 1 minute into a glossy glaze that coats a spoon. If it gets too thick, add a splash of water.
6. Return the shrimp to the pan and toss 30-60 seconds just to coat and heat through — no longer, or they overcook. Serve immediately over rice, topped with sesame seeds and scallions.
7. Storage: Refrigerate up to 2 days. Reheat gently in a skillet with a splash of water — the microwave turns shrimp rubbery fast.
8. Common mistakes: (1) Rubbery shrimp — overcooked. They cook in 2-3 minutes total; pull them the moment they curl into a C. (2) Soggy gray broccoli — the pan was not hot enough or the florets were too big. Small florets, ripping-hot pan. (3) Sauce too thin or too thick — the cornstarch must come to a simmer to activate; if it over-thickens, thin with water a tablespoon at a time.",6,35,Cantonese,honey-garlic-shrimp-and-broccoli.webp
117,Tofu and veggie stir fry with cashews,Chinese,711,29,82,31,"- 3 blocks (14 oz each) extra-firm tofu, pressed and cubed
- 1/2 cup cornstarch
- 4 tbsp neutral oil, divided
- 1 red bell pepper, cut in 1-inch squares
- 1 yellow bell pepper, cut in 1-inch squares
- 8 oz sugar snap peas, strings removed
- 8 oz mushrooms, sliced
- 2 cups broccoli florets, cut small
- 1 cup shredded carrots
- 6 cloves garlic, minced
- 1 tbsp fresh ginger, minced
- 1 cup roasted cashews
- 1/2 cup low-sodium soy sauce
- 1/4 cup hoisin sauce
- 2 tbsp rice vinegar
- 1 tbsp honey
- 2 tsp toasted sesame oil
- 1 tbsp cornstarch (for the sauce)
- 1/2 cup water
- 4 scallions, sliced
- 1 1/2 cups long-grain white rice, uncooked
- 2 tsp kosher salt, divided","1. Mise en place: Press the tofu: wrap the blocks in clean towels, set a heavy pan on top, and press 20-30 minutes. This squeezes out water so the tofu crisps instead of steams — the single most important step. Then cut into 1-inch cubes. Cut all vegetables into similar bite-size pieces. Mince the garlic and ginger. Stir the sauce: soy sauce, hoisin, rice vinegar, honey, sesame oil, the 1 tablespoon cornstarch, and the water. Start the rice.
2. Crisp the tofu: toss the pressed cubes with the 1/2 cup cornstarch and 1 teaspoon of the salt until lightly coated. Heat 2 tablespoons of the oil in a large skillet or wok over medium-high heat until shimmering. Add the tofu in a single layer — work in two batches — and cook 3-4 minutes per side, turning to brown at least three sides, until deeply golden and crisp. Remove to a plate. It will not stay fully crisp once sauced, but the crust gives it chew and structure.
3. Stir-fry the vegetables in stages: add 1 tablespoon oil to the hot pan. Start with the broccoli and carrots (the dense ones) — stir-fry 2 minutes. Add the peppers, snap peas, and mushrooms — stir-fry 2-3 minutes more until bright, crisp-tender, and lightly charred at the edges. Vegetables should still have bite; mushy stir-fry is a failure of heat and timing.
4. Add the garlic and ginger and stir 30 seconds until fragrant. Pour in the sauce and bring to a simmer, stirring — it thickens into a glaze in about 1 minute.
5. Return the tofu to the pan along with the cashews and toss 1 minute to coat everything in the glossy sauce. Shower with scallions and serve immediately over rice.
6. Storage: Refrigerate up to 3 days. Reheat in a hot skillet with a splash of water — the microwave makes tofu spongy.
7. Common mistakes: (1) Soggy tofu — you skipped the press. Twenty minutes of pressing changes everything. (2) Steamed instead of seared — the pan was crowded or not hot enough. Single layer, ripping heat. (3) Mushy vegetables — everything thrown in at once. Dense vegetables first, quick ones last, and keep them moving.",6,55,,tofu-and-veggie-stir-fry-with-cashews.webp
118,Chicken gyros with tzatziki,Greek,703,61,47,30,"- 2 1/2 lb boneless, skinless chicken thighs
- 1/3 cup extra-virgin olive oil
- 1/4 cup fresh lemon juice (about 2 lemons)
- 5 cloves garlic, minced
- 2 tbsp red wine vinegar
- 1 tbsp dried oregano
- 2 tsp ground cumin
- 2 tsp paprika
- 2 tsp kosher salt, divided
- 1 tsp black pepper
- 2 cups plain 2% Greek yogurt
- 1 cucumber, grated
- 3 cloves garlic, minced (for tzatziki)
- 2 tbsp fresh lemon juice (for tzatziki)
- 2 tbsp extra-virgin olive oil (for tzatziki)
- 2 tbsp fresh dill, chopped
- 6 pita breads
- 3 tomatoes, diced
- 1/2 red onion, thinly sliced
- 3 cups shredded lettuce
- 4 oz feta cheese, crumbled","1. Mise en place: Grate the cucumber on the large holes of a box grater, then squeeze it in a clean towel until no more water comes out — a watery cucumber makes watery tzatziki. Chop the dill. Dice the tomatoes, slice the red onion thin, shred the lettuce. Juice the lemons.
2. Marinate the chicken: whisk the 1/3 cup olive oil, 1/4 cup lemon juice, 5 cloves garlic, red wine vinegar, oregano, cumin, paprika, 1 1/2 teaspoons of the salt, and the pepper in a large bowl. Add the chicken thighs and turn to coat every piece. Cover and refrigerate at least 1 hour, or up to overnight — the acid and oil carry the oregano-garlic flavor deep into the meat. (Do not marinate more than 24 hours; the lemon starts to turn the texture mushy.)
3. Make the tzatziki: stir the Greek yogurt, squeezed-dry cucumber, 3 cloves garlic, 2 tablespoons lemon juice, 2 tablespoons olive oil, dill, and the remaining 1/2 teaspoon salt in a bowl. Taste — it should be garlicky, lemony, and well salted, cool and creamy against the spiced chicken. Refrigerate at least 30 minutes for the flavors to marry.
4. Cook the chicken: heat a grill or large heavy skillet over medium-high heat. Remove the chicken from the marinade, letting the excess drip off. Cook 5-7 minutes per side until deeply browned with charred edges and 165 F inside. Thighs are forgiving — the char is flavor, so do not fear the dark spots.
5. Rest 5 minutes, then slice thinly against the grain into strips.
6. Warm the pitas: heat each pita in a dry skillet 20-30 seconds per side until soft, puffy, and pliable. Keep wrapped in a clean towel so they stay soft.
7. Assemble: lay a warm pita flat. Spread a generous spoonful of tzatziki down the center. Pile on sliced chicken, tomatoes, red onion, lettuce, and feta. Add another dollop of tzatziki on top. Fold the bottom up slightly, then roll — or serve open-faced with a fork.
8. Storage: Refrigerate chicken and tzatziki separately up to 4 days. Reheat chicken in a skillet; serve tzatziki cold. Assembled gyros do not keep.
9. Common mistakes: (1) Watery tzatziki — the cucumber was not squeezed dry. Squeeze until it is almost crumbly. (2) Dry chicken — overcooked or skipped the rest. Thighs to 165 F, rest 5 minutes. (3) Stiff cracking pitas — served cold or overheated. Warm briefly and keep wrapped in a towel.",6,90,,chicken-gyros-with-tzatziki.webp
119,Beef and black bean chili mac,American,833,53,85,33,"- 1 1/2 lb 90% lean ground beef
- 12 oz elbow macaroni, uncooked
- 2 tbsp olive oil
- 1 medium yellow onion, diced
- 1 bell pepper, diced
- 4 cloves garlic, minced
- 2 cans (15 oz) black beans, drained and rinsed
- 1 can (14.5 oz) diced tomatoes
- 1 can (15 oz) tomato sauce
- 2 tbsp chili powder
- 2 tsp ground cumin
- 1 tsp smoked paprika
- 1 tsp dried oregano
- 2 cups low-sodium beef broth
- 2 cups shredded sharp cheddar cheese (8 oz)
- 4 scallions, sliced
- 1/2 cup light sour cream, for serving
- 2 tsp kosher salt, plus more to taste
- 1 tsp black pepper","1. Mise en place: Dice the onion and bell pepper. Mince the garlic. Drain and rinse the black beans. Open the tomatoes and tomato sauce. Measure the broth and all the spices into one small bowl — chili spices go in together. Shred the cheese. Slice the scallions.
2. Brown the beef: heat the olive oil in a large deep skillet or Dutch oven over medium-high heat. Add the beef, break into chunks, let brown 3-4 minutes undisturbed, then crumble and cook 4-5 minutes more until no pink remains. Spoon off excess fat.
3. Soften the vegetables: add the onion and bell pepper with 1 teaspoon of the salt. Cook 5-6 minutes until soft. Stir in the garlic and the spice bowl (chili powder, cumin, paprika, oregano) and cook 1 minute, stirring constantly, until deeply fragrant — blooming the spices in the fat is what makes it taste like chili, not just beef with tomatoes.
4. Build the chili base: pour in the diced tomatoes, tomato sauce, and beef broth, scraping up the browned bits. Add the black beans, remaining salt, and pepper. Bring to a lively simmer.
5. Cook the pasta IN the chili: stir in the dry elbow macaroni. Reduce to a gentle simmer, cover, and cook 12-14 minutes, stirring every 3-4 minutes and scraping the bottom so nothing sticks, until the pasta is just al dente. The pasta absorbs the chili flavor as it cooks — this is the whole trick of chili mac, and it saves washing a second pot. If it gets too thick before the pasta is done, add 1/2 cup water.
6. Cheese it: off the heat, stir in 1 1/2 cups of the cheddar until melted and creamy. Taste and salt until bold. Top with the remaining 1/2 cup cheddar, cover 2 minutes to melt.
7. Serve in deep bowls topped with scallions and a dollop of sour cream.
8. Storage: Refrigerate up to 4 days. The pasta keeps drinking sauce — reheat with a splash of broth or water, stirring, until creamy again. Freezes up to 2 months.
9. Common mistakes: (1) Mushy pasta — overcooked or the heat was too high. Gentle simmer, start checking at 12 minutes, and remember it keeps cooking off the heat. (2) Stuck and scorched bottom — you did not stir and scrape. Every 3-4 minutes, no exceptions. (3) Bland — under-salted or the spices were not bloomed. Salt at the end until it tastes like chili.",6,45,,beef-and-black-bean-chili-mac.webp
120,Jerk chicken with rice and peas,Jamaican,935,43,103,42,"- 3 lb bone-in, skin-on chicken thighs (about 12)
- 6 scallions, roughly chopped
- 1 medium yellow onion, quartered
- 5 cloves garlic
- 1 tbsp fresh ginger, roughly chopped
- 2 scotch bonnet peppers, stemmed (see note)
- 2 tbsp fresh thyme leaves
- 3 tbsp brown sugar, packed
- 2 tbsp soy sauce
- 1/4 cup fresh lime juice (about 2 limes)
- 3 tbsp neutral oil
- 1 tbsp ground allspice
- 1 tsp cinnamon
- 1 tsp nutmeg
- 2 tsp kosher salt, plus more for the rice
- 2 1/2 cups long-grain white rice
- 2 cans (15 oz) kidney beans, with their liquid
- 1 can (13.5 oz) full-fat coconut milk
- 4 scallions, sliced
- 3 cloves garlic, smashed
- 4 sprigs fresh thyme
- 1 whole scotch bonnet pepper
- Lime wedges, for serving","1. Mise en place: Roughly chop the scallions, onion, garlic, and ginger for the marinade — the blender does the fine work. Stem the 2 scotch bonnets. A warning: scotch bonnets are seriously hot. Wear gloves or wash your hands thoroughly after handling, and do not touch your eyes. For milder heat, remove the seeds and white ribs; for full Jamaican fire, leave them in.
2. Make the jerk marinade: blend the scallions, onion, garlic, ginger, the 2 stemmed scotch bonnets, thyme leaves, brown sugar, soy sauce, lime juice, oil, allspice, cinnamon, nutmeg, and 2 teaspoons salt into a thick paste. It should smell intensely aromatic — allspice and thyme are the soul of jerk; the allspice berry is literally called pimento in Jamaica.
3. Marinate: slash each chicken thigh 2-3 times through the skin down to the bone — the cuts let the marinade penetrate. Rub the paste all over and into the slashes. Cover and refrigerate at least 4 hours, ideally overnight. The longer it sits, the deeper the flavor.
4. Take the chicken out 30 minutes before cooking. Heat the oven to 425 F (or heat a grill to medium-high). Arrange the thighs skin-side up on a foil-lined sheet pan, letting excess marinade drip off but leaving the coating.
5. Roast 35-45 minutes until the skin is deeply browned and charred in spots and the thickest part reads 175 F — thighs are best cooked past 165 F; the extra time renders the fat and crisps the skin. For grill: cook over indirect medium heat 30-40 minutes, then finish over direct heat to char. Rest 5 minutes.
6. Make the rice and peas while the chicken roasts: in a large pot, combine the rice, kidney beans WITH their can liquid, coconut milk, sliced scallions, smashed garlic, thyme sprigs, the whole scotch bonnet, and 2 teaspoons salt. The whole pepper perfumes the rice without making it spicy — do not break it. Add water so the liquid sits about 1 inch above the rice.
7. Bring to a boil, stir once, then cover tightly, reduce to the lowest heat, and cook 18-20 minutes. Do not lift the lid — the steam is doing the work. Remove from heat and rest covered 10 minutes. Fish out the thyme stems, garlic, and the whole scotch bonnet (squeeze it against the pot first if you want more heat — carefully). Fluff with a fork. The rice should be creamy, fragrant, and stained pinkish-brown from the beans.
8. Serve the jerk chicken over rice and peas with lime wedges. The char, the heat, the creamy coconut rice — this is Jamaica on a plate.
9. Storage: Refrigerate chicken and rice separately up to 4 days. Reheat chicken in a 375 F oven to re-crisp the skin; microwave the rice with a splash of water, covered.
10. Common mistakes: (1) No char — jerk needs fire. Do not be afraid of dark, almost-burnt spots; that is authentic. (2) Bland rice — under-salted or the coconut milk was light. Full-fat coconut milk and confident salt. (3) Broke the whole scotch bonnet while stirring — then the rice is volcanic. Stir once at the start, then leave it alone, and fish it out gently.",6,120,,jerk-chicken-with-rice-and-peas.webp
121,Basque Garlic Chicken & Potatoes,Spanish,520,32,38,26,"3 lb bone-in, skin-on chicken thighs (about 8)
2 lb baby potatoes (such as Yukon Gold or red), halved
1 whole head of garlic, cloves separated and peeled (10-12 cloves)
1 large yellow onion, halved and sliced into thin half-moons
1 large red bell pepper, stemmed, seeded, and sliced into thin strips
1/2 cup dry white wine
1/2 cup low-sodium chicken broth
3 tbsp olive oil
2 tsp smoked paprika (pimenton)
1 1/2 tsp kosher salt
1/2 tsp freshly ground black pepper
2 bay leaves
1 tbsp sherry vinegar
1/4 cup fresh flat-leaf parsley, chopped","1. Mise en place: Peel the whole head of garlic so you have 10-12 whole cloves. Halve the baby potatoes. Slice means thin, even pieces about 1/4 inch thick: slice the onion into half-moons and the red pepper into strips. Chop the parsley. Measure the wine, broth, olive oil, paprika, salt, pepper, and sherry vinegar, and set everything at the stove.
2. Pat the chicken thighs very dry on all sides with paper towels (dry skin = crisp skin). Rub all over with the salt, pepper, and smoked paprika.
3. Heat the olive oil in a large ovenproof skillet or Dutch oven over medium-high heat until it shimmers. Lay the chicken in skin-side down — it should sizzle loudly. Sear 6-7 minutes without moving until the skin is deep golden brown and releases easily when lifted. Flip and sear 3 minutes on the other side. Transfer to a plate.
4. Reduce the heat to medium. Add the whole garlic cloves and cook 2-3 minutes, stirring often, until they are golden at the edges but not brown — burnt garlic turns bitter, so pull the pan off the heat for a moment if they color too fast.
5. Add the onion and red pepper. Cook 4-5 minutes, stirring, until they soften and turn glossy. Pour in the white wine and sherry vinegar; scrape up all the browned bits stuck to the pan (that browned layer is flavor). Let it bubble 1 minute.
6. Stir in the chicken broth, the halved potatoes, and the bay leaves. Toss the potatoes in the garlicky liquid. Nestle the chicken thighs back in, skin-side up, on top of the potatoes.
7. Transfer to a 425 F oven and roast 30-35 minutes, until the chicken reaches 165 F in the thickest part (check with a thermometer, avoiding the bone) and the potatoes are fork-tender. The juices should run clear, not pink.
8. Rest the skillet 5 minutes. Remove the bay leaves. Spoon the garlicky pan juices over the chicken and potatoes and scatter with the chopped parsley. Serve straight from the pan with crusty bread to mop up the juices.
9. Storage and reheating: Refrigerate leftovers in a covered container up to 4 days. Reheat in a 350 F oven, covered with foil, 15-20 minutes until steaming; the skin will re-crisp slightly. Microwave works but the skin stays soft.

Common mistakes:
- Wet chicken skin: If you skip patting dry, the skin steams instead of searing and never crisps. Take 30 seconds with paper towels.
- Burning the garlic: Whole cloves brown in seconds. Keep the heat at medium and stir constantly; if they darken past golden, start that step over with fresh cloves.
- Crowding the potatoes: If the potatoes are piled more than one layer deep, they steam instead of roasting. Use the largest ovenproof skillet or Dutch oven you own.
- Over-roasting into dry chicken: Thighs are forgiving, but past 180 F they turn chalky. Use a thermometer and pull at 165 F.",6,65,Basque Country,basque-garlic-chicken-potatoes.webp
122,BBQ Chicken Naan Pizzas,American,575,30,66,15,"6 (8-inch) plain naan breads
3 cups shredded rotisserie chicken (about 12 oz meat)
3/4 cup BBQ sauce, plus 2 tbsp extra for drizzling
12 oz shredded low-moisture mozzarella
1 medium red onion, halved and sliced paper-thin
1/4 cup fresh cilantro leaves, chopped
2 tbsp olive oil
1 jalapeno, thinly sliced into rings (optional)","1. Mise en place: Pull the meat from the rotisserie chicken, discarding skin and bones, and shred it into bite-size pieces — you need 3 cups. Slice means thin, even pieces: cut the red onion into thin half-moons and the jalapeno (if using) into thin rings. Shred or measure the mozzarella, measure the BBQ sauce and olive oil, and chop the cilantro. Place oven racks in the top and bottom thirds and preheat the oven to 425 F.
2. In a bowl, toss the shredded chicken with 3/4 cup of the BBQ sauce so every piece is coated.
3. Arrange the 6 naan on two large baking sheets. Brush each naan lightly with olive oil (this keeps the center from getting soggy). Spread about 2 tbsp of BBQ sauce on each naan, leaving a 1/2-inch bare border.
4. Divide the saucy chicken evenly among the naan, then sprinkle each with about 1/3 cup (2 oz) of mozzarella. Scatter the red onion and jalapeno rings over the cheese.
5. Bake 8-10 minutes, swapping the sheets between racks halfway through, until the cheese is fully melted with golden-brown spots and the naan edges are crisp and lightly browned. The cheese should bubble gently — if it is browning too fast, move the sheet lower.
6. Rest 2 minutes (hot cheese burns mouths). Drizzle the extra 2 tbsp of BBQ sauce in zigzags over the pizzas and scatter with chopped cilantro. Serve each person one whole pizza.
7. Storage and reheating: Refrigerate leftovers up to 3 days, stacked with parchment between pizzas. Reheat in a 375 F oven directly on the rack for 6-8 minutes until the cheese re-melts; the microwave makes them soggy.

Common mistakes:
- Overloading toppings: More than a single even layer of chicken and cheese makes the naan soggy in the middle. One layer, evenly spread.
- Cold cheese curdling the sauce: Low-moisture mozzarella (the bagged kind) melts smoothly. Fresh mozzarella releases water and turns the naan soupy.
- Burning the cilantro: Add cilantro after baking, never before — oven heat turns it bitter and black.
- Using thick naan and expecting pizza-crust chew: Naan is a soft flatbread; bake until just crisp at the edges. If you want extra crunch, pre-bake the bare naan 3 minutes before topping.",6,30,California,bbq-chicken-naan-pizzas.webp
123,Beef Bourguignon-Style Potatoes,French,650,30,42,30,"1 1/2 lb beef chuck roast, cut into 1 1/2-inch cubes
2 lb Yukon Gold potatoes, peeled and cut into 1 1/2-inch chunks
6 slices thick-cut bacon (about 6 oz), chopped into 1-inch pieces
2 cups dry red wine (such as Pinot Noir or Cotes du Rhone)
1 cup low-sodium beef broth
2 tbsp tomato paste
2 tbsp all-purpose flour
2 tbsp olive oil
1 large yellow onion, diced
3 carrots, peeled and sliced into 1/2-inch rounds
8 oz cremini mushrooms, quartered
2 cups frozen pearl onions (about 10 oz)
3 garlic cloves, minced
2 bay leaves
3 sprigs fresh thyme (or 1 tsp dried thyme)
1 1/2 tsp kosher salt
1 tsp freshly ground black pepper
2 tbsp fresh parsley, chopped","1. Mise en place: Cut the beef into 1 1/2-inch cubes and pat them very dry with paper towels. Dice means small cubes about 1/2 inch: dice the onion. Slice the carrots into 1/2-inch rounds. Quarter the mushrooms. Mince means a very fine chop: mince the garlic. Chop the bacon into pieces, peel and chunk the potatoes, and measure the wine, broth, flour, tomato paste, olive oil, salt, and pepper. Keep the potatoes in a bowl of cold water so they do not brown.
2. Cook the bacon in a large Dutch oven over medium heat 6-8 minutes, stirring, until crisp and the fat has rendered. Lift out with a slotted spoon onto a plate, leaving the fat in the pot.
3. Raise the heat to medium-high. Working in two batches, brown the beef cubes 3-4 minutes per side until deep golden brown with a dark crust. It should sizzle hard and release easily when browned. Do not crowd the pan — steam is the enemy of browning. Set the browned beef aside on the bacon plate.
4. Add the olive oil, diced onion, and carrots to the pot. Cook 5 minutes, stirring, until the onion softens. Stir in the tomato paste and garlic and cook 1 minute until the paste darkens to brick red and smells sweet. Sprinkle the flour over everything and stir 1 minute — the flour toasts slightly and will thicken the sauce.
5. Pour in the red wine and scrape up every browned bit from the bottom of the pot. Add the beef broth, bay leaves, thyme, salt, and pepper. Return the beef and bacon to the pot. Bring to a gentle boil, then reduce the heat to low so it barely bubbles — lazy bubbles, not a rolling boil.
6. Cover and simmer on low 1 hour 15 minutes. Drain the potatoes and add them to the pot. Cover and simmer 30 more minutes. Then stir in the mushrooms and pearl onions and simmer uncovered 20-25 minutes more, until the beef is fork-tender (a cube should split apart with gentle pressure from a spoon) and the potatoes are soft.
7. Fish out the bay leaves and thyme stems. Taste the sauce and adjust salt and pepper: it should taste rich and wine-dark, never sour. If it is too thin, simmer uncovered 5-10 more minutes to reduce.
8. Rest 10 minutes off the heat. Ladle into shallow bowls with plenty of sauce, and scatter with chopped parsley. Crusty bread is traditional for the sauce.
9. Storage and reheating: Refrigerate up to 4 days in a covered container — the flavor deepens overnight and it reheats beautifully. Freeze up to 3 months (the potatoes soften a bit on thawing). Reheat gently on the stovetop over low heat, adding a splash of broth if the sauce is too thick.

Common mistakes:
- Rushing the brown: Pale beef makes pale, thin-tasting sauce. Each side needs 3-4 undisturbed minutes to build the dark crust that flavors the whole pot.
- Boiling instead of simmering: A rolling boil makes beef tough and rubbery. Keep it at the barest simmer where only a bubble or two breaks the surface.
- Adding potatoes too early: They dissolve into mush after more than about 55 minutes in the pot. They go in with 55 minutes left — no sooner.
- Skipping the flour or adding it late: The flour must toast for a minute after the tomato paste or it tastes raw and pasty. Stir it in early so it cooks into the sauce.",6,165,Burgundy,beef-bourguignon-style-potatoes.webp
124,Beef Daube with Carrots & Potatoes,French,680,42,45,36,"2 1/2 lb beef chuck roast, cut into 2-inch cubes
2 lb small Yukon Gold potatoes, halved (or large potatoes cut into 2-inch chunks)
1 1/2 cups dry red wine (such as Cotes du Rhone)
1 1/2 cups low-sodium beef broth
4 (3-inch) strips orange zest, white pith scraped off
2 large yellow onions, quartered
4 large carrots, peeled and cut into 1-inch pieces
4 garlic cloves, minced
2 tbsp tomato paste
3/4 cup pitted black olives (Nicoise or Kalamata)
1/4 cup olive oil
4 sprigs fresh thyme (or 1 tsp dried thyme)
2 bay leaves
1 1/2 tsp kosher salt
1 tsp freshly ground black pepper
2 tbsp fresh parsley, chopped","1. Mise en place: Cut the beef into 2-inch cubes and pat very dry. Cut the carrots into 1-inch pieces and halve the potatoes. Mince means a very fine chop: mince the garlic. Use a vegetable peeler to cut 4 wide strips of zest from the orange, then scrape off any white pith with the back of a knife (pith is bitter). Quarter the onions, measure the wine, broth, olive oil, tomato paste, and spices, and drain the olives. Preheat the oven to 300 F.
2. Heat the olive oil in a large Dutch oven over medium-high heat until shimmering. Working in two batches, brown the beef cubes 4-5 minutes per side until they have a dark, rich crust. Set aside on a plate. If the pan looks dry between batches, add a spoonful more oil.
3. Lower the heat to medium. Add the onions and carrots to the pot and cook 6-8 minutes, stirring, until the onions soften and pick up color. Stir in the tomato paste and garlic; cook 1 minute until the paste darkens.
4. Pour in the red wine and scrape up all the browned bits from the bottom. Let it bubble 2 minutes. Add the beef broth, the orange zest strips, thyme, and bay leaves. Return the beef and any juices to the pot. The liquid should nearly cover the beef — add a splash of water if not.
5. Bring to a gentle simmer, then cover with the lid slightly ajar and place in the 300 F oven. Braise 1 hour 45 minutes. The low, slow oven heat is what makes daube meltingly tender — a stovetop boil would toughen it.
6. Stir in the potatoes and carrots? The carrots are already in; add the halved potatoes now, pushing them into the liquid. Return to the oven, covered, for 45 minutes more.
7. Stir in the olives and braise 15 final minutes. The beef is done when a cube surrenders with almost no pressure from a spoon — completely fork-tender. Fish out the orange zest, bay leaves, and thyme stems.
8. Taste and adjust salt and pepper. The sauce should taste deep and wine-rich with a faint, bright citrus note from the orange — not sour. If it tastes sharp, simmer uncovered 5 minutes to mellow it.
9. Rest 10 minutes. Serve in shallow bowls with the potatoes and carrots alongside the beef, sauce ladled generously over everything, and scatter with parsley.
10. Storage and reheating: Daube improves on day two — refrigerate up to 4 days or freeze up to 3 months. Reheat gently in a covered pot over low heat until steaming, adding a splash of broth if needed. The fat will rise and can be skimmed off after chilling.

Common mistakes:
- Leaving pith on the orange zest: The white layer makes the whole pot bitter. Scrape it off completely — only the thin colored outer layer goes in.
- Too hot an oven or lid fully sealed at a boil: Daube needs a barely-there simmer at 300 F. If the liquid is bubbling hard, drop to 275 F.
- Undercooking: Daube at 2 hours can still be chewy. Give it the full time until truly fork-tender — when in doubt, 15 more minutes in the oven.
- Adding the olives at the start: Long cooking makes olives mushy and their brine dominates. They go in for only the final 15 minutes.",6,200,Provence,beef-daube-with-carrots-potatoes.webp
125,Beef Empanada-Style Rice Bowls,Argentinian,590,36,52,24,"2 lb ground beef (90/10)
2 cups long-grain white rice
3 1/2 cups water
2 large yellow onions, diced
1 large red bell pepper, diced
4 garlic cloves, minced
2 tbsp olive oil
2 tbsp sweet smoked paprika (pimenton dulce)
1 tbsp ground cumin
2 tsp dried oregano
1/2 tsp red pepper flakes
1/2 cup green olives, sliced
4 large eggs, hard-boiled and chopped
1/2 cup sliced scallions
1 1/2 tsp kosher salt
1/2 tsp freshly ground black pepper
Fresh cilantro or parsley, chopped (optional, for serving)
Lime wedges (optional, for serving)","1. Mise en place: Place the eggs in a saucepan, cover with cold water by 1 inch, and bring to a boil. Cover, turn off the heat, and let sit 11 minutes; then drain and cool under cold water. Dice means small cubes about 1/2 inch: dice the onions and bell pepper. Mince means a very fine chop: mince the garlic. Slice the olives and scallions, peel and chop the hard-boiled eggs, and measure all spices, the rice, and water.
2. Cook the rice: combine the rice, 3 1/2 cups water, and 1/2 tsp of the salt in a pot. Bring to a boil, stir once, cover, and reduce to the lowest heat. Cook 15 minutes without lifting the lid. Remove from heat and rest, covered, 10 minutes. Fluff with a fork. Each grain should be separate and tender.
3. While the rice cooks, heat the olive oil in a large skillet or Dutch oven over medium-high heat. Add the diced onions and bell pepper with a pinch of salt. Cook 6-8 minutes, stirring, until the onions are soft and golden at the edges.
4. Add the ground beef. Break it into small crumbles with a wooden spoon and cook 6-8 minutes until no pink remains and the meat starts to brown. If there is excess fat, tilt the pan and spoon it off.
5. Stir in the garlic, paprika, cumin, oregano, red pepper flakes, remaining salt, and black pepper. Cook 1 minute, stirring, until the spices smell fragrant and coat the meat — this toasting step is what makes it taste like empanada filling. If the meat mixture looks dry, add 1/4 cup water and simmer 2 minutes.
6. Remove from the heat and fold in the sliced olives, chopped hard-boiled eggs, and half the scallions. Taste and adjust salt — it should be savory, smoky, and well seasoned, the way an Argentine empanada filling tastes.
7. To serve, scoop rice into wide bowls, spoon the empanada-style beef generously over the top, and finish with the remaining scallions, a squeeze of lime if you like, and cilantro or parsley.
8. Storage and reheating: Refrigerate beef and rice separately up to 4 days. Reheat beef in a skillet over medium heat with a splash of water (or microwave), rice in the microwave with a damp paper towel over it, 2 minutes. Freeze the beef mixture up to 3 months.

Common mistakes:
- Skipping the spice toast: Raw spices taste dusty. One minute in the hot fat after the beef browns transforms them.
- Mushy rice from peeking: Every lid lift releases steam the rice needs. Set a timer, do not lift the lid, and rest it covered 10 minutes.
- Eggs and olives overcooked: They go in off the heat at the end. Stirred into a bubbling pan, the eggs turn rubbery and the olives bitter.
- Too much liquid in the pan: The beef mixture should be juicy, not soupy. If it looks wet, cook 2-3 extra minutes uncovered until it tightens up.",6,55,,beef-empanada-style-rice-bowls.webp
126,Beef Kofta with Tomato Orzo,Turkish,590,36,36,28,"2 lb ground beef (85/15)
1 large yellow onion, grated
4 garlic cloves, minced
1 cup fresh flat-leaf parsley, finely chopped
1/4 cup fresh mint leaves, finely chopped
1 large egg
2 tsp ground cumin
2 tsp sweet paprika
1 tsp ground coriander
1/2 tsp ground cinnamon
2 tsp kosher salt
1 tsp freshly ground black pepper
2 tbsp olive oil, divided
For the tomato orzo:
1 1/2 cups dry orzo
1 1/2 tbsp butter
1 small yellow onion, diced
3 garlic cloves, minced
1 can (14.5 oz) crushed tomatoes
2 1/2 cups low-sodium chicken broth
1 tsp sweet paprika
1/2 tsp dried oregano
3/4 tsp kosher salt
For the yogurt sauce:
1 cup plain Greek yogurt
1 garlic clove, minced
1 tbsp lemon juice
2 tbsp fresh mint, chopped
1/4 tsp kosher salt","1. Mise en place: Grate the large onion on a box grater (this is the Turkish secret — grated onion melts into the meat). Mince means a very fine chop: mince the garlic. Chop the parsley and mint finely. Dice the small onion. Measure the spices, egg, orzo, butter, tomatoes, and broth. Stir together the yogurt, garlic, lemon juice, mint, and salt for the sauce and refrigerate.
2. In a large bowl, combine the ground beef, grated onion (with its juices), garlic, parsley, mint, egg, cumin, paprika, coriander, cinnamon, salt, and pepper. Mix gently with your hands just until combined — stop as soon as you see no streaks. Overmixing makes kofta dense and rubbery.
3. Wet your hands with water and shape the mixture into 18 oval patties, about the size of a small lemon. Press each firmly so it holds together. Set on a plate and refrigerate 15 minutes — cold kofta holds its shape in the pan.
4. Start the tomato orzo: melt the butter in a large deep skillet or saucepan over medium heat. Add the diced onion and cook 4 minutes until soft. Add the garlic, paprika, and oregano; cook 1 minute until fragrant. Stir in the dry orzo and toast 1-2 minutes, stirring, until a few pieces turn golden.
5. Pour in the crushed tomatoes and chicken broth, add the salt, and bring to a boil. Reduce to a gentle simmer, cover, and cook 12-14 minutes, stirring twice, until the orzo is tender and most of the liquid is absorbed. It should look creamy, not dry. If it gets too thick, stir in a splash of broth.
6. While the orzo cooks, heat 1 tbsp olive oil in a large skillet over medium-high heat. Cook the kofta in two batches, 3-4 minutes per side, until deeply browned and the internal temperature reaches 160 F. They should sizzle on contact — if they do not, wait another minute for the pan to heat. Rest 3 minutes.
7. Fluff the orzo with a fork. Spoon it into shallow bowls, arrange 3 kofta per bowl on top, and dollop generously with the garlic-mint yogurt sauce.
8. Storage and reheating: Refrigerate kofta, orzo, and sauce separately up to 4 days. Reheat kofta in a 350 F oven 10-12 minutes; reheat orzo in a skillet with a splash of broth over medium heat until creamy again. The yogurt sauce is served cold.

Common mistakes:
- Overworking the meat: Mixing past the point where everything is just combined squeezes out moisture and makes tough kofta. Hands, gentle, done in under a minute.
- Skipping the chill: Warm, soft kofta fall apart in the pan. The 15-minute fridge rest firms them up.
- Walking away from the orzo: Orzo sticks fast. Stir it at least twice during simmering, and keep the heat low enough that it bubbles gently, not hard.
- Overcooking to well-done-plus: Kofta past 160 F dry out quickly. Pull them at 160 F and let them rest — they finish in the resting time.",6,60,,beef-kofta-with-tomato-orzo.webp
127,Beef Parmesan Risotto,Italian,710,44,50,35,"1 3/4 lb beef sirloin or strip steak, cut into 1/2-inch-thick strips
2 cups arborio or carnaroli rice (risotto rice)
6 cups low-sodium beef broth
1 large yellow onion, finely diced
3/4 cup dry white wine
4 oz Parmigiano-Reggiano cheese, finely grated (about 1 1/2 cups)
5 tbsp unsalted butter, divided
4 tbsp olive oil, divided
2 garlic cloves, minced
1 tbsp fresh rosemary, finely chopped
1 1/2 tsp kosher salt, divided
1 tsp freshly ground black pepper
Fresh parsley, chopped (for serving)","1. Mise en place: Pour the beef broth into a saucepan and keep it at a bare simmer over low heat — warm broth is essential; cold broth shocks the rice. Dice means small cubes about 1/2 inch: finely dice the onion. Mince means a very fine chop: mince the garlic. Grate the Parmigiano-Reggiano, chop the rosemary and parsley, measure the rice and wine, and slice the beef into 1/2-inch strips across the grain. Pat the beef strips very dry.
2. Start the risotto: heat 2 tbsp of the butter with 2 tbsp of the olive oil in a large heavy pot over medium heat. Add the onion and cook 5-6 minutes until soft and translucent but not browned.
3. Add the rice and stir to coat every grain in the fat. Toast 2 minutes, stirring constantly, until the edges of the grains turn translucent with an opaque white center and they smell faintly nutty. This tostatura keeps the risotto creamy instead of mushy.
4. Pour in the white wine and stir until it is completely absorbed, about 2 minutes — it will hiss and steam. Season with 1 tsp of the salt.
5. Add the warm broth one ladle at a time (about 1/2 cup each), stirring often and letting each addition absorb before adding the next. Keep the risotto at a steady gentle simmer — lazy bubbles. This takes 18-22 minutes. Start tasting at 16 minutes: the rice is done when it is tender with a slight bite at the center (al dente) and the mixture flows slowly like lava, not stiff like oatmeal.
6. While the risotto cooks, sear the beef: heat the remaining 2 tbsp olive oil in a large skillet over high heat until it just starts to smoke. Season the beef strips with the remaining 1/2 tsp salt and the pepper. Sear in a single layer 1 1/2-2 minutes per side until deeply browned but still pink inside (125-130 F for medium-rare). Do it in two batches if crowded. Add the garlic and rosemary in the last 30 seconds, tossing until fragrant. Transfer to a warm plate and rest 5 minutes.
7. Finish the risotto: remove the pot from the heat. Beat in the remaining 3 tbsp cold butter and the grated Parmigiano-Reggiano — this is the mantecatura, the step that makes risotto glossy and rich. Stir vigorously 1 minute until it melts in. Taste and adjust salt.
8. Plate immediately: risotto waits for no one. Spoon generous mounds onto warm plates, arrange the seared beef strips on top, drizzle with the beef pan juices, and scatter with chopped parsley. Serve extra Parmigiano at the table.
9. Storage and reheating: Risotto is best fresh — it thickens as it sits. Refrigerate leftovers up to 3 days. Reheat in a saucepan over low heat with a splash of broth, stirring until creamy again. Leftover risotto also makes excellent pan-fried cakes.

Common mistakes:
- Cold broth: Adding cold liquid to the pot drops the temperature and the rice turns gummy instead of creamy. Keep the broth simmering the whole time.
- Adding all the broth at once: Risotto needs gradual additions so the starch releases slowly. One ladle, absorb, repeat — no shortcuts.
- Overcooking the rice to mush: Start tasting at 16 minutes. Al dente with a creamy wave is the goal; one minute too long turns it to porridge.
- Searing wet beef: Damp beef steams gray instead of browning. Pat the strips dry and get the skillet truly smoking hot before they go in.",6,70,Lombardy,beef-parmesan-risotto.webp
128,Beef Picadillo Rice Bowls,Cuban,695,34,65,30,"2 lb ground beef (85/15)
2 cups long-grain white rice
3 1/2 cups water
1 large yellow onion, diced
1 green bell pepper, diced
5 garlic cloves, minced
2 tbsp olive oil
1 can (15 oz) tomato sauce
2 tbsp tomato paste
1/3 cup raisins
2/3 cup pitted green olives, sliced
2 tbsp capers, drained
1 tbsp ground cumin
2 tsp dried oregano
1/2 tsp ground cinnamon
2 bay leaves
1 tbsp apple cider vinegar (or dry white wine)
1 1/2 tsp kosher salt
1/2 tsp freshly ground black pepper
2 tbsp fresh cilantro, chopped (for serving)","1. Mise en place: Dice means small cubes about 1/2 inch: dice the onion and green bell pepper. Mince means a very fine chop: mince the garlic. Slice the olives, drain the capers, and measure the tomato sauce, tomato paste, raisins, vinegar, spices, rice, and water. This is your sofrito base — the soul of Cuban picadillo.
2. Cook the rice: combine the rice, 3 1/2 cups water, and 1/2 tsp of the salt in a pot. Bring to a boil, stir once, cover, and reduce to the lowest heat. Cook 15 minutes without lifting the lid. Remove from heat, rest covered 10 minutes, then fluff with a fork.
3. Heat the olive oil in a large deep skillet or Dutch oven over medium heat. Add the onion and bell pepper and cook 5-6 minutes, stirring, until soft and the onion turns translucent. Add the garlic and cook 1 minute more until fragrant — this cooked-down trio is the sofrito.
4. Raise the heat to medium-high, add the ground beef, and break it into fine crumbles. Cook 7-8 minutes until browned and cooked through. Spoon off any excess fat that pools in the pan.
5. Stir in the tomato paste, cumin, oregano, cinnamon, remaining salt, and pepper. Cook 1 minute until the spices smell fragrant and the paste darkens slightly.
6. Add the tomato sauce, bay leaves, raisins, olives, capers, and vinegar. Stir well, bring to a simmer, then reduce the heat to low. Cover and simmer 15 minutes so the flavors meld and the raisins soften. The finished picadillo should be saucy but not soupy — simmer uncovered 5 more minutes if it looks loose.
7. Remove the bay leaves. Taste: it should hit salty, sweet, and briny all at once — the classic Cuban sweet-savory balance. Add a pinch more salt or a splash of vinegar if it tastes flat.
8. Spoon the rice into wide bowls, ladle the picadillo generously over the top, and scatter with chopped cilantro. Fried sweet plantains on the side are traditional if you want them.
9. Storage and reheating: Refrigerate up to 4 days — picadillo tastes even better the next day. Freeze the picadillo (not the rice) up to 3 months. Reheat in a skillet over medium heat with a splash of water, or microwave until steaming.

Common mistakes:
- Skipping the sofrito: Adding the beef before the onion, pepper, and garlic soften leaves you with a flat, one-note sauce. The vegetables must go first.
- Forgetting the sweet-savory balance: Cuban picadillo needs the raisins and olives to taste right. If it tastes plain, you are probably short on one of them — do not skip both.
- Over-saucing: Picadillo should coat the rice, not drown it. If the sauce is thin after simmering, cook uncovered a few more minutes to tighten it.
- Lifting the rice lid: Each peek lets out the steam the rice needs. Timer, lid on, rest covered — no peeking.",6,55,,beef-picadillo-rice-bowls.webp
129,Beef Picadinho with Potatoes,Brazilian,550,38,42,26,"2 lb beef chuck roast, cut into small 3/4-inch cubes
2 lb russet or Yukon Gold potatoes, peeled and cut into 1-inch cubes
2 tbsp olive oil
1 large yellow onion, diced
4 garlic cloves, minced
3 ripe tomatoes, diced (or 1 can / 14.5 oz diced tomatoes)
2 tbsp tomato paste
2 tbsp Worcestershire sauce
2 tsp sweet paprika (colorau)
1 tsp ground cumin
1 bay leaf
3 cups low-sodium beef broth
1 cup frozen green peas
1 1/2 tsp kosher salt
1/2 tsp freshly ground black pepper
1/4 cup fresh parsley, chopped
Cooked white rice, for serving","1. Mise en place: Cut the beef into small 3/4-inch cubes — small cubes are the whole point of picadinho (""little chopped""). Dice means small cubes about 1/2 inch: dice the onion. Cut the potatoes into 1-inch cubes and keep them in cold water so they do not brown. Mince means a very fine chop: mince the garlic. Dice the tomatoes, measure the broth, tomato paste, Worcestershire, paprika, cumin, salt, and pepper, and set the peas and parsley ready.
2. Pat the beef cubes very dry with paper towels. Season with 1 tsp of the salt and the pepper. Heat the olive oil in a large heavy pot or Dutch oven over medium-high heat until it shimmers.
3. Brown the beef in two batches, 3-4 minutes per batch, turning to get color on two or three sides. The pieces should sizzle hard and develop golden-brown edges. Set aside on a plate — they will not be cooked through yet.
4. Lower the heat to medium. Add the onion to the pot and cook 4-5 minutes, stirring and scraping up the browned bits, until soft. Add the garlic and cook 1 minute until fragrant. Stir in the tomato paste, paprika, and cumin; cook 1 minute until the paste darkens to brick red.
5. Add the diced tomatoes and Worcestershire sauce and cook 3 minutes, stirring, until the tomatoes soften and release their juices. Return the beef and any juices to the pot, add the bay leaf, and pour in the beef broth. It should nearly cover everything.
6. Bring to a gentle simmer — a few lazy bubbles, not a boil. Cover and cook 25 minutes. Then drain and add the potato cubes, stir, cover, and cook 15-20 minutes more, until the potatoes are fork-tender and a beef cube is tender when bitten. If the sauce is thin, simmer uncovered 5 minutes to thicken.
7. Stir in the frozen peas and cook 3 final minutes — they should stay bright green. Remove the bay leaf. Taste and adjust salt and pepper. The sauce should be savory and lightly tangy from the tomatoes and Worcestershire.
8. Rest 5 minutes. Ladle over white rice in shallow bowls and scatter generously with chopped parsley. In Brazil this is everyday comfort food — rice is the essential partner.
9. Storage and reheating: Refrigerate up to 4 days; it reheats beautifully. Freeze up to 3 months (the potatoes soften slightly). Reheat gently on the stovetop over low heat with a splash of broth or water until steaming.

Common mistakes:
- Cutting the beef too large: 1 1/2-inch stew cubes need hours to tenderize. Small 3/4-inch cubes are tender in about 45 minutes — cut small or plan extra time.
- Boiling hard instead of simmering: A rolling boil keeps the beef chewy no matter how long you cook it. Keep it at the gentlest simmer.
- Adding potatoes at the start: They would turn to mush after 45 minutes. They go in for only the last 15-20 minutes of cooking.
- Skipping the brown: The golden crust on the beef is where the deep flavor comes from. Crowding the pan steams the meat instead — brown in two batches.",6,70,,beef-picadinho-with-potatoes.webp
130,Beef Sukiyaki-Style Rice Bowls,Japanese,670,38,62,21,"2 lb beef ribeye or sirloin, sliced paper-thin (shabu-shabu / sukiyaki cut)
2 cups Japanese short-grain rice
2 1/4 cups water, plus 1 cup for the sauce
2 large yellow onions, sliced into thin half-moons
8 oz fresh shiitake mushrooms, stemmed and sliced
14 oz firm tofu, cut into 1-inch cubes
For the sukiyaki sauce:
1/2 cup soy sauce (shoyu)
1/4 cup sake
1/4 cup mirin
3 tbsp granulated sugar
1 tsp instant dashi powder dissolved in 1 cup hot water
1 tbsp neutral oil (such as canola)
For serving:
3 scallions, thinly sliced
1/4 cup pickled red ginger (beni shoga), optional
Shichimi togarashi (Japanese seven-spice), optional","1. Mise en place: If your beef is not pre-sliced, freeze it 45 minutes until firm but not frozen solid — semi-frozen meat slices paper-thin easily. Slice it as thin as you can, about 1/8 inch, against the grain. Slice means thin, even pieces: slice the onions into half-moons, the shiitakes, and the scallions. Cube the tofu. Measure the soy sauce, sake, mirin, sugar, and dashi water. Rinse the rice in a pot, swirling with your hand, draining, and repeating 2-3 times until the water runs mostly clear.
2. Cook the rice: combine the rinsed rice and 2 1/4 cups water in a pot. Bring to a boil, stir once, cover, and reduce to the lowest heat. Cook 15 minutes, then remove from heat and rest, covered, 10 minutes. Fluff gently with a rice paddle or fork. Short-grain rice should be tender and slightly sticky — do not lift the lid during cooking.
3. Make the sukiyaki sauce: in a bowl, whisk the soy sauce, sake, mirin, sugar, and the 1 cup of dashi water until the sugar dissolves.
4. Heat the oil in a large deep skillet or Dutch oven over medium-high heat. Add the onions and cook 3-4 minutes until they start to soften and turn glossy.
5. Pour the sukiyaki sauce into the pan and bring to a gentle simmer. Add the shiitake mushrooms and tofu, nestling the tofu in gently so it does not break. Simmer 3 minutes.
6. Spread the beef slices over the top in a loose single layer — do not pile them. They will cook in 1-2 minutes; turn them once with tongs as they change from pink to brown. Overcooking makes thin beef tough and chewy, so pull the pan off the heat the moment the last pink disappears. The beef is done in well under 2 minutes.
7. Taste the sauce and adjust: it should be savory-sweet in the classic sukiyaki balance. Add a splash more soy sauce if it tastes flat, or a pinch more sugar if too salty.
8. To serve, scoop hot rice into wide bowls, spoon the beef, vegetables, tofu, and mushrooms over the rice, and ladle some of the sweet-savory sauce over everything. Top with sliced scallions and pickled red ginger, and pass the shichimi togarashi for anyone who wants heat.
9. Storage and reheating: Refrigerate leftovers up to 3 days. Reheat in a saucepan over low heat with a splash of water until steaming — the microwave turns thin beef rubbery. Store any extra sauce in a jar in the fridge up to 2 weeks; it is excellent on other rice bowls too.

Common mistakes:
- Overcooking the thin beef: Paper-thin slices go from perfect to rubbery in under a minute. The second the pink is gone, it is done — take it off the heat.
- Slicing thick or with the grain: Thick, with-the-grain beef chews like jerky. Semi-freeze, slice thin, cut against the grain.
- Salty sauce from long reduction: The sauce concentrates as it simmers. Keep the simmer gentle and brief after the beef goes in, and taste before serving — adjust with water or dashi if it reduces too far.
- Breaking the tofu: Firm tofu still crumbles if stirred hard. Nestle it in and stir gently around it, never through it.",6,50,,beef-sukiyaki-style-rice-bowls.webp
131,Beef & Zucchini Bolognese,Italian,804,49,75,32,"1 1/2 lb 90% lean ground beef
4 oz pancetta, cut into 1/4-inch cubes (or 4 slices thick-cut bacon, chopped)
2 tbsp olive oil
1 medium yellow onion
1 medium carrot, peeled
1 celery stalk
2 medium zucchini (about 1 lb total)
2 cloves garlic
2 tbsp tomato paste
1 can (28 oz) crushed tomatoes
1 cup dry white wine (something you would drink)
1 cup whole milk
1 lb spaghetti
3/4 cup freshly grated Parmesan cheese, plus more for serving
2 1/2 tsp kosher salt, divided
1 tsp freshly ground black pepper
1/4 tsp ground nutmeg","1. Mise en place (everything ready before any heat goes on): Dice means cutting into small even cubes about 1/2 inch. Mince means chopping as fine as you can, into almost a paste. Dice the onion, carrot, and celery into 1/4-inch cubes and pile them together - this mix is called soffritto, the flavor base of a real ragu. Mince the garlic. Cube the pancetta. Grate the zucchini on the large holes of a box grater and squeeze it gently in a clean towel to remove some water. Open the wine and the tomatoes. Measure the tomato paste, milk, salt, pepper, and nutmeg into small bowls. Grate the Parmesan.
2. Put a large heavy pot or Dutch oven over medium heat. Add the pancetta cubes with no oil. Cook, stirring often, 5-7 minutes, until the pieces turn golden and release their fat. You will smell a rich, porky aroma. Remove the pancetta with a slotted spoon and set it aside, leaving the rendered fat in the pot.
3. Add the olive oil to the pot and then the soffritto (onion, carrot, celery) plus 1 teaspoon of the salt. Cook over medium heat, stirring often, 8-10 minutes. The vegetables should soften and turn sweet and translucent, the onion pale gold - not brown. This gentle softening is the soul of bolognese; rushed vegetables taste harsh.
4. Crumble in the ground beef. Break it up with a spoon and cook over medium-high heat 8-10 minutes, stirring and scraping, until no pink remains and the meat makes a lively sizzling sound (the Italian word for this stage is ""sfrigola"" - it sizzles and spits). Do not sear it dark; authentic ragu is gently browned, never charred.
5. Add the minced garlic and the reserved pancetta. Stir 1 minute until fragrant.
6. Stir in the tomato paste and cook 2 minutes, until it darkens from bright red to a deep brick red. This removes its raw tinny taste.
7. Pour in the white wine and scrape the bottom of the pot to dissolve the browned bits. Let it bubble 3-4 minutes until the sharp wine smell disappears and the liquid mostly evaporates. If the alcohol smell is still strong, give it another minute.
8. Stir in the crushed tomatoes, 1 cup of water, 1 more teaspoon of salt, the black pepper, and the nutmeg. Bring to a gentle bubble, then reduce the heat to the lowest setting so the sauce barely trembles - a slow ""blurp"" every few seconds. Cover with the lid slightly ajar and simmer 90 minutes, stirring every 15 minutes and adding a splash of water if it ever looks dry or sticks.
9. Stir in the milk a little at a time - about 1/4 cup, let it absorb 5 minutes, then repeat. This is the signature of real bolognese: the milk tames the tomato's acidity and gives the sauce a silky, mellow finish. Then stir in the grated zucchini and simmer 30 minutes more, uncovered, until the sauce is thick enough that a spoon dragged through it leaves a trail that holds for a moment. Total sauce time is about 2 hours.
10. About 20 minutes before the sauce is done, bring a large pot of heavily salted water to a rolling boil (it should taste like the sea). Cook the spaghetti 1 minute less than the package says. Before draining, scoop out 1 cup of the starchy pasta water. Drain the pasta.
11. Add the pasta to the sauce pot with 1/2 cup of the pasta water and the Parmesan. Toss over medium heat 1-2 minutes until every strand is coated and glossy, adding more pasta water a splash at a time if it looks dry. Taste and add the last 1/2 teaspoon of salt if needed.
12. Serve in warm bowls with extra Parmesan on top. Storage: refrigerate the sauce alone (before tossing with pasta, if possible) up to 4 days, or freeze up to 3 months. Reheat gently in a pot with a splash of water, then toss with freshly cooked pasta. Like all ragu, this tastes even better the next day.

Common mistakes:
1. Cranking the heat for a fast sauce. Real bolognese needs low, slow simmering - about 2 hours - for the flavors to marry. A 20-minute sauce will taste like spaghetti with meat, not ragu.
2. Skipping the milk or dumping it in all at once cold. Add it little by little near the end of cooking so it absorbs instead of separating; it is what rounds out the acidity.
3. Adding the zucchini at the start. It will dissolve into mush over 2 hours. Adding it for the last 30 minutes keeps a little texture while still melting into the sauce.",6,135,Emilia-Romagna,beef-zucchini-bolognese.webp
132,Blackened Trout & Roasted Potatoes,American,454,29,34,23,"2 lb baby potatoes (about 24)
3 tbsp olive oil, divided
1 1/2 tsp kosher salt, divided
1 lb fresh green beans
4 tbsp unsalted butter, melted, plus 1 tbsp for the pan
1 1/2 lb trout fillets (about 6 fillets), patted very dry
1 1/2 tbsp sweet paprika
1 tsp garlic powder
1 tsp onion powder
1 tsp dried thyme
1/2 tsp dried oregano
1 tsp cayenne pepper (use 1/2 tsp for mild)
1 tsp freshly ground black pepper
1 lemon, cut into wedges","1. Mise en place: Slice means cutting into thin even pieces. Halve the baby potatoes (cut in half through the middle). Trim the green beans (snap or cut off the stem ends). Pat the trout fillets very dry with paper towels - this is essential; wet fish steams instead of searing. In a small bowl, mix the paprika, garlic powder, onion powder, thyme, oregano, cayenne, black pepper, and 1 teaspoon of the salt. This is your blackening spice blend. Melt the butter. Cut the lemon into wedges. Line a rimmed baking sheet with foil and preheat the oven to 425 F.
2. Toss the halved potatoes with 2 tablespoons of the olive oil and 1/2 teaspoon of the salt right on the baking sheet, cut-side down. Spread them in a single layer with space between pieces. Roast 20 minutes. They should be starting to turn golden underneath - peek under one.
3. While the potatoes roast, set a large cast-iron skillet (or other heavy skillet) over high heat with no oil. Let it heat a full 8-10 minutes until it is smoking hot. This extreme heat is the whole point of blackening. Turn on your stove fan and open a window - there will be smoke, and that is correct.
4. Dip each trout fillet in the melted butter, coating both sides, then press the spice blend generously onto both sides. The butter is what creates the black crust: the milk solids in it char on the hot iron, giving the smoky, bitter-sweet shell that defines blackening. Seasoned side up or down does not matter; coat both.
5. Lay the fillets in the screaming-hot dry skillet, leaving space between them. They will sizzle loudly and smoke - do not touch them for 2 minutes. Lift one edge with a spatula: it should be deep reddish-brown to nearly black in spots. Flip carefully and cook 1-2 minutes more on the second side. Trout is done when it flakes easily with a fork and the internal temperature reaches 145 F. Cook in two batches if the pan is crowded; crowding drops the pan temperature and you get gray steamed fish instead of blackened.
6. Meanwhile, after the potatoes have roasted 20 minutes, scatter the green beans onto the same baking sheet, toss them with the remaining 1 tablespoon of olive oil and the last 1/2 teaspoon of salt, and roast 10 more minutes. The potatoes should be crisp-edged and the beans blistered and tender. Total potato time: 30 minutes.
7. Plate a bed of potatoes and beans, lay a trout fillet on top, and finish with a squeeze of lemon. The lemon juice brightens the smoky crust. Serve immediately - blackened fish waits for no one. Storage: refrigerate leftovers up to 2 days. Reheat the fish gently in a 300 F oven for 8-10 minutes (the microwave makes it rubbery) and warm the potatoes in a hot skillet.

Common mistakes:
1. Using a skillet that is only medium-hot. Blackening demands a smoking-hot cast-iron pan; without it you get pale, steamed fish with raw spices. Let the pan heat a full 8-10 minutes.
2. Using oil instead of butter on the fish. The charred butter solids ARE the blackening; oil cannot produce the same crust.
3. Crowding the pan or moving the fish too early. Give each fillet space and let it sit undisturbed so the crust forms - 2 minutes per side, then done.",6,45,Louisiana,blackened-trout-roasted-potatoes.webp
133,Black Pepper Beef & Broccoli,Chinese,486,34,55,16,"1 1/2 lb flank steak
2 tbsp low-sodium soy sauce, plus 1 tbsp more
2 tbsp cornstarch, divided
1 tbsp Shaoxing rice wine (or dry sherry)
2 tsp sugar
1 tbsp oyster sauce
2 tsp coarsely cracked black pepper (freshly ground is essential)
1 tbsp plus 1 tsp avocado oil or other neutral oil, divided
1 medium yellow onion
4 cloves garlic
1-inch piece fresh ginger
1 1/2 lb broccoli (about 2 large heads), cut into florets
1/2 cup low-sodium chicken broth
1 1/2 cups dry jasmine rice
2 1/4 cups water","1. Mise en place: Slice means thin even pieces. First freeze the flank steak 20 minutes - slightly firm meat is much easier to slice thin. Slice the steak AGAINST the grain into 1/4-inch strips. To find the grain, look for the lines running through the meat and cut across them, not along them; cutting against the grain is what keeps stir-fry beef tender instead of chewy. In a bowl, toss the beef with 2 tablespoons soy sauce, 1 tablespoon cornstarch, the Shaoxing wine, and the sugar. This light coating is called velveting - it protects the meat from the wok's heat so it stays silky. Set aside 15 minutes. Meanwhile, cut the broccoli into bite-size florets with short stems (bite-size pieces cook evenly). Slice the onion into 1/2-inch wedges. Mince the garlic. Grate or mince the ginger. In a small bowl, stir together the remaining 1 tablespoon soy sauce, the remaining 1 tablespoon cornstarch, the oyster sauce, the cracked black pepper, and the chicken broth - this is your sauce; the cornstarch settles fast, so stir it again right before use. Rinse the rice under cold water until the water runs mostly clear.
2. Start the rice first: combine the rice and water in a saucepan with a tight lid. Bring to a boil over high heat, stir once, cover, reduce to low, and cook 15 minutes without lifting the lid. Remove from heat and rest, covered, 10 minutes. Fluff with a fork.
3. While the rice cooks, bring a large pot of salted water to a boil. Blanch the broccoli 2 minutes until bright emerald green, then drain and rinse under cold water to stop the cooking. The broccoli should still be crisp - it finishes in the wok.
4. Heat a wok or the largest heavy skillet you own over HIGH heat until it just starts to smoke - about 2 minutes. Add 1 tablespoon of the oil and swirl. Add half the beef in a single layer. Let it sit undisturbed 60-90 seconds until browned on one side, then toss and cook 30 seconds more. Remove to a plate. Repeat with the remaining beef. Working in batches keeps the pan hot enough to sear instead of steam. The beef will not be cooked through yet - that is fine.
5. Lower the heat to medium-high. Add the remaining 1 teaspoon of oil, the onion wedges, garlic, and ginger. Stir-fry 1-2 minutes until fragrant and the onion edges soften.
6. Return the beef and the broccoli to the pan. Stir the sauce bowl again (the cornstarch settles) and pour it in. Toss everything 1-2 minutes until the sauce boils, thickens to a glossy coat, and clings to the beef. Taste: it should be boldly peppery with a savory-sweet balance. If you want more heat, add up to 1/2 teaspoon more black pepper now.
7. Serve immediately over the jasmine rice. The sauce should pool slightly in the bowl - that is the best part. Storage: refrigerate up to 3 days. Reheat in a skillet over medium heat with a splash of water to loosen the sauce; the microwave works but the broccoli softens further.

Common mistakes:
1. Slicing the beef WITH the grain or too thick. Against the grain, 1/4 inch, is non-negotiable for tender stir-fry beef; with-the-grain slices stay chewy no matter how fast you cook them.
2. Crowding all the beef into the pan at once. It steams in its own juices and turns gray and tough. Two fast batches is the fix - 90 seconds each.
3. Forgetting to re-stir the sauce before pouring. The cornstarch sinks to the bottom of the bowl in seconds; unstirred sauce goes in thin and never thickens.",6,50,Cantonese,black-pepper-beef-broccoli.webp
134,"Brazilian Beef, Rice & Peas",Brazilian,513,36,53,17,"2 tbsp olive oil, divided
1 large yellow onion, finely diced
3 cloves garlic, minced
1 1/2 cups long-grain white rice
3 cups water
1 1/2 tsp kosher salt, divided
1 1/2 lb 93% lean ground beef
1 tbsp sweet paprika (pimentao doce)
1/2 tsp ground cumin
1/2 tsp freshly ground black pepper
2 medium tomatoes, diced
1 cup frozen peas (no need to thaw)
3 tbsp fresh parsley, chopped
Lime wedges and hot sauce, for serving (optional)","1. Mise en place: Dice means small even cubes about 1/2 inch. Dice the onion finely (1/4-inch cubes so it melts into the rice). Mince the garlic (very fine chop). Dice the tomatoes into 1/2-inch pieces. Chop the parsley. Measure the rice, water, peas, paprika, cumin, pepper, and salt into bowls so everything is within reach - this dish moves fast once the pan is hot.
2. Heat 1 tablespoon of the olive oil in a large saucepan or pot over medium heat. Add half the diced onion and one minced garlic clove with 1/2 teaspoon of the salt. Cook 3-4 minutes, stirring, until soft and translucent. Do not let it brown - Brazilian rice starts with a gentle refogado, a softening of aromatics, not a sear.
3. Add the dry rice to the pot and stir 1-2 minutes until the grains turn from chalky white to slightly translucent at the edges and smell faintly nutty. This toasting step gives Brazilian-style arroz its distinct flavor and keeps the grains separate.
4. Pour in the 3 cups of water - it will steam and bubble furiously, so stand back. Add 1/2 teaspoon more salt. Bring to a boil, stir once, cover, reduce to the lowest heat, and cook 18 minutes without lifting the lid. Remove from heat and rest, covered, 10 minutes. Fluff with a fork. The grains should be tender and separate, never mushy.
5. While the rice cooks, make the beef: heat the remaining 1 tablespoon of olive oil in a large skillet over medium-high heat. Add the remaining onion and cook 2-3 minutes until softened. Crumble in the ground beef. Cook 8-10 minutes, breaking it up with a spoon, until no pink remains and the meat is lightly browned in spots. Drain off any excess fat if there is more than a tablespoon.
6. Add the remaining garlic, the sweet paprika, cumin, black pepper, and the last 1/2 teaspoon of salt. Stir 1 minute until the spices smell toasty and coat the meat. Sweet paprika (not smoked, not hot) is the signature seasoning of carne moida - it gives the beef its warm red color and gentle sweetness.
7. Stir in the diced tomatoes and cook 3-4 minutes until they break down into a light sauce. Add the frozen peas straight from the freezer and cook 3-4 minutes more, until heated through and bright green. Taste and add salt if needed - the beef should be savory and well seasoned on its own.
8. Fluff the rice into the beef pan (or serve the beef over the rice in bowls) and toss gently. Shower with the chopped parsley. Serve with lime wedges for squeezing and hot sauce on the side - in Brazil, a squeeze of lime over carne moida is nearly mandatory. Storage: refrigerate up to 4 days. Reheat in a skillet over medium heat with a splash of water, or microwave covered.

Common mistakes:
1. Using smoked or hot paprika instead of sweet. Brazilian carne moida relies on sweet paprika's mellow color and gentle flavor; smoked paprika turns it into a different dish entirely.
2. Stirring the rice while it cooks or skipping the rest. Both make gummy rice. Cover, do not touch for 18 minutes, then rest 10 minutes off the heat before fluffing.
3. Under-seasoning the beef. Taste the meat before combining with the rice - bland beef plus plain rice equals a bland dinner. Salt assertively; the peas and tomatoes need it.",6,45,,brazilian-beef-rice-peas.webp
135,Bulgogi Chicken Rice Bowls,Korean,425,47,48,8,"1 3/4 lb boneless, skinless chicken breast
1/2 cup low-sodium soy sauce
1/2 Asian pear, peeled and grated on the fine holes (or 1/2 sweet apple)
2 tbsp packed brown sugar
1 tbsp toasted sesame oil
4 cloves garlic, minced
1 tbsp fresh ginger, grated
1 tbsp rice vinegar
1 tsp freshly ground black pepper
1 1/2 cups dry short-grain rice
2 cups water
1 English cucumber
1 tbsp rice vinegar, plus 1/2 tsp sugar
4 green onions
1 tbsp toasted sesame seeds
1 tbsp neutral oil, for the pan","1. Mise en place: Slice means thin even pieces. Slice the chicken breast across the grain into 1/4-inch strips. (Tip: 20 minutes in the freezer firms the chicken and makes thin slicing easy.) Mince means a very fine chop - mince the garlic. Grate the ginger and the pear on the fine holes of a box grater. Slice the green onions thinly on a diagonal. Slice the cucumber into thin half-moons. In a large bowl, whisk together the soy sauce, grated pear, brown sugar, sesame oil, garlic, ginger, 1 tablespoon rice vinegar, and black pepper until the sugar dissolves. This is the bulgogi marinade - the pear is the traditional Korean secret: its natural enzymes tenderize the meat and add a mellow sweetness you cannot get from sugar alone.
2. Add the chicken strips to the marinade and toss to coat every piece. Cover and refrigerate 20-30 minutes. Do not marinate longer than 2 hours - the pear enzymes will turn the chicken mushy past that point. Meanwhile, rinse the short-grain rice under cold water until the water runs mostly clear (this removes excess starch so the rice is sticky but not gummy).
3. Start the rice: combine the rice and 2 cups of water in a saucepan with a tight lid. Bring to a boil over high heat, stir once, cover, reduce to low, and cook 15 minutes without lifting the lid. Rest, covered, 10 minutes off the heat, then fluff. Short-grain rice should be slightly sticky and glossy.
4. While the rice cooks, toss the cucumber half-moons with the second 1 tablespoon of rice vinegar, the 1/2 teaspoon of sugar, and a pinch of salt. Let them sit 10 minutes - this quick pickle gives the bowls a cool, tangy crunch that cuts the rich marinade.
5. Remove the chicken from the fridge and shake off excess marinade (save it). Heat the neutral oil in your largest skillet or wok over HIGH heat until it just starts to smoke - 2 minutes. Add half the chicken in a single layer. Let it sit 2 minutes without touching so the sugars in the marinade caramelize into charred edges, then toss and cook 2-3 minutes more until cooked through. Remove to a plate and repeat with the rest. Crowding the pan steams the chicken and the marinade never caramelizes.
6. Pour the reserved marinade into the empty hot skillet and boil 1 full minute, stirring, until it thickens into a glossy glaze. (It must boil to be safe, since it touched raw chicken.) Return the chicken to the pan and toss to coat. Check a strip: cut the thickest piece - it should be white all the way through with no pink, 165 F internally.
7. Build the bowls: a scoop of rice, a pile of glazed chicken, a tangle of quick-pickled cucumber, a shower of green onions, and a sprinkle of sesame seeds. Storage: refrigerate chicken and rice separately up to 4 days. Reheat the chicken in a skillet over medium heat with a splash of water; microwave the rice covered with a damp paper towel.

Common mistakes:
1. Marinating for hours ""for more flavor."" The pear's enzymes keep working and the chicken turns mealy. 20-30 minutes is the sweet spot for chicken.
2. Cooking the chicken in a crowded, lukewarm pan. Bulgogi gets its flavor from fast, hot caramelization - sear in batches over high heat so the marinade chars instead of boiling.
3. Serving the reserved marinade uncooked. It touched raw chicken, so it must be boiled at least 1 minute before it goes back on the meat or over the rice.",6,55,,bulgogi-chicken-rice-bowls.webp
136,Caramel Pork with Cucumber Rice,Vietnamese,403,34,50,8,"1 1/2 lb pork tenderloin
3 tbsp brown sugar
2 tbsp water
1 tbsp avocado oil
1 shallot, minced
2 cloves garlic, minced
1 tsp freshly ground black pepper
3 tbsp fish sauce
1 cup coconut water (or plain water)
1 English cucumber
1 tbsp rice vinegar
1/2 tsp sugar
1 1/2 cups dry jasmine rice
2 1/4 cups water
2 green onions, thinly sliced, for serving","1. Mise en place: Mince means a very fine chop - mince the shallot and the garlic. Cut the pork tenderloin into 1-inch cubes (bite-size pieces braise evenly). Trim off the silvery skin-like membrane if you see any - slide a thin knife under it and pull it away; it stays tough no matter how long you cook it. Slice the cucumber into thin half-moons and toss with the rice vinegar, the 1/2 teaspoon of sugar, and a pinch of salt; set aside to quick-pickle. Measure the brown sugar, water, fish sauce, coconut water, and black pepper into bowls. Rinse the jasmine rice until the water runs mostly clear.
2. Start the rice: combine the rice and 2 1/4 cups of water in a saucepan with a tight lid. Bring to a boil over high heat, stir once, cover, reduce to low, and cook 15 minutes without lifting the lid. Rest, covered, 10 minutes off the heat, then fluff.
3. Make the caramel (nuoc mau), the heart of thit kho to: put a large heavy skillet or Dutch oven over medium-low heat. Add the brown sugar and the 2 tablespoons of water. Stir once, then leave it alone and watch it closely. In 4-6 minutes the sugar melts, bubbles, and turns from pale gold to deep amber - the color of strong tea or dark honey. The moment it reaches that color, swirl the pan. Do NOT let it go black or smell acrid; burnt caramel is bitter and cannot be fixed. If you see smoke or smell burning, start over - it is only 3 tablespoons of sugar.
4. Immediately add the avocado oil, then the pork cubes, standing back as they sizzle. Stir to coat every piece in the caramel - the pork will turn a glossy amber color at once. Cook 3-4 minutes, stirring, until the outside is no longer pink.
5. Stir in the minced shallot, garlic, and black pepper. Cook 1 minute until fragrant. Add the fish sauce - it will smell strong for a moment, then mellow into deep savoriness - and the coconut water. The coconut water is traditional: it adds a gentle sweetness and keeps the sauce clear and light instead of heavy.
6. Bring to a boil, then reduce to a gentle simmer, partially covered, 25-30 minutes. Stir every 10 minutes and skim any foam that rises. The sauce should reduce to a syrupy glaze that coats the pork; if it gets too thick before the pork is tender, add a splash of water. The pork is done when a piece is tender and the internal temperature reads 145 F. Rest the pork 3 minutes before serving.
7. Serve the caramel pork over jasmine rice with plenty of the glossy sauce spooned over, the quick-pickled cucumber on the side, and green onions scattered on top. The cool cucumber against the sweet-salty pork is the classic balance. Storage: refrigerate up to 4 days - it tastes even better the next day. Reheat gently in a covered skillet with a splash of water.

Common mistakes:
1. Walking away from the caramel. Sugar goes from amber to burnt in under a minute. Stay at the stove, and the instant it smells toasted and looks like dark tea, add the pork.
2. Adding the fish sauce before the caramel is made. The salt and water in the sauce stop the sugar from caramelizing properly - caramel first, seasoning after.
3. Boiling the braise hard the whole time. A rolling boil toughens the pork and clouds the sauce. Keep it at a gentle simmer, partially covered, so the meat turns tender and the sauce turns syrupy.",6,55,,caramel-pork-with-cucumber-rice.webp
137,Chicken Chile Verde Rice Bowls,Mexican,439,47,52,8,"1 1/2 lb tomatillos, husks removed and rinsed
3 poblano peppers
1 jalapeno
1 medium yellow onion, half cut into wedges, half diced
3 cloves garlic, unpeeled
2 tbsp neutral oil, divided
1 3/4 lb boneless, skinless chicken breast, cut into 1-inch pieces
1 tsp ground cumin
1 tsp dried Mexican oregano (or regular oregano)
1 cup low-sodium chicken broth
1/2 cup fresh cilantro leaves, roughly chopped, plus more for serving
1 1/2 tsp kosher salt, plus more to taste
1 lime, cut into wedges
1 1/2 cups dry long-grain white rice
2 1/4 cups water","1. Mise en place: Move an oven rack to the top position, about 4 inches from the broiler, and turn the broiler to HIGH. Peel the papery husks off the tomatillos and rinse off their sticky coating. Dice means small even cubes - dice half the onion. Cut the other half into wedges. Leave the garlic cloves in their skins (they roast inside and squeeze out sweet and soft). Cut the chicken breast into 1-inch pieces. Chop the cilantro. Line a rimmed baking sheet with foil. Rinse the rice until the water runs mostly clear.
2. Start the rice: combine the rice and 2 1/4 cups of water in a saucepan with a tight lid. Bring to a boil over high heat, stir once, cover, reduce to low, and cook 15 minutes without lifting the lid. Rest, covered, 10 minutes off the heat, then fluff.
3. Arrange the tomatillos (cut-side down), whole poblanos, whole jalapeno, onion wedges, and unpeeled garlic cloves on the foil-lined sheet. Drizzle with 1 tablespoon of the oil and sprinkle with 1/2 teaspoon of the salt. Broil 8-10 minutes, turning the vegetables once halfway, until the skins are blistered and blackened in spots and the tomatillos have softened and released juice. Char equals flavor here - do not be shy.
4. Transfer the hot peppers to a bowl and cover tightly with foil or a plate; let them steam 10 minutes. The steam loosens the skins. Then peel off as much of the blackened skin as comes away easily (a few charred flecks left behind are fine and add smokiness), pull out the stems, and scrape out the seeds from the poblanos and jalapeno. For a milder sauce, remove all the seeds; for heat, leave the jalapeno seeds in.
5. Squeeze the roasted garlic from its skins into a blender. Add the peeled peppers, the tomatillos and ALL their juices from the pan, the raw diced onion, half the cilantro, the cumin, oregano, and the chicken broth. Blend until smooth. It should be vivid green and smell bright and smoky. Season with 1/2 teaspoon of the salt.
6. Heat the remaining 1 tablespoon of oil in a large Dutch oven or deep skillet over medium-high heat. Season the chicken pieces with the remaining 1/2 teaspoon of salt and sear 5-6 minutes, turning, until golden on the outside (they will not be cooked through). Remove to a plate.
7. Pour the green sauce into the same pot - it will sizzle. Scrape up the browned bits. Bring to a simmer and cook 10 minutes, uncovered, until it darkens slightly and thickens enough to coat a spoon. Return the chicken and any juices to the pot. Reduce the heat to low, cover, and simmer 15-20 minutes, until the chicken is tender and reads 165 F inside. Stir in the remaining cilantro and a squeeze of lime. Taste: it should be tangy, smoky, and savory with a gentle heat. Add salt a pinch at a time until it sings.
8. Serve over the rice in bowls, with lime wedges and extra cilantro. The rice soaks up the green sauce - that is the whole point of the bowl. Storage: refrigerate up to 4 days, or freeze up to 3 months. Reheat gently on the stove; the sauce may thicken, so loosen with a splash of broth.

Common mistakes:
1. Skipping the char on the vegetables. Pale, unblistered tomatillos and peppers make a raw-tasting, sour sauce. Broil until genuinely blackened in spots - that char is the chile verde flavor.
2. Adding the cilantro and lime at the start. Both turn dull and bitter with long cooking. Stir them in off the heat at the very end for bright, fresh flavor.
3. Boiling the chicken hard in the sauce. A fierce boil makes chicken breast rubbery. Keep the final simmer gentle and pull the chicken at 165 F - tender, not tough.",6,65,Northern Mexico,chicken-chile-verde-rice-bowls.webp
138,Chicken & Chorizo-Style Paella,Spanish,660,34,52,35,"4 cups low-sodium chicken broth
1/2 tsp saffron threads (about 1 generous pinch)
1 1/2 lb boneless, skinless chicken thighs, cut into 1 1/2-inch pieces
1 1/2 tsp kosher salt, divided
1/2 tsp freshly ground black pepper
6 oz Spanish cured chorizo, sliced into 1/4-inch coins
3 tbsp olive oil
1 medium yellow onion, finely diced
1 red bell pepper, cut into 1/4-inch strips
3 cloves garlic, minced
2 tsp smoked paprika (pimenton)
1 can (14.5 oz) diced tomatoes, drained
1 1/2 cups bomba rice (or arborio as a substitute)
1 cup frozen peas
1 lemon, cut into wedges","1. Mise en place: Slice means thin even pieces - slice the chorizo into 1/4-inch coins and the bell pepper into strips. Dice the onion finely (small 1/4-inch cubes). Mince the garlic. Cut the chicken thighs into 1 1/2-inch pieces. Drain the diced tomatoes. Cut the lemon into wedges. Measure the rice, peas, paprika, salt, and pepper. Pour the broth into a saucepan, crumble in the saffron threads, and warm over low heat until steaming - do NOT boil. Let it steep 10 minutes; the broth will turn golden and smell faintly of hay and honey. Keep it warm the whole time you cook. A wide pan is essential: use a 14-15 inch paella pan, or your widest skillet. Paella needs a thin layer of rice to cook evenly.
2. Heat the olive oil in the paella pan over medium-high heat until shimmering. Season the chicken with 1 teaspoon of the salt and the black pepper. Add the chicken in a single layer and brown 6-7 minutes, turning, until golden on most sides. It will not be cooked through - that happens in the rice. Push the chicken to the edges of the pan.
3. Add the chorizo coins to the center and cook 2 minutes, stirring, until they release their red, paprika-stained fat and crisp at the edges. (Note for purists: chorizo is not in traditional Valencian paella - this is the popular ""chorizo-style"" weeknight version, and that rendered fat is liquid gold for the rice.)
4. Add the onion and bell pepper to the center. Cook 5 minutes, stirring, until softened. Stir in the garlic and smoked paprika and cook 30 seconds until fragrant - paprika burns fast, so keep it moving. Stir in the drained tomatoes and cook 3-4 minutes until the mixture thickens into a dark, jammy sofrito. This concentrated base is where the paella's depth comes from.
5. Stir in the rice and the remaining 1/2 teaspoon of salt. Toast 2 minutes, stirring, until the grains are coated in the red fat and smell nutty. Now spread the rice into a perfectly even layer across the whole pan - and from this point on, DO NOT STIR. Stirring releases starch and turns paella into risotto.
6. Pour in all the warm saffron broth. It should just cover the rice. Scatter the peas over the top. Bring to a lively simmer over medium-high heat for 5 minutes - you will see the grains dancing. Then reduce to medium-low and cook 15 minutes, uncovered, without touching it. The rice absorbs the broth from the bottom up.
7. Now the socarrat - the prized caramelized crust on the bottom. Listen: when the bubbling sounds change from wet to a faint crackle and you smell a toasty (not burnt) aroma, the bottom is crisping. Give it 2-3 minutes at this stage, then turn off the heat. To check without stirring, slide a thin spatula or spoon gently under one edge of the rice - the bottom should be golden and crisp, not black.
8. Cover the pan with a clean kitchen towel or foil and rest 5 minutes. This lets the last steam finish the grains. Cut the chicken pieces to check: they should read 165 F and the juices run clear; the rice should be tender with a slight bite. Serve straight from the pan with lemon wedges for squeezing - lemon is not traditional in Valencia, but it brightens the rich chorizo beautifully. Storage: refrigerate up to 3 days. Reheat covered in a 350 F oven with a splash of broth; the socarrat will not recrisp, but the flavor holds.

Common mistakes:
1. Stirring after the broth goes in. Every stir breaks grains and releases starch, giving you creamy risotto instead of distinct, separate paella rice. Spread it level once and leave it alone.
2. Using cold broth. Cold liquid shocks the rice and cooks it unevenly. Keep the saffron broth steaming-hot in its saucepan the entire time.
3. Chasing socarrat too hard and burning it. Toasty and crackling is perfect; acrid and black is ruined. When in doubt, pull it off the heat a minute early - a light crust beats a bitter one.",6,65,Valencia,chicken-chorizo-style-paella.webp
139,Chicken Dijon Risotto,French,507,44,41,18,"1 1/2 lb boneless, skinless chicken breast
1 1/2 tsp kosher salt, divided
1/2 tsp freshly ground black pepper
1 tbsp olive oil
1 large shallot, finely minced
1 1/2 cups arborio rice (do not substitute long-grain rice)
1/2 cup dry white wine
5 cups low-sodium chicken broth
3 tbsp Dijon mustard
1/4 cup heavy cream
3 tbsp cold unsalted butter, cut into small cubes
1/2 cup freshly grated Parmesan cheese
3 tbsp fresh tarragon leaves, chopped (or 1 tbsp fresh thyme leaves)","1. Mise en place: Mince means a very fine chop - mince the shallot as fine as you can; it should nearly disappear into the risotto. Cut the cold butter into small cubes and keep it in the fridge until the end - cold butter is what makes the final sauce glossy. Chop the tarragon. Grate the Parmesan. Whisk together the Dijon mustard and heavy cream in a small bowl. Pour the chicken broth into a saucepan and keep it at a bare simmer over low heat for the entire cook - adding cold broth to risotto shocks the grains and ruins the creamy texture. Have a ladle ready.
2. Pat the chicken breasts dry and season both sides with 1/2 teaspoon of the salt and the black pepper. Heat the olive oil in a large deep skillet or Dutch oven over medium-high heat until shimmering. Sear the chicken 5-6 minutes per side without moving it, until deeply golden. It should release easily when the crust is formed; if it sticks, it is not ready to flip. Transfer to a plate and rest 5 minutes (resting keeps the juices in). Then slice across the grain into 1/2-inch strips. Check the thickest piece - 165 F and no pink.
3. Reduce the heat to medium. In the same pan with the chicken drippings, melt 1 tablespoon of the butter. Add the minced shallot and 1/2 teaspoon of the salt. Cook 2-3 minutes, stirring, until soft and translucent but not browned.
4. Add the arborio rice and stir 2 minutes until every grain is coated and the edges turn slightly translucent with a white dot in the center. This toasting step is called tostatura - it seals the grains so they release starch slowly and stay distinct. You will hear a faint crackling and smell a nutty aroma.
5. Pour in the white wine. It will sizzle and steam. Stir until the sharp alcohol smell disappears and the liquid is absorbed, about 2 minutes.
6. Now the rhythm of risotto: add the warm broth one ladle (about 1/2 cup) at a time, stirring frequently and letting each addition absorb before adding the next. Keep the heat at a steady medium so the rice bubbles gently - never a hard boil, never still. This takes 18-20 minutes. Start tasting at 16 minutes: the rice is done when it is creamy and tender with a slight bite at the center (al dente), flowing slowly when you shake the pan. You may not need all 5 cups - stop when the texture is right. Season with the remaining 1/2 teaspoon of salt.
7. Remove the pan from the heat. This next step is the mantecatura, the beating-in that makes risotto silky: add the cold butter cubes, the Parmesan, and the Dijon-cream mixture. Stir vigorously 1-2 minutes until the butter melts into a glossy sauce that waves when you tilt the pan - Italians call this all'onda, ""like a wave."" Stir in the tarragon.
8. Spoon the risotto into warm shallow bowls, fan the sliced chicken over the top, and finish with a little extra Parmesan and tarragon. Serve immediately - risotto waits for no one and stiffens within minutes. Storage: refrigerate up to 3 days (it will firm up). Reheat gently in a saucepan with a splash of broth, stirring, until creamy again; refresh with a spoonful of Dijon and Parmesan.

Common mistakes:
1. Adding all the broth at once or using cold broth. Risotto's creaminess comes from starch released gradually - one ladle at a time, broth kept simmering, 18-20 minutes of gentle bubbling.
2. Overcooking the rice to mush. Start tasting at 16 minutes and stop at al dente with a slight bite; carryover heat finishes it during the mantecatura.
3. Skipping the rest for the chicken or slicing it hot. The juices run out onto the cutting board instead of staying in the meat - 5 minutes of rest, then slice.",6,55,Burgundy,chicken-dijon-risotto.webp
140,Chicken Fajita Potatoes with Jalapeños,Mexican,389,43,38,11,"2 lb Yukon Gold potatoes
3 tbsp olive oil, divided
1 1/2 tsp kosher salt, divided
1 1/2 lb boneless, skinless chicken breast, cut into 1/2-inch strips
2 tbsp chili powder
2 tsp ground cumin
2 tsp smoked paprika
2 tsp garlic powder
1 tsp onion powder
1 tsp dried oregano
1/2 tsp freshly ground black pepper
1/4 tsp cayenne pepper (use 1/2 tsp for extra heat)
3 bell peppers (mixed colors), cut into 1/2-inch strips
1 large yellow onion, cut into 1/2-inch strips
3 jalapenos, sliced into 1/4-inch rings (seeds in for heat, out for mild)
1 lime, cut into wedges
3/4 cup plain Greek yogurt, for serving
1/4 cup fresh cilantro, chopped, for serving","1. Mise en place: Dice means small even cubes - cut the potatoes into 3/4-inch cubes (even size so they cook at the same rate). Slice means thin even pieces - cut the chicken breast into 1/2-inch strips across the grain, the bell peppers and onion into 1/2-inch strips, and the jalapenos into 1/4-inch rings. (Wash your hands after handling jalapenos and do not touch your face - the oils burn.) In a small bowl, mix the chili powder, cumin, smoked paprika, garlic powder, onion powder, oregano, black pepper, cayenne, and 1 teaspoon of the salt. This homemade fajita seasoning beats any packet. Cut the lime into wedges. Preheat the oven to 425 F and line a large rimmed baking sheet with foil.
2. Toss the potato cubes with 1 1/2 tablespoons of the olive oil and 1/2 teaspoon of the salt on the baking sheet. Spread in a single layer with space between cubes. Roast 20 minutes. They should be starting to crisp at the edges - shake the pan once halfway through.
3. While the potatoes roast, toss the chicken strips with the remaining 1 1/2 tablespoons of olive oil and ALL of the fajita seasoning, rubbing it into every strip with your hands. Let it sit 10 minutes - even this short rest lets the spices bloom into the meat.
4. Heat your largest skillet (cast iron is ideal) over HIGH heat until it just starts to smoke - about 3 minutes. A screaming-hot pan is the Tex-Mex secret: it sears the outside fast, giving you charred edges and juicy centers instead of pale, steamed chicken. Add half the chicken in a single layer. Let it sit undisturbed 2 minutes until browned underneath, then toss and cook 2-3 minutes more until cooked through. Remove to a plate. Repeat with the rest. Do not crowd - two batches, always.
5. In the same hot skillet, add the bell peppers, onion strips, and jalapeno rings. Sear 4-5 minutes, tossing only once or twice, until charred in spots but still crisp-tender. Fajita vegetables should have bite, not be soft. Squeeze half the lime over them.
6. Push the roasted potatoes (from the oven) into the skillet with the vegetables, or combine everything on the baking sheet. Return the chicken to the pan and toss 1 minute to marry the flavors. Cut the thickest chicken strip - 165 F inside and no pink.
7. Serve family-style from the skillet or in bowls: a base of crispy potatoes, piled with fajita chicken and peppers, a dollop of cool Greek yogurt, a shower of cilantro, and lime wedges for squeezing. The yogurt cools the jalapeno heat the way sour cream does, with more protein. Storage: refrigerate up to 4 days. Reheat in a 400 F oven or hot skillet to re-crisp the potatoes - the microwave makes them soggy.

Common mistakes:
1. Crowding the chicken into the pan. It steams in its own juice and never browns. Sear in two batches over high heat, in a single layer, 2 minutes undisturbed per side.
2. Cooking the peppers and onions until soft. Fajita vegetables should be charred outside and crisp-tender inside - 4-5 minutes, tossed only once or twice.
3. Cutting potatoes in uneven sizes. Big and small cubes on the same pan means some burn while others stay raw. Take the extra minute to cut them all 3/4 inch.",6,55,Tex-Mex,chicken-fajita-potatoes-with-jalapenos.webp
141,Chicken Fried Rice,Chinese,563,51,51,15,"1 3/4 lb boneless, skinless chicken breast
6 cups cooked long-grain white rice, cooked the day before and refrigerated uncovered (from about 2 cups dry rice)
4 large eggs
1 1/2 cups frozen peas and carrots (no need to thaw)
6 green onions
3 garlic cloves
4 tbsp low-sodium soy sauce, divided
1 tbsp toasted sesame oil
2 tbsp avocado oil (or another neutral high-heat oil), divided
1 tsp kosher salt, divided
1/2 tsp ground white pepper (black pepper works too)","1. Mise en place (do ALL of this before the stove goes on): Cut the chicken into small dice (small cubes about 1/2 inch on each side). Pat the cubes dry with paper towels and put them in a bowl. Break up any hard clumps in the cold rice with your hands or a fork and leave it in a bowl at the counter -- cold, dry rice fries; wet rice steams. Crack the 4 eggs into a small bowl and beat them with a fork until no streaks remain. Mince the garlic (chop it very fine, almost a paste). Slice the green onions into thin rings, keeping the white bottoms and green tops in two separate piles. Measure the soy sauce, sesame oil, avocado oil, salt, and white pepper into small dishes. This dish cooks in under 15 minutes once the heat is on, so everything must be within arm's reach.
2. Heat your largest skillet or a wok over HIGH heat for 2 full minutes until it is smoking hot. (Restaurant wok burners are far hotter than home stoves; the trick at home is a ripping-hot pan, dry rice, and cooking in small batches so food fries instead of steams.) Add 1 tablespoon of the avocado oil and swirl it around.
3. Pour in the beaten eggs. They should sizzle and puff immediately. Let them sit 20 seconds, then scramble with a spatula, breaking them into small ribbons, 45 to 60 seconds total. They should look just set and pale gold, not browned. Scoop them onto a plate.
4. Add the remaining 1 tablespoon avocado oil to the hot pan. Add HALF the chicken in a single layer -- do not crowd it. Let it sit undisturbed for 90 seconds so it sears and browns, then stir-fry 2 to 3 minutes more until the pieces are golden on the edges and no pink shows when you cut one open. The internal temperature should reach 165 F. Scoop onto the plate with the eggs. Repeat with the remaining chicken. (Two batches keeps the pan hot; one crowded batch would steam the chicken gray.)
5. Drop the heat to medium-high. Add the white parts of the green onions and the minced garlic. Stir constantly for 30 seconds until fragrant -- garlic burns fast at this heat and turns bitter, so keep it moving. Add the frozen peas and carrots and stir-fry 2 minutes until they are hot and bright.
6. Push everything to the edges of the pan. Add the cold rice to the center and spread it into an even layer. Press it down with the spatula and LEAVE IT ALONE for 60 to 90 seconds -- you want the bottom to toast and pick up a few golden, slightly crispy spots. This is the home version of wok hei, the smoky char of restaurant fried rice. Then toss and stir 2 minutes, breaking up any remaining clumps, until every grain is hot and separate.
7. Drizzle 3 tablespoons of the soy sauce around the outer edge of the hot pan, not directly onto the rice. It will hiss and caramelize on the hot metal, giving a deeper, smokier flavor than pouring it on the rice. Toss everything together for 1 minute.
8. Return the chicken and eggs to the pan. Taste a grain of rice: add the last tablespoon of soy sauce only if it needs more salt, and sprinkle over the white pepper. Toss 1 more minute until everything is piping hot.
9. Turn the heat OFF. Drizzle the sesame oil over the top (it is a finishing oil -- heat kills its nutty aroma) and scatter the green onion tops over everything. Give one final gentle fold.
10. Serve: spoon into warm bowls. It is a complete meal on its own.
11. Storage: refrigerate leftovers in a sealed container within 2 hours; they keep 3 to 4 days. Reheat in a hot skillet with a teaspoon of oil (not the microwave) so the rice crisps again instead of going gummy; sprinkle a few drops of water over it as it reheats. Do not reheat more than once.

Common mistakes:
- Using fresh, warm rice. Fresh rice is too moist and turns to mush. Cook it the day before and refrigerate uncovered so the surface dries out. In a pinch, spread fresh rice on a sheet pan and refrigerate 2 hours.
- Crowding the pan. Too much food at once drops the temperature and everything steams. Cook the chicken in two batches and keep the rice in a thin layer.
- Adding the sesame oil during cooking. It is a finishing oil; high heat destroys its flavor. It always goes in off the heat at the very end.
- Overcooking the eggs. They get a second heating when they go back into the pan, so scramble them just until set -- pale and soft, not browned and rubbery.",6,35,,chicken-fried-rice.webp
142,Chicken Katsu-Style Rice Bowls,Japanese,700,57,80,14,"2 lb boneless, skinless chicken breast (4 large breasts)
2 cups short-grain white rice (sushi rice)
2 cups panko breadcrumbs (Japanese-style coarse crumbs)
2 large eggs
1/2 cup all-purpose flour
3 cups finely shredded green cabbage (about 1/2 small head)
1/3 cup tonkatsu sauce (store-bought; Bull-Dog brand is the classic)
1 cup neutral oil for frying (vegetable, canola, or avocado), plus 1 tsp for the cabbage
1 1/2 tsp kosher salt, divided
1/2 tsp black pepper
Lemon wedges, for serving (optional)","1. Mise en place: Rinse the rice in a fine-mesh strainer under cold water, swishing with your hand, until the water runs mostly clear -- this washes off excess starch so the rice cooks up fluffy, not gummy. Put the rice and 2 1/4 cups water in a medium saucepan. Shred the cabbage: cut the cabbage half into thin ribbons (slice = thin, even pieces cut across the grain). Set up your breading station: put the flour on one large plate, beat the 2 eggs in a shallow bowl, and spread the panko on a second large plate. Keep a clean plate ready for the breaded cutlets.
2. Cook the rice: bring the saucepan to a boil over high heat, then immediately drop the heat to low, cover with a tight lid, and cook 15 minutes without peeking. Turn the heat off and let it rest, still covered, 10 minutes. Fluff with a fork. The grains should be tender, slightly sticky, and glossy.
3. While the rice cooks, prepare the chicken. Chicken katsu means the cutlets must be an even thickness or they cook unevenly. If a breast is thicker than 1/2 inch, butterfly it: lay your knife hand flat on top of the breast and slice horizontally through the middle, stopping 1/2 inch from the far edge, then open it like a book. Place each piece between two sheets of plastic wrap and pound with a meat mallet, rolling pin, or the bottom of a heavy pan until uniformly 1/2 inch thick. Season both sides of every cutlet with the salt and pepper.
4. Bread the cutlets, one at a time, using one hand for wet and one for dry to keep your fingers from getting caked: dredge in flour (coat fully, then shake off every bit of excess -- extra flour makes the coating slide off), dip in beaten egg (let the excess drip off), then press firmly into the panko, patting so the crumbs stick in a thick, even layer. Lay on the clean plate. Bread all cutlets before any frying starts.
5. Heat the 1 cup of oil in your largest heavy skillet over medium-high heat until it reaches 350 F. No thermometer? Drop in one panko crumb: it should sizzle immediately and float to the surface, turning golden in about 30 seconds. If it browns instantly, the oil is too hot; if it sinks quietly, it is too cool.
6. Fry 2 cutlets at a time (never crowd -- the temperature drops and the crust goes soggy). Fry 3 to 4 minutes per side, turning once, until deep golden brown. The crust should sound crisp and look evenly colored. Lift out with tongs or a slotted spatula and set on a wire rack set over a sheet pan -- a rack keeps the bottom crust crisp; a paper-towel-lined plate traps steam and softens it.
7. Check doneness: the thickest part of the cutlet must read 165 F on an instant-read thermometer. Between batches, skim out any dark crumbs from the oil with a slotted spoon so the next batch does not taste burnt, and let the oil come back to 350 F.
8. Rest the fried cutlets on the rack for 3 to 4 minutes. This is not optional -- the juices redistribute and the crust sets. Then slice each cutlet crosswise into 3/4-inch strips with a sharp knife, pressing straight down rather than sawing, so the crust stays attached.
9. Toss the shredded cabbage with the 1 teaspoon of oil and a pinch of salt (about 1/4 teaspoon). In Japan, katsu is always served with a mountain of crisp shredded cabbage -- it is not a garnish, it is part of the dish.
10. Serve: scoop rice into wide bowls, pile cabbage alongside, and fan the katsu strips over the top. Drizzle with tonkatsu sauce (start with 1 tablespoon per bowl and add more at the table) and add a lemon wedge if you like.
11. Storage: refrigerate leftover katsu and rice separately, up to 3 days. Reheat katsu in a 400 F oven or air fryer 8 to 10 minutes until crisp -- the microwave makes the crust rubbery. Rice reheats well sprinkled with water and covered in the microwave.

Common mistakes:
- Uneven chicken thickness. A breast that is 1 inch on one end and 1/2 inch on the other will be raw at the thick end or dry at the thin end by the time the crust is golden. Pound to a uniform 1/2 inch.
- Frying at the wrong temperature. Oil below 325 F soaks into the panko and makes it greasy; oil above 375 F burns the crust before the chicken cooks through. Hold 350 F and reheat between batches.
- Skipping the rest. Cutting into the cutlet straight out of the oil lets the juices flood out and softens the crust. Three to four minutes on a wire rack makes a real difference.
- Draining on paper towels. It seems tidy, but trapped steam is the enemy of crisp. A wire rack keeps air circulating under the crust.",6,45,,chicken-katsu-style-rice-bowls.webp
143,Chicken Marsala-Style Orzo,Italian,639,59,58,15,"2 lb boneless, skinless chicken breast
1/4 cup all-purpose flour, for dredging
2 cups orzo pasta (about 12 oz)
12 oz cremini mushrooms (baby bella)
1 shallot
3/4 cup dry Marsala wine (NOT sweet -- the bottle should say ""dry"" or ""secco""; Marsala is a fortified wine from Sicily)
3 1/2 cups low-sodium chicken broth
2 tbsp unsalted butter
2 tbsp olive oil, divided
1/4 cup chopped fresh parsley
1 1/2 tsp kosher salt, divided
1/2 tsp black pepper","1. Mise en place: Slice each chicken breast horizontally into cutlets about 1/2 inch thick (lay your palm flat on the breast and slice through the middle like opening a book). If any cutlet is thicker than 1/2 inch, pound it gently to even it out. Season both sides with 1 teaspoon of the salt and the pepper, then dredge lightly in the flour: coat each cutlet, then shake off ALL the excess -- you want a whisper of flour, not a coating. The flour gives the sear its golden color and later thickens the sauce. Slice the mushrooms about 1/4 inch thick. Mince the shallot (chop it very fine). Chop the parsley. Measure the wine and broth and set them by the stove.
2. Heat 1 tablespoon of the olive oil in a large, deep skillet or Dutch oven over medium-high heat until it shimmers. Sear the floured cutlets in two batches, 3 to 4 minutes per side, until deep golden brown. Do not move them for the first 2 minutes -- the crust needs contact time to form. They will NOT be cooked through yet; that is fine. Transfer to a plate. If the flour in the pan looks dark brown (not just golden), wipe the pan quickly with a paper towel before the next batch so the sauce does not taste burnt.
3. Drop the heat to medium. Add the remaining 1 tablespoon olive oil and the butter. When the butter foams, add the mushrooms in a single layer. Let them sit undisturbed 2 minutes so they brown, then stir and cook 3 to 4 minutes more until they have released their liquid and turned a rich brown. Browning the mushrooms -- not just softening them -- is where the sauce gets its deep, savory flavor. Add the minced shallot and cook 1 minute until softened and fragrant.
4. Pour in the Marsala wine. It will bubble furiously -- this is the alcohol burning off. Scrape the bottom of the pan with a wooden spoon to dissolve all the browned bits (this is called deglazing, and those bits are pure flavor). Let the wine simmer 2 to 3 minutes until it has reduced by about half and no longer smells sharply of alcohol.
5. Pour in the chicken broth and bring to a gentle boil. Stir in the orzo and the remaining 1/2 teaspoon salt. Cover, reduce the heat to medium-low, and simmer 10 minutes, stirring once halfway through so the orzo does not stick to the bottom. The orzo cooks directly in the Marsala-mushroom broth, absorbing it like a quick risotto.
6. Uncover and nestle the seared chicken cutlets into the orzo, spooning some orzo and sauce over them. Cover and simmer 3 to 4 minutes more, until the orzo is tender with a slight bite (al dente) and the thickest cutlet reads 165 F on an instant-read thermometer. If the pan looks dry, splash in 1/4 cup of water or broth -- the orzo keeps drinking liquid.
7. Turn off the heat. The sauce should lightly coat the orzo and pool a little in the pan. Shower with the chopped parsley and serve directly from the pan in shallow bowls, making sure everyone gets sauce.
8. Storage: refrigerate up to 3 days in a sealed container. The orzo will absorb the sauce overnight -- revive it when reheating with a splash of chicken broth in a covered skillet over medium-low heat, stirring gently, until hot. Microwave works in a pinch with added broth.

Common mistakes:
- Using sweet Marsala. Sweet Marsala (often labeled ""dolce"") makes the sauce cloying and dessert-like. Buy a bottle that says DRY Marsala -- it is in the wine aisle, not the vinegar aisle, and it keeps for months once opened.
- Skipping the flour dredge or leaving it too thick. No flour means a pale sear and a thin, watery sauce; too much flour makes the sauce gummy and pasty. A light dusting, shaken off well, is the target.
- Not browning the mushrooms. Mushrooms that are merely steamed soft taste flat and rubbery. Give them space in the pan and let them sit until genuinely brown before stirring.
- Overcooking the orzo. It goes from al dente to mushy in about 2 minutes. Start tasting at 9 minutes and pull the pan off the heat while it still has a slight bite -- it keeps cooking in the hot sauce.",6,40,Sicily,chicken-marsala-style-orzo.webp
144,Chicken Milanesa with Parmesan Potatoes,Argentinian,639,61,54,19,"2 lb boneless, skinless chicken breast (4 large breasts)
1/4 cup all-purpose flour
3 large eggs
3 garlic cloves
3 tbsp chopped fresh parsley, plus more for serving
1 1/2 cups plain fine breadcrumbs (pan rallado style -- not Italian-seasoned)
1/2 cup finely grated Parmesan cheese, divided
2 lb Yukon Gold potatoes (about 4 medium)
3 tbsp olive oil, divided
1 lemon, cut into wedges
2 tsp kosher salt, divided, plus more for the potatoes
1 tsp black pepper","1. Mise en place: Heat the oven to 425 F and put a large rimmed sheet pan in it to preheat (a hot pan gives the potatoes a head start on crisping). Cut the potatoes into wedges: halve each potato lengthwise, then cut each half into 3 or 4 long wedges about 3/4 inch thick at the wide end. Mince the garlic (chop it very fine). Chop the parsley. Grate the Parmesan if not pre-grated. Cut the lemon into 6 wedges. Set up the breading station: flour on one plate, the beaten eggs whisked with the minced garlic, chopped parsley, 1 teaspoon of the salt, and the pepper in a shallow bowl, and the breadcrumbs mixed with half the Parmesan on a second plate. In Argentina this garlicky, parsley-flecked egg wash is called the ligue -- it is the signature seasoning of a real milanesa.
2. Toss the potato wedges with 1 tablespoon of the olive oil and 1 teaspoon salt. Spread them on the hot sheet pan in a single layer with space between them. Roast 30 to 35 minutes, flipping once halfway, until deep golden and crisp at the edges. A fork should slide in easily.
3. While the potatoes roast, prepare the chicken. Authentic milanesa is pounded very thin -- about 1/4 inch. Butterfly any breast thicker than 1/2 inch (slice horizontally almost through, then open like a book), place between plastic wrap, and pound evenly to 1/4 inch. Thin cutlets cook in minutes and give the ideal crisp-coating-to-meat ratio. Season both sides with the remaining 1 teaspoon salt.
4. Bread the cutlets one at a time: dredge in flour and shake off the excess, dip in the egg ligue letting the excess drip back, then press firmly into the breadcrumb-Parmesan mixture, patting to build an even crust. Lay on a plate. When all are breaded, rest them 10 minutes at room temperature -- this sets the coating so it does not slide off in the oil.
5. Heat the remaining 2 tablespoons olive oil in your largest skillet over medium-high heat until it shimmers and a breadcrumb dropped in sizzles instantly (about 350 F). Fry 2 cutlets at a time, 2 to 3 minutes per side, until deep golden brown and crisp. Do not press them down and do not move them until you flip -- the crust needs undisturbed contact to set. Transfer to a wire rack set over a sheet pan (never paper towels -- steam softens the crust).
6. Check the thickest cutlet with an instant-read thermometer: it must read 165 F. Because the cutlets are so thin, color plus firmness is usually enough, but verify at least one.
7. When the potatoes have 5 minutes left, pull the pan out, sprinkle the remaining Parmesan over the wedges, and return to the oven so the cheese melts into a lacy, golden crust.
8. Serve: plate each milanesa with a pile of Parmesan potatoes, lemon wedges alongside, and a pinch of fresh parsley. In Buenos Aires, a squeeze of lemon over the cutlet is not optional -- it cuts the richness and brightens the whole plate.
9. Storage: refrigerate leftovers separately up to 3 days. Reheat milanesa on a rack in a 400 F oven 8 to 10 minutes to re-crisp; the microwave ruins the crust. Potatoes reheat well the same way.

Common mistakes:
- Pounding unevenly or not thin enough. Thick spots stay raw while thin spots overcook, and a thick cutlet needs so long in the oil that the crust burns. Take the time to get every cutlet to an even 1/4 inch.
- Seasoning only the meat. Argentine cooks season every station -- the egg ligue carries the garlic, parsley, salt, and pepper so the flavor is IN the crust, not just on the chicken. An unseasoned coating tastes like plain fried bread.
- Skipping the 10-minute rest after breading. A fresh, wet coating slides right off in hot oil. The short rest lets the egg glue set.
- Crowding the skillet. More than 2 cutlets drops the oil temperature, the breading absorbs oil instead of crisping, and you get greasy milanesa. Fry in batches and let the oil come back up to a sizzle between them.",6,50,Buenos Aires,chicken-milanesa-with-parmesan-potatoes.webp
145,Chicken Moqueca-Style Rice,Brazilian,716,54,67,24,"2 lb boneless, skinless chicken breast
2 limes (1 juiced, 1 cut into wedges for serving)
4 garlic cloves, divided
2 tsp kosher salt, divided
2 cups long-grain white rice
2 tbsp olive oil, divided
1 large yellow onion
1 large red bell pepper
1 can (14.5 oz) diced tomatoes, drained
1 can (13.5 oz) full-fat coconut milk (shake the can well first)
1 tbsp achiote oil -- the home substitute for dende (red palm oil): warm 1 tbsp avocado oil with 1 tsp annatto seeds over low heat 3 minutes until the oil turns deep orange, then strain out the seeds. (Or use 1 tbsp olive oil plus 1/2 tsp sweet paprika.)
2 tsp sweet paprika
1/2 cup chopped fresh cilantro, plus whole leaves for serving","1. Mise en place: Cut the chicken into 1 1/2-inch cubes (bigger than bite-size -- they shrink and must survive a 20-minute simmer). Put the cubes in a bowl with the juice of 1 lime, 2 minced garlic cloves (mince = chop very fine), and 1 teaspoon of the salt. Toss and refrigerate 15 minutes -- this quick lime marinade is classic Bahian seasoning and gently firms the chicken. Meanwhile, slice the onion into thin half-moons (slice = thin, even pieces): halve the onion top to bottom, then slice across. Slice the bell pepper into thin strips. Drain the diced tomatoes. Chop the cilantro. Make the achiote oil now if using annatto seeds. Measure the coconut milk, paprika, rice, and olive oil.
2. Start the rice Brazilian-style: heat 1 tablespoon of the olive oil in a medium saucepan over medium heat. Add the remaining 2 garlic cloves, minced, and cook 30 seconds until fragrant. Add the rice and stir 2 minutes until the grains look slightly translucent at the edges and smell toasty -- this is how rice is started all over Brazil and it keeps the grains separate. Add 3 cups water and the remaining 1 teaspoon salt, bring to a boil, then cover, drop the heat to low, and cook 15 minutes. Rest covered 5 minutes, then fluff.
3. While the rice cooks, build the moqueca in a large, wide pot or Dutch oven (a wide pot lets the steam escape so the stew stays rich, not watery). Drizzle in the remaining 1 tablespoon olive oil. Layer in this order: the sliced onion, then the bell pepper strips, then the drained tomatoes. Lift the chicken out of its marinade (discard the leftover marinade) and arrange the cubes over the vegetables in a single layer.
4. Pour the coconut milk evenly over everything. Drizzle the achiote oil over the top and sprinkle with the sweet paprika. The orange-red oil swirling on the coconut milk is the visual signature of a Bahian moqueca -- dende oil is traditional but nearly impossible to find outside Brazil, and the achiote oil gives the same sunset color.
5. Cover the pot and bring to a gentle simmer over medium heat -- you want lazy bubbles, not a rolling boil. Then reduce the heat to medium-low and cook, COVERED, 20 minutes. Do NOT stir: stirring breaks the chicken apart and clouds the broth. The layers steam in the coconut milk and everything cooks through undisturbed. The stew is done when the chicken reads 165 F inside and the peppers are silky-soft.
6. Uncover, scatter the chopped cilantro over the top, and squeeze the second lime's juice over everything (start with half the lime, taste, add more if you like). Taste the broth and add salt if needed.
7. Serve: spoon fluffy rice into wide bowls and ladle the moqueca -- chicken, vegetables, and plenty of the orange-gold broth -- over the top. Finish with whole cilantro leaves and lime wedges on the side.
8. Storage: refrigerate up to 3 days (coconut-milk stews keep well). Reheat gently in a covered pot over medium-low heat -- never a hard boil, which can split the coconut milk and toughen the chicken. Rice reheats best sprinkled with a little water and covered in the microwave.

Common mistakes:
- Boiling hard instead of simmering gently. A rolling boil shreds the chicken, turns the vegetables to mush, and can make the coconut milk separate into an oily layer. Lazy bubbles, lid on, 20 minutes.
- Stirring the pot. Every traditional moqueca recipe says the same thing: layer it, cover it, leave it alone. Stirring breaks the chicken cubes and muddies the beautiful layered broth.
- Skipping the lime marinade or the finishing lime. Lime juice at both the start and the end is what makes moqueca taste bright instead of heavy -- the rich coconut milk needs that acidity.
- Using light coconut milk or skipping the achiote oil. Light coconut milk makes a thin, watery broth, and without the red oil the dish loses its signature color and depth. Full-fat coconut milk and the quick achiote oil are worth it.",6,55,Bahia,chicken-moqueca-style-rice.webp
146,"Chicken, Olive & Tomato Orzo",Greek,615,59,56,16,"2 lb boneless, skinless chicken breast
2 tsp dried oregano, divided
2 cups orzo pasta (about 12 oz)
4 cups low-sodium chicken broth
1 1/2 pints cherry tomatoes (about 3 cups)
3/4 cup pitted Kalamata olives, halved
3 garlic cloves
2 tbsp olive oil
1/2 cup crumbled feta cheese
1 lemon
1 1/2 tsp kosher salt, divided
1/2 tsp black pepper","1. Mise en place: Cut the chicken into 1-inch chunks (small cubes about 1 inch on each side). Pat dry and toss with 1 teaspoon of the oregano, 1 teaspoon of the salt, and the pepper. Halve the cherry tomatoes (slice each one through its middle). Halve the Kalamata olives lengthwise. Mince the garlic (chop it very fine). Crumble the feta if not pre-crumbled. Cut the lemon in half. Measure the orzo and broth and keep them by the stove.
2. Heat the olive oil in a large, deep skillet or Dutch oven over medium-high heat until it shimmers. Add the chicken in a single layer -- work in two batches if it crowds -- and brown 5 to 6 minutes, turning once, until golden on the outside. It does not need to be cooked through yet. You are building flavor on the surface; the orzo step finishes the cooking. Transfer to a plate.
3. Drop the heat to medium. Add the minced garlic and the remaining 1 teaspoon oregano; stir 30 seconds until fragrant. Add the dry orzo and stir 1 to 2 minutes until the grains are lightly toasted and smell nutty. Toasting the orzo first keeps each grain distinct instead of gummy.
4. Pour in the chicken broth -- it will steam and bubble. Scrape the bottom of the pan to release the browned bits from the chicken. Add the remaining 1/2 teaspoon salt and bring to a boil. Return the chicken (and any juices on the plate) to the pan.
5. Cover, reduce the heat to medium-low, and simmer 10 minutes, stirring once halfway through. The orzo absorbs the broth and turns creamy as its starch releases.
6. Uncover and stir in the halved tomatoes and olives. Cook 3 minutes more, uncovered, until the tomatoes just start to slump and release their juices but still hold their shape, the orzo is tender with a slight bite, and the chicken reads 165 F inside. If the pan looks dry before the orzo is tender, add 1/4 cup water.
7. Squeeze the juice of half the lemon over the pan, stir, and taste. Add more lemon or salt until it tastes bright and balanced -- the lemon is what lifts this from heavy to fresh. Cut the remaining half into wedges for the table.
8. Turn off the heat and shower the crumbled feta over the top. Let it sit 2 minutes so the feta softens slightly in the residual heat without fully melting. Serve in shallow bowls with lemon wedges.
9. Storage: refrigerate up to 3 days. The orzo drinks up liquid overnight, so reheat in a covered skillet over medium-low heat with a splash of water or broth, stirring gently. Add fresh feta after reheating rather than before -- reheated feta goes rubbery.

Common mistakes:
- Adding the tomatoes too early. Ten minutes of simmering turns cherry tomatoes into mush and dulls their fresh flavor. They go in for the last 3 minutes only, so they stay bright and just-burst.
- Not toasting the orzo. Skipping the 2-minute toast gives you soft, porridge-like orzo. The toast builds a nutty flavor and helps the grains stay separate.
- Forgetting the lemon at the end. Without acid, the olives and feta make the dish taste flat and salty. Taste after the first squeeze and add more until it tastes alive.
- Overcooking the chicken in step 2. The chunks finish cooking in the broth; if you cook them through during browning, they will be dry and tough by serving time. Brown the outside, then get them out.",6,40,,chicken-olive-tomato-orzo.webp
147,Chicken Parmesan Risotto,Italian,720,64,62,22,"2 lb boneless, skinless chicken breast (4 large breasts)
2 tbsp olive oil
2 cups arborio rice (risotto rice -- do not substitute long-grain rice)
1 yellow onion
6 cups low-sodium chicken broth
3/4 cup finely grated Parmesan cheese, plus more for serving
2 tbsp unsalted butter, cut into small pieces
1 1/2 cups marinara sauce (store-bought is fine)
1 cup shredded part-skim mozzarella
1/4 cup chopped fresh basil
1 1/2 tsp kosher salt, divided
1/2 tsp black pepper","1. Mise en place: Dice the onion (cut into small cubes about 1/2 inch). Grate the Parmesan if not pre-grated. Chop the basil. Cut the butter into small pieces and keep it cold in the fridge -- cold butter is key for the creamy finish. Pour the broth into a separate saucepan and keep it at a bare simmer over low heat the entire time you cook the risotto; adding cold broth would shock the rice and ruin the creamy texture. Pat the chicken breasts dry and season both sides with 1 teaspoon of the salt and the pepper. Warm the marinara in a small saucepan over low heat.
2. Heat the olive oil in a large, wide, heavy pot or Dutch oven over medium-high heat until shimmering. Sear the chicken breasts 6 minutes per side without moving them, until deep golden brown. Transfer to a plate -- they should read 150 to 155 F now; they will finish cooking as they rest and under the broiler later. Tent loosely with foil and rest at least 5 minutes.
3. Pour off any burnt bits but leave the browned fond in the pot. Drop the heat to medium. Add the diced onion and cook 4 minutes, stirring, until soft and translucent. Add the arborio rice and stir constantly for 2 minutes. This step is called the tostatura: the grains should turn pearly-translucent at the edges with a white dot in the center and smell faintly nutty. It seals the grains so they release starch slowly -- the whole secret of creamy risotto.
4. Add one ladle (about 3/4 cup) of the hot broth. Stir with a wooden spoon, scraping the bottom. When the liquid is almost fully absorbed and the spoon leaves a brief trail on the bottom of the pot, add another ladle. Keep the heat at a steady, gentle bubble -- never a hard boil, never still. Continue ladle by ladle, stirring often, for 18 to 20 minutes. Taste at 18 minutes: the rice is done when it is tender with a slight bite in the center (al dente) and the overall texture flows like thick porridge. You may not need all 6 cups; stop adding broth when the texture is right.
5. Take the pot OFF the heat. This next step is the mantecatura, the Lombard technique that makes risotto glossy: beat in the cold butter pieces and the Parmesan, stirring vigorously until melted and the risotto looks creamy and shiny. It should spread slowly when you tilt the pot -- risotto should flow, not stand in a heap. Season with the remaining 1/2 teaspoon salt, taste, and adjust.
6. Slice the rested chicken breasts across the grain into 1/2-inch strips. Spoon the risotto into wide, shallow bowls. Fan the chicken slices over each bowl, spoon the warm marinara over the chicken, and scatter the mozzarella on top.
7. Set your oven broiler to HIGH and position a rack 6 inches from the element. Slide the bowls (only if they are broiler-safe; otherwise transfer to a sheet pan first) under the broiler for 1 to 2 minutes, watching constantly, until the mozzarella melts into gooey spots with a few browned edges. Do not walk away -- broilers turn cheese from melted to burnt in under a minute.
8. Finish each bowl with chopped basil and extra Parmesan. Serve immediately -- risotto waits for no one and starts to stiffen within minutes.
9. Storage: refrigerate up to 3 days. Risotto firms up cold; reheat in a saucepan over medium-low heat with a generous splash of broth, stirring until it loosens and turns creamy again. The microwave works with added broth, stirred halfway. Reheat the chicken gently so it does not dry out.

Common mistakes:
- Adding cold broth or all the broth at once. Cold broth stops the cooking and makes the rice gummy; dumping it all in boils the rice like pasta instead of coaxing out starch. Keep the broth simmering and add it one ladle at a time.
- Walking away during the 18 minutes. Risotto needs frequent stirring to release its starch evenly. Stir every minute or two, scraping the bottom so nothing sticks and scorches.
- Skipping the mantecatura or doing it over heat. Butter and Parmesan beaten in OFF the heat emulsify into a glossy sauce; over heat they can separate into a greasy slick.
- Overcooking to mush. Risotto should be al dente -- tender with a tiny bite -- and loose enough to flow. If it stands up in a stiff mound, it went too far; loosen with a splash of hot broth.",6,55,Lombardy,chicken-parmesan-risotto.webp
148,Chicken Parm Pasta Bake,Italian,774,69,72,20,"2 lb boneless, skinless chicken breast
16 oz penne pasta (1 standard box)
3 cups marinara sauce (one 24-oz jar plus a little, or 3 cups homemade)
1 1/2 cups shredded part-skim mozzarella, divided
1/2 cup finely grated Parmesan cheese, divided
3/4 cup panko breadcrumbs
2 tsp Italian seasoning
2 tbsp olive oil
1 1/2 tsp kosher salt, divided, plus 1 tbsp for the pasta water","1. Mise en place: Heat the oven to 400 F. Bring a large pot of water to a rolling boil and salt it generously (1 tablespoon -- the water should taste like the sea; this is the only chance to season the pasta itself). Cut the chicken into 1-inch cubes (small cubes about 1 inch on each side) and pat dry. Toss the cubes with the Italian seasoning and 1 teaspoon of the salt. Shred the mozzarella and grate the Parmesan if not pre-done. In a small bowl, mix the panko with half the Parmesan and 1 teaspoon of olive oil -- rubbing the oil into the crumbs with your fingers helps them brown evenly. Lightly oil a 9x13-inch baking dish.
2. Cook the penne in the boiling water for 2 minutes LESS than the package says for al dente. It will cook more in the oven, so undercooking now is essential -- fully cooked pasta turns to mush in the bake. Drain (do not rinse) and return to the pot.
3. While the pasta cooks, heat the remaining olive oil (about 1 tablespoon plus 2 teaspoons) in a large skillet over medium-high heat until shimmering. Brown the chicken cubes in a single layer, 6 to 7 minutes, turning once, until golden on the outside. They do not need to be cooked through -- the oven finishes them. If your skillet is small, brown in two batches so the chicken sears instead of steams.
4. Pour the marinara over the drained penne in the pot and add the browned chicken with all its juices. Add 1 cup of the mozzarella and half the remaining Parmesan. Toss everything together, then spread into the oiled baking dish in an even layer.
5. Sprinkle the remaining 1/2 cup mozzarella evenly over the top, then the remaining Parmesan, then the panko-Parmesan mixture in an even layer. The cheese goes under the crumbs so the crumbs crisp directly in the oven heat while the cheese melts beneath.
6. Bake uncovered 20 to 22 minutes, until the sauce bubbles vigorously around the edges, the panko is deep golden brown, and the center reads 165 F on an instant-read thermometer. If the top browns before the center is hot, tent loosely with foil for the last 5 minutes.
7. Rest 10 minutes before serving. This is not optional -- the bake needs time to set so it scoops in hearty portions instead of sliding apart into soup. The sauce thickens as it stands.
8. Serve: scoop generous portions into bowls with a big spoon, making sure everyone gets some of the crispy crumb topping.
9. Storage: refrigerate up to 4 days in a sealed container, or freeze up to 3 months (thaw overnight in the fridge). Reheat covered in a 350 F oven 20 minutes, then uncovered 5 minutes to re-crisp the top; add a spoonful of marinara if it looks dry. Single portions reheat well in the microwave with a damp paper towel over the top.

Common mistakes:
- Cooking the pasta fully before baking. Pasta that is already al dente becomes mushy after 20 minutes in hot sauce. Always pull it 2 minutes early.
- Skipping the rest. Cutting into the bake straight from the oven gives you a soupy slide instead of scoopable portions. Ten minutes lets the starches set and the sauce thickens.
- Uneven topping. Dumping the panko in clumps means some bites are bare and others are all crunch. Scatter it in a thin, even layer so every serving gets the crispy lid.
- A dry bake. If your marinara is very thick or you skimp on sauce, the pasta drinks it all and the bake turns stiff. The pasta should look generously saucy -- almost too saucy -- going into the oven.",6,50,,chicken-parm-pasta-bake.webp
149,Chicken Pesto Orzo with Broccoli,Italian,774,65,59,31,"2 lb boneless, skinless chicken breast
2 cups orzo pasta (about 12 oz)
1 1/2 lb broccoli florets (about 2 large heads, cut into bite-size pieces)
1/3 cup finely grated Parmesan cheese, plus more for serving
1 lemon
2 tbsp olive oil
1 tsp kosher salt, divided, plus 1 tbsp for the pasta water
1/2 tsp black pepper
For the fresh pesto Genovese (makes about 3/4 cup):
2 cups packed fresh basil leaves (about 2 large bunches -- leaves only, no thick stems)
1/4 cup pine nuts
1/3 cup finely grated Parmigiano-Reggiano
2 tbsp finely grated pecorino Romano (Parmesan works if you cannot find it)
1/3 cup extra-virgin olive oil, plus more if needed
1 small garlic clove
1/2 tsp kosher salt","1. Mise en place: Cut the chicken into bite-size pieces (about 1-inch cubes) and pat dry; season with 1/2 teaspoon of the salt and the pepper. Cut the broccoli into small, bite-size florets -- big chunks will not cook through in time. Pick the basil leaves off the stems and measure the pine nuts, cheeses, and olive oil for the pesto. Peel the garlic clove. Zest the lemon (grate only the yellow outer skin, not the bitter white pith underneath) and then cut it in half for juicing. Bring a large pot of water to a rolling boil and salt it with 1 tablespoon of salt.
2. Make the pesto Genovese -- the raw basil sauce of Liguria. Put the pine nuts, garlic, and 1/2 teaspoon salt in a food processor and pulse 5 to 6 times until coarsely ground. Add the basil leaves and pulse in short bursts -- 10 to 15 pulses -- scraping down the sides once, just until the basil breaks down into a coarse paste. Do NOT run the processor continuously: heat and over-processing turn basil dark and bitter. Add both cheeses and pulse twice to combine. With the processor running on low, drizzle in the 1/3 cup olive oil until you have a thick, spoonable, slightly textured sauce -- real pesto is never baby-food smooth. Taste and add salt if needed. Set aside. (If your kitchen is very warm, chill the processor bowl 10 minutes first; cold keeps the pesto bright green.)
3. Cook the orzo in the boiling salted water, stirring once at the start so it does not stick. After 6 minutes, add the broccoli florets to the same pot. Cook 3 minutes more -- the orzo should be tender with a slight bite and the broccoli bright green and just tender when pierced with a fork. Before draining, scoop out 1 cup of the starchy pasta water and set it aside (this liquid gold loosens the pesto into a sauce). Drain the orzo and broccoli together.
4. While the orzo cooks, heat the 2 tablespoons olive oil in a large skillet over medium-high heat until shimmering. Add the chicken in a single layer and cook 6 to 7 minutes, turning once, until golden on the outside and 165 F inside with no pink remaining. Transfer to a plate.
5. Return the drained orzo and broccoli to the warm (not hot) pot, OFF the heat. Add the pesto and 1/2 cup of the reserved pasta water. Toss gently but thoroughly -- the starchy water thins the pesto into a glossy sauce that coats every grain. This is the most important rule of pesto: NEVER cook it. Heat above a simmer destroys its fresh basil flavor and turns it dull olive-brown. The residual warmth of the pasta is all it needs. Add more pasta water a splash at a time until the orzo looks creamy and well coated.
6. Fold in the cooked chicken, the lemon zest, and a squeeze of lemon juice (start with half the lemon). Shower with the 1/3 cup Parmesan and toss once more. Taste: it should be bright, nutty, and savory. Add more lemon juice, salt, or Parmesan until it sings.
7. Serve: spoon into wide bowls and finish with extra Parmesan and a few basil leaves if you have them.
8. Storage: refrigerate up to 3 days. The pesto will darken a little overnight -- that is normal oxidation and it still tastes fine. Reheat gently in a skillet over medium-low heat with a splash of water, stirring just until warm; do not boil or blast it in the microwave on high, which kills the fresh pesto flavor. It is also excellent cold as a pasta salad the next day.

Common mistakes:
- Cooking the pesto. Even 30 seconds in a hot pan turns fresh pesto bitter and brown. It always goes into warm pasta OFF the heat, loosened with pasta water.
- Over-processing the basil. Running the food processor nonstop heats the leaves and makes the pesto dark and harsh. Short pulses, scrape once, stop while it is still slightly coarse.
- Forgetting to reserve pasta water. Without the starchy water, the pesto sits in clumps instead of becoming a silky sauce. Scoop out the cup BEFORE you drain -- you cannot get it back afterward.
- Overcooking the broccoli. Mushy, gray-green broccoli drags the whole dish down. Three minutes in the orzo water is enough -- it should be bright green with a little bite.",6,35,Liguria,chicken-pesto-orzo-with-broccoli.webp
150,Chicken with Tomato Olive Salsa,Italian,521,55,41,16,"2 lb boneless, skinless chicken breast (4 large breasts)
1 1/2 cups pearled farro (quick-cooking kind if you can find it)
1 1/2 pints cherry tomatoes (about 3 cups)
1/2 cup Castelvetrano olives, pitted and roughly chopped (the bright-green Sicilian olives; Kalamata work in a pinch)
2 tbsp capers, drained and roughly chopped
1 shallot
1/4 cup chopped fresh basil, plus whole leaves for serving
3 tbsp extra-virgin olive oil, divided
2 tbsp red wine vinegar
1 1/2 tsp kosher salt, divided, plus 1 tbsp for the farro water
1/2 tsp black pepper","1. Mise en place: Bring a medium saucepan of water to a boil and salt it with 1 tablespoon of salt. Quarter the cherry tomatoes (cut each in half, then each half in half). Roughly chop the pitted olives and the drained capers -- you want chunky pieces, not a paste. Mince the shallot (chop it very fine). Chop the basil. Whisk together in a medium bowl: the tomatoes, olives, capers, minced shallot, basil, 2 tablespoons of the olive oil, the red wine vinegar, and 1/2 teaspoon of the salt. Set the salsa aside at room temperature -- 20 minutes of resting lets the flavors marry, and it should taste bright, briny, and punchy. Pound the chicken breasts to an even 3/4 inch: place between plastic wrap and pound the thick end down to match the thin end. Even thickness is the whole game for juicy chicken. Season both sides with the remaining 1 teaspoon salt and the pepper.
2. Add the farro to the boiling salted water, reduce to a steady simmer, and cook 25 to 30 minutes (15 to 20 if using quick-cooking pearled farro), until chewy-tender -- soft enough to eat comfortably but with a pleasant bite, never mushy. Drain well and return to the pot, covered, to steam 5 minutes.
3. While the farro cooks, heat the remaining 1 tablespoon olive oil in a large skillet over medium-high heat until it shimmers. Lay in the chicken breasts -- they should sizzle on contact. Sear 5 to 6 minutes per side without moving them, until deep golden brown. The chicken is done when the thickest part reads 165 F on an instant-read thermometer and the juices run clear.
4. Transfer the chicken to a clean plate and rest 5 to 10 minutes. Resting lets the juices redistribute; slice too soon and they flood the cutting board instead of staying in the meat. Then slice each breast across the grain into 1/2-inch strips.
5. Fluff the farro with a fork, taste, and add salt if needed. Spoon it into wide bowls or onto a platter. Fan the sliced chicken over the farro and spoon the tomato-olive salsa -- with all its briny juices -- generously over the top. Finish with whole basil leaves and a thread of your best olive oil if you have it.
6. Storage: refrigerate the chicken, farro, and salsa in separate containers up to 3 days (the salsa softens if stored on the chicken). Reheat chicken and farro in a covered skillet over medium-low heat with a splash of water, or in the microwave; serve the salsa at room temperature spooned over the top. The salsa itself keeps 4 days and is excellent on fish, eggs, or crusty bread.

Common mistakes:
- Slicing the chicken the second it leaves the pan. Five to ten minutes of rest is the difference between juicy slices and a dry breast sitting in a puddle. Tent loosely with foil -- do not wrap tightly or the crust steams soft.
- Uneven chicken thickness. An unpounded breast is twice as thick at one end; by the time the thick end hits 165 F, the thin end is overcooked and dry. Two minutes of pounding fixes it completely.
- Making the salsa at the last second or salting it too early. It needs about 20 minutes for the shallot to mellow and the juices to mingle -- but salt it right before that rest, not hours ahead, or the tomatoes go watery.
- Overcooking the farro. Farro goes from pleasantly chewy to blown-out mush quickly at the end. Start tasting 5 minutes before the package time and drain it the moment it is chewy-tender.",6,45,Sicily,chicken-with-tomato-olive-salsa.webp
151,Chili Garlic Shrimp with Bok Choy,Chinese,505,47,63,5,"2 1/4 lb large shrimp, peeled and deveined, tails off
2 1/4 cups jasmine rice
3 cups water
1 1/2 lb baby bok choy
6 cloves garlic
1 tablespoon fresh ginger
3 green onions
3 tablespoons chili garlic sauce
3 tablespoons low-sodium soy sauce
2 tablespoons rice vinegar
1 tablespoon honey
2 tablespoons avocado oil, divided
1/2 teaspoon kosher salt, plus more for the rice","1. Mise en place (get everything ready before you turn on any heat): Rinse the shrimp in a colander under cold water and pat them VERY dry with paper towels - dry shrimp sear instead of steam. Mince the garlic (a mince is a very fine chop - keep rocking the knife through the pile until the pieces are smaller than rice grains) and mince the ginger the same way. Slice the green onions into thin rings, keeping the white bottoms and green tops in separate piles. Halve each baby bok choy lengthwise through the root so the leaves stay attached. Measure the rice, water, chili garlic sauce, soy sauce, rice vinegar, and honey into small bowls. Stir the chili garlic sauce, soy sauce, rice vinegar, and honey together in one bowl - this is your stir-fry sauce.
2. Cook the rice: Put the rice, 3 cups water, and a pinch of salt in a medium saucepan. Bring to a boil over high heat, then immediately reduce to low, cover with a tight lid, and cook 15 minutes without lifting the lid. Remove from heat and let it stand, still covered, 5 minutes, then fluff with a fork. You will start the stir-fry while it stands.
3. Sear the bok choy: Heat 1 tablespoon of the oil in a large skillet or wok over medium-high heat until it shimmers and a drop of water dances. Lay the bok choy halves cut-side down in a single layer (cook in two batches if crowded). Sear undisturbed 2 minutes until the cut sides turn deep golden brown. Flip, add 3 tablespoons water, cover, and steam 1 minute - the leaves should be bright green and the stems tender-crisp, not limp. Sprinkle with the 1/2 teaspoon salt and transfer to a serving platter.
4. Stir-fry the aromatics and shrimp: Return the pan to medium-high heat and add the remaining 1 tablespoon oil. Add the garlic, ginger, and white parts of the green onions; stir constantly for 20 seconds until you smell a sharp, sweet fragrance - do not let the garlic turn brown or it will taste bitter. Add the shrimp in a single layer and cook 2 minutes without moving them, then flip and cook 1-2 minutes more until they curl into a C-shape and turn fully pink and opaque. (C = cooked, O = overcooked.)
5. Sauce and serve: Pour the sauce over the shrimp and toss 30 seconds until it bubbles and coats everything in a glossy glaze. Taste a shrimp - if you want more heat, add another teaspoon of chili garlic sauce. Spoon the shrimp and sauce over the rice and arrange the bok choy alongside. Scatter the green onion tops over everything.
6. Storage: Refrigerate leftovers in an airtight container up to 2 days. Reheat gently in a covered skillet over medium-low heat with a splash of water 2-3 minutes until just warm - the microwave makes shrimp rubbery. Rice reheats best sprinkled with a teaspoon of water and covered.
Common mistakes:
- Wet shrimp: If you skip patting the shrimp dry, they release water and steam gray instead of searing pink with golden edges. Dry them twice if needed.
- Burning the garlic: Garlic goes from fragrant to bitter and brown in under a minute over high heat. Add it right before the shrimp and keep it moving.
- Overcooked shrimp: Shrimp finish in 3-4 minutes total. Pull them the moment they curl into a C; an O-shape means they will be tough.",6,40,Sichuan,chili-garlic-shrimp-with-bok-choy.webp
152,Chili Lime Shrimp Noodle Bowls,Thai,480,46,56,6,"2 1/4 lb large shrimp, peeled and deveined
12 oz dried flat rice noodles
3 limes
3 tablespoons fish sauce
2 tablespoons sweet chili sauce
1 tablespoon granulated sugar
2 cloves garlic
1 teaspoon red pepper flakes (start with 1/2 teaspoon if you are heat-shy)
1 1/2 English cucumbers
3 medium carrots
1/3 cup roasted peanuts
3/4 cup fresh cilantro leaves
1 tablespoon avocado oil
1/2 teaspoon kosher salt","1. Mise en place: Mince the garlic very fine (mince = pieces smaller than rice grains). Juice the limes into a small bowl - you want about 1/3 cup. Chop the peanuts into rough pieces. Pick the cilantro leaves off the tough stems. Peel the carrots. Cut the cucumber and carrots into matchsticks: first slice each into thin planks, stack the planks, then cut into thin sticks about 3 inches long and as thick as a match. Whisk together the lime juice, fish sauce, sweet chili sauce, sugar, garlic, and red pepper flakes until the sugar dissolves - taste it: it should be bright and tangy with a salty-sweet finish. If it makes you pucker, add 1 teaspoon more sugar.
2. Cook the noodles: Bring a large pot of water to a rolling boil. Add the rice noodles and cook 1 minute less than the package says (usually 4-6 minutes) - they should be tender but still a little chewy, since they soften a bit more in the dressing. Drain, rinse under cold water to stop the cooking, and shake very dry in the colander.
3. Cook the shrimp: Pat the shrimp dry with paper towels and toss with the salt. Heat the oil in a large skillet over medium-high heat until shimmering. Add the shrimp in a single layer and sear 2 minutes per side until pink, curled, and opaque in the center. Transfer to a bowl and toss with 2 tablespoons of the dressing while still warm - warm shrimp soak up flavor best.
4. Assemble the bowls: In a very large bowl, toss the noodles, cucumber, and carrots with the remaining dressing until every strand glistens. Divide among 6 bowls. Top each with shrimp, peanuts, and cilantro. Serve immediately with any extra lime wedges on the side.
5. Storage: This bowl is best eaten fresh - rice noodles turn gummy overnight. If you must store, keep the dressed noodles, shrimp, and vegetables in separate containers up to 1 day; refresh the noodles with a 30-second dip in hot water before eating.
Common mistakes:
- Overcooking the noodles: Rice noodles go from perfect to mush in under a minute. Start tasting a full minute before the package time and rinse them cold the moment they are tender.
- Too-sour dressing: Fish sauce and lime are both aggressive. The tablespoon of sugar is not optional - it balances the Thai sweet-sour-salty triangle. Taste and adjust before you pour.
- Crowding the shrimp: Shrimp packed together steam instead of sear. Cook in two batches if your skillet cannot hold them in one layer.",6,35,,chili-lime-shrimp-noodle-bowls.webp
153,Chipotle Beef & Black Bean Rice,Mexican,685,44,89,14,"2 lb 93% lean ground beef
2 1/4 cups long-grain white rice
3 3/4 cups water, plus more as needed
2 (15-ounce) cans black beans
1 (28-ounce) can diced tomatoes
3 chipotle peppers in adobo sauce
2 tablespoons adobo sauce (from the can)
1 large yellow onion
3 cloves garlic
1 1/2 teaspoons ground cumin
1 teaspoon dried oregano
2 limes
1/3 cup chopped fresh cilantro
1 tablespoon avocado oil
1 1/2 teaspoons kosher salt, divided, plus more to taste
1/2 teaspoon black pepper","1. Mise en place: Dice the onion - dice means small even cubes about 1/2 inch; cut the onion in half, make horizontal and vertical cuts, then slice across to release cubes. Mince the garlic very fine. Mince the chipotle peppers very fine (wash your hands well after - chipotle oil burns eyes). Measure the adobo sauce, cumin, oregano, salt, and pepper. Drain and rinse the black beans in a colander until the water runs clear. Juice 1 lime (about 2 tablespoons); cut the other into 6 wedges. Chop the cilantro.
2. Cook the rice: In a medium saucepan, combine the rice, 3 3/4 cups water, and 1/2 teaspoon of the salt. Bring to a boil over high heat, reduce to low, cover, and cook 18 minutes without peeking. Remove from heat, stand covered 5 minutes, then fluff and fold in the lime juice and half the cilantro. Cover to keep warm.
3. Brown the beef: Heat the oil in a large deep skillet or Dutch oven over medium-high heat until shimmering. Add the beef and onion together, breaking the beef into small crumbles with a wooden spoon. Cook 8-10 minutes, stirring occasionally, until the beef is deeply browned in spots and the onion is soft - browning, not graying, is where the flavor lives. Drain off any excess fat by tilting the pan and spooning it out.
4. Build the chipotle base: Stir in the garlic, minced chipotles, adobo sauce, cumin, oregano, the remaining 1 teaspoon salt, and the black pepper. Cook 1 minute, stirring, until the spices smell toasty and the paste coats the meat. Pour in the diced tomatoes with their juices and the rinsed beans. Bring to a simmer, then reduce to medium-low and cook 8-10 minutes, stirring occasionally, until thickened enough that a spoon leaves a trail. Taste - for more smoke and heat, stir in another teaspoon of adobo sauce; for more salt, add a pinch more kosher salt.
5. Serve: Spoon the cilantro-lime rice into 6 wide bowls and ladle the beef and beans over the top. Sprinkle with the remaining cilantro and serve lime wedges alongside. The long simmer guarantees the ground beef is well past the safe 160 F.
6. Storage: Refrigerate in airtight containers up to 4 days, or freeze the beef mixture up to 3 months. Reheat in a covered skillet over medium heat with a splash of water until steaming (165 F), or microwave 2-3 minutes, stirring halfway.
Common mistakes:
- Under-browning the beef: Gray, steamed beef tastes flat. Leave it alone for 2-3 minutes at a time so it actually browns, and use your biggest skillet so it is not crowded.
- Chipotle overload: Chipotles in adobo are potent; 3 peppers gives a solid medium heat. Taste before adding extra adobo sauce, and freeze leftover peppers from the can in a zip bag - they keep for months.
- Mushy rice: Lifting the lid during the 18 minutes lets steam escape and leaves the top layer crunchy. Set a timer and trust it.",6,50,,chipotle-beef-black-bean-rice.webp
154,Cod & Tomato Orzo Skillet,Greek,510,42,58,6,"2 1/4 lb cod fillets (about 1 inch thick), skinless
2 1/4 cups orzo
1 (28-ounce) can diced tomatoes
3 1/2 cups low-sodium chicken broth
3 cloves garlic
1 tablespoon tomato paste
1 1/2 teaspoons dried oregano
3 cups baby spinach
1/3 cup crumbled feta cheese
2 tablespoons olive oil, divided
1 lemon
1 teaspoon kosher salt, divided, plus more to taste
1/2 teaspoon black pepper","1. Mise en place: Mince the garlic very fine (mince = pieces smaller than rice grains). Measure the orzo, broth, tomatoes, tomato paste, and oregano into bowls. Cut the lemon in half - one half for juice, one half cut into 6 wedges for serving. Pat the cod fillets dry with paper towels and check for pin bones by running your fingertip over the surface; pull any you find with tweezers. Season both sides of the cod with 1/2 teaspoon of the salt and the black pepper.
2. Toast the orzo: Heat 1 tablespoon of the olive oil in a large deep skillet (with a lid) over medium heat. Add the garlic and tomato paste and stir 30 seconds until the garlic smells sweet and the paste darkens a shade - this toasting step deepens the tomato flavor. Add the orzo and oregano and stir 1 minute until the pasta looks lightly golden and smells nutty.
3. Simmer: Pour in the diced tomatoes with their juices and the broth, add the remaining 1/2 teaspoon salt, and stir. Bring to a boil over high heat, then reduce to medium-low, cover, and simmer 7 minutes, stirring once halfway so the orzo does not stick. The orzo should be just shy of tender with a little broth still visible.
4. Cook the fish: Lay the cod fillets on top of the orzo, nestling them in slightly. Drizzle the remaining 1 tablespoon olive oil over the fish, cover, and cook 8-10 minutes on medium-low until the fish is opaque and flakes easily when pressed with a fork - cod is done at 145 F. The thickest part should have no translucent center.
5. Finish and serve: Scatter the spinach around the fish, cover 1 minute until wilted, then squeeze the lemon half over everything. Crumble the feta over the top. Taste the orzo - add salt a pinch at a time until the tomato flavor pops. Serve in shallow bowls with lemon wedges.
6. Storage: Refrigerate up to 2 days. Reheat gently in a covered skillet over medium-low heat with a splash of broth until steaming - fish dries out fast, so warm it through, do not blast it.
Common mistakes:
- Soggy orzo: Too much liquid or too long a simmer turns orzo to mush. Keep the lid on, the heat at a gentle bubble, and check at 7 minutes - it finishes cooking with the fish.
- Overcooked cod: Cod goes from silky to dry in minutes. Start checking at 8 minutes; it is done when it flakes with gentle pressure, not when it falls apart on its own.
- Under-seasoning: Tomatoes and broth vary wildly in salt. Taste the orzo before serving and salt in pinches - the feta adds salt too, so season before the feta goes on.",6,45,,cod-tomato-orzo-skillet.webp
155,Cod with Tomato Olive Couscous,Moroccan,475,41,54,7,"2 1/4 lb cod fillets (about 1 inch thick), skinless
2 1/4 cups dry couscous
2 1/4 cups low-sodium chicken broth
1 1/2 pints cherry tomatoes
1/2 cup pitted green olives
1/2 red onion
4 cloves garlic
1 1/2 teaspoons ground cumin
1 1/2 teaspoons sweet paprika
1/2 teaspoon ground turmeric
3 tablespoons olive oil, divided
2 lemons
3 tablespoons chopped fresh parsley
3 tablespoons chopped fresh cilantro
1 teaspoon kosher salt, divided, plus more to taste
1/2 teaspoon black pepper","1. Mise en place: Mince the garlic very fine. Halve the cherry tomatoes. Halve the olives. Dice the red onion into small 1/2-inch cubes (dice = small even cubes). Chop the parsley and cilantro. Cut 1 lemon in half for juice; cut the other into 6 wedges for serving. Pat the cod dry and check for pin bones. In a small bowl, mix the cumin, paprika, turmeric, 1/2 teaspoon of the salt, the black pepper, the minced garlic, the juice of half a lemon, and 1 tablespoon of the olive oil into a thick paste - this is a quick chermoula-style rub, the classic Moroccan seasoning for fish.
2. Season the cod: Rub the spice paste all over the cod fillets, coating every side. Set aside at room temperature 15 minutes while the oven heats - this short rest lets the spices bloom into the fish. Heat the oven to 425 F.
3. Roast: Toss the halved tomatoes and diced onion on a rimmed sheet pan with 1 tablespoon of the olive oil and a pinch of salt. Lay the cod fillets among the tomatoes. Roast 12-14 minutes until the tomatoes burst and slump and the cod is opaque and flakes easily - 145 F at the thickest point. The spice crust should look deep reddish-brown and smell warm and earthy.
4. Make the couscous: While the fish roasts, bring the broth to a boil in a medium saucepan. Stir in the couscous and the remaining 1/2 teaspoon salt, cover, remove from heat, and let stand 5 minutes - do not lift the lid. Fluff with a fork until no clumps remain. Fold in the roasted tomatoes and all their pan juices, the olives, the parsley, the cilantro, the juice of the remaining lemon half, and the last 1 tablespoon of olive oil. Taste and add salt a pinch at a time.
5. Serve: Spoon the couscous into 6 shallow bowls and lay a cod fillet on top of each. Serve with lemon wedges - a fresh squeeze at the table is the Moroccan way (preserved lemon is traditional, but fresh lemon keeps this weeknight-friendly).
6. Storage: Refrigerate up to 2 days. Reheat the couscous in a covered skillet with a splash of water and warm the fish gently alongside - or enjoy the leftovers cold as a grain salad.
Common mistakes:
- Dry couscous: If the broth is not at a full boil when the couscous goes in, the grains cook unevenly. Boil first, stir once, cover, and do not peek for 5 minutes.
- Over-roasted cod: Thin fillets finish closer to 12 minutes. Check at 12 - if the center still looks glassy and translucent, give it 2 more minutes.
- Skipping the spice rest: The rub needs those 15 minutes to penetrate; fish rubbed and roasted immediately tastes dusty on the outside and plain inside.",6,40,,cod-with-tomato-olive-couscous.webp
156,Crab & Parmesan Orzo Bake,Italian,590,39,63,16,"1 1/2 lb lump crab meat
2 1/4 cups orzo
4 cups low-sodium chicken broth
1/2 cup heavy cream
1/2 cup dry white wine (such as Pinot Grigio)
3 cloves garlic
1 1/2 cups frozen peas
3/4 cup grated Parmesan cheese, divided
3/4 cup panko breadcrumbs
2 tablespoons butter
2 tablespoons olive oil
1 lemon
2 tablespoons chopped fresh parsley
1 teaspoon kosher salt, divided
1/2 teaspoon black pepper","1. Mise en place: Heat the oven to 400 F. Mince the garlic very fine. Zest the lemon (grate just the yellow skin, not the bitter white pith underneath) and cut it in half for juice. Pick through the crab meat with your fingers, feeling for any hard bits of shell or cartilage - even good lump crab hides a few. Thaw the peas under warm running water in a colander and drain. Measure the orzo, broth, cream, wine, Parmesan, and panko. Toss the panko with 1/4 cup of the Parmesan in a small bowl.
2. Toast the orzo: Melt the butter with the olive oil in a large oven-safe skillet over medium heat. Add the garlic and orzo and stir 1-2 minutes until the garlic smells sweet and the orzo turns lightly golden - toasting keeps the pasta from going gummy in the oven.
3. Simmer: Pour in the wine and let it bubble 1 minute, scraping up the golden bits - most of the alcohol cooks off, leaving a bright flavor. Add the broth, cream, 1/2 teaspoon of the salt, and the black pepper. Bring to a boil, then reduce to a lively simmer and cook 8 minutes, stirring often so the orzo does not stick, until the pasta is just tender and the sauce has thickened to a creamy coating.
4. Assemble: Remove from heat. Gently fold in the peas, crab, lemon zest, juice of half the lemon, parsley, and the remaining 1/2 cup Parmesan - fold, do not stir hard, or the crab breaks into shreds. Taste and add the remaining salt a pinch at a time. Sprinkle the panko-Parmesan mixture evenly over the top.
5. Bake: Bake uncovered 15-18 minutes until the top is deep golden brown and the edges bubble. Let it rest 5 minutes - the sauce sets as it cools and the first scoop holds together. Serve with the remaining lemon half cut into wedges.
6. Storage: Refrigerate up to 2 days. Reheat covered at 350 F for 15 minutes with a splash of broth, or microwave individual portions - the panko topping will soften but the flavor holds.
Common mistakes:
- Rubbery crab: Crab is already cooked - it only needs to warm through. Folding it in off the heat keeps it sweet and tender; boiling it makes it tough.
- Skipping the shell check: One piece of shell ruins a bite. Run your fingers through the crab before it goes in, every time.
- Soggy topping: The panko must go on a surface that is already creamy-thick, not soupy, or it sinks. If your orzo looks loose after simmering, cook 2 more minutes before topping.",6,55,,crab-parmesan-orzo-bake.webp
157,Creamy Tuscan Chicken Pasta,Italian,730,68,67,28,"2 1/4 lb boneless, skinless chicken breasts
18 oz penne pasta
3/4 cup oil-packed sun-dried tomatoes, drained
4 1/2 cups baby spinach (about 5 oz)
5 cloves garlic
1 1/2 cups low-sodium chicken broth
3/4 cup heavy cream
1/2 cup grated Parmesan cheese
1 1/2 teaspoons Italian seasoning
1/2 teaspoon red pepper flakes
2 tablespoons olive oil
1 tablespoon butter
1 1/2 teaspoons kosher salt, divided
1/2 teaspoon black pepper","1. Mise en place: Cut the chicken breasts into strips about 1/2 inch thick and 2 inches long - even thickness means even cooking. Mince the garlic very fine. Chop the sun-dried tomatoes into thin strips. Measure the broth, cream, Parmesan, Italian seasoning, and red pepper flakes. Put a large pot of generously salted water on to boil (it should taste like the sea - this is the only chance to season the pasta itself).
2. Cook the pasta: Boil the penne 1 minute less than the package says for al dente (firm to the bite with no raw white center). Before draining, scoop out 1 cup of the starchy pasta water and set it aside - this is liquid gold for fixing the sauce. Drain the pasta.
3. Sear the chicken: Pat the chicken strips dry, then toss with the Italian seasoning, 1 teaspoon of the salt, and the black pepper. Heat the olive oil in a large deep skillet over medium-high heat until shimmering. Add the chicken in a single layer and cook 5-6 minutes, turning once, until golden on both sides and the juices run clear - chicken is done at 165 F. Transfer to a plate; do not wash the skillet.
4. Build the sauce: Reduce the heat to medium. Melt the butter in the same skillet, add the garlic, sun-dried tomatoes, and red pepper flakes, and stir 1 minute until fragrant. Pour in the broth and cream, scraping up all the browned bits from the chicken - that is pure flavor. Simmer 4-5 minutes, stirring occasionally, until slightly thickened and it coats the back of a spoon.
5. Finish: Reduce the heat to low and stir in the Parmesan a handful at a time, letting each melt before adding more - this keeps the sauce smooth instead of grainy. Add the spinach and stir 1-2 minutes until just wilted. Return the chicken and the drained penne to the skillet and toss everything together. If the sauce is too thick, loosen it with splashes of the reserved pasta water. Taste and add the remaining 1/2 teaspoon salt if needed.
6. Serve and store: Serve in warm bowls with extra Parmesan on top. Refrigerate leftovers up to 3 days; reheat gently in a skillet over medium-low heat with a splash of cream or milk, stirring, until steaming - boiling a cream sauce can make it split.
Common mistakes:
- Curdled or grainy sauce: Two causes - heat too high when the cheese goes in, and adding all the Parmesan at once. Keep the heat low and add it gradually, stirring constantly.
- Dry chicken: Thin strips cook fast. If they go past 165 F they turn chalky - check the thickest strip with a thermometer and pull them at 160-165 F; they will coast a few degrees as they rest.
- Forgetting the pasta water: Without that starchy water, a thick sauce glues the penne together. Scoop it out BEFORE you drain - you cannot get it back.",6,40,Tuscany,creamy-tuscan-chicken-pasta.webp
158,Dakgalbi-Style Chicken & Rice,Korean,660,39,90,14,"2 1/4 lb boneless, skinless chicken thighs
2 1/4 cups short-grain white rice
2 3/4 cups water, plus 1/2 cup more as needed
3 tablespoons gochujang (Korean chili paste)
1 1/2 tablespoons gochugaru (Korean chili flakes)
3 tablespoons low-sodium soy sauce
2 tablespoons honey
1 teaspoon Korean curry powder
5 cloves garlic
1 teaspoon grated fresh ginger
2 medium sweet potatoes (about 1 lb total)
3/4 head green cabbage (about 6 cups chopped)
1 large yellow onion
4 green onions
2 tablespoons avocado oil
1 teaspoon toasted sesame oil
1 teaspoon kosher salt","1. Mise en place: Cut the chicken thighs into bite-size pieces about 1 1/2 inches - trim any big flaps of fat. Mince the garlic very fine; grate the ginger on the small holes of a box grater. In a large bowl, stir together the gochujang, gochugaru, soy sauce, honey, curry powder, garlic, ginger, and salt into a thick red paste. Add the chicken and mix with your hands (or a spoon) until every piece is coated. Cover and refrigerate at least 20 minutes, up to overnight - this marinate is the signature sweet-spicy Chuncheon flavor. Meanwhile, peel the sweet potatoes and slice into thin half-moons about 1/4 inch thick (thin = cooks through). Cut the cabbage into rough 2-inch chunks. Cut the onion into 1-inch chunks. Cut the green onions into 2-inch pieces.
2. Cook the rice: Put the rice in a medium saucepan with 2 3/4 cups water. Swirl and drain once to rinse. Bring to a boil over high heat, reduce to low, cover, and cook 15 minutes. Rest covered 10 minutes, then fluff. Short-grain rice should be slightly sticky - perfect for catching the sauce.
3. Sear the sweet potatoes: Heat the avocado oil in your largest skillet or a wok over medium-high heat until shimmering. Add the sweet potato slices in a single layer and cook 4-5 minutes, turning once, until they pick up golden edges. They will not be fully cooked - that is fine.
4. Cook the chicken and vegetables: Add the marinated chicken with all its marinade to the pan. Stir-fry 5-6 minutes, stirring often, until the chicken is mostly opaque and the sauce darkens and smells sweet and toasty. Add the cabbage and onion, pour in 1/4 cup of the extra water, and stir to combine. Reduce the heat to medium, cover, and cook 6-8 minutes, stirring twice, until the cabbage is wilted and tender and the sweet potatoes pierce easily with a fork. If the sauce looks dry or starts to stick, add water 2 tablespoons at a time. The chicken is done when the thickest piece reads 165 F and the juices run clear.
5. Finish and serve: Stir in the green onions and drizzle with the sesame oil. Taste - for more heat add 1 teaspoon more gochugaru; for more sweetness, 1 teaspoon more honey. Serve hot over the short-grain rice, spooning plenty of sauce over each bowl. In Chuncheon this is eaten family-style from the pan - set the skillet on a trivet and let everyone dig in.
6. Storage: Refrigerate up to 3 days. Reheat in a covered skillet over medium heat with a splash of water until steaming (165 F). The sauce thickens overnight; the water loosens it back up.
Common mistakes:
- Sweet potato chunks too thick: Thick pieces stay raw in the middle while everything else overcooks. Keep them 1/4 inch thin and they will finish with the cabbage.
- Burning the gochujang: The sugars in the marinade scorch if the pan is screaming hot and dry. Medium-high heat plus that splash of water keeps the sauce glossy, not bitter.
- Skipping the marinate: Even 20 minutes makes a difference - the salt and chili need time to season the chicken past the surface. Overnight is best if you can plan ahead.",6,60,Chuncheon,dakgalbi-style-chicken-rice.webp
159,Dijon Pork with Parmesan Potatoes,French,515,52,44,15,"2 1/4 lb pork tenderloin
2 1/4 lb baby potatoes
1 1/2 lb green beans, trimmed
3 tablespoons Dijon mustard
1 1/2 tablespoons honey
3 cloves garlic
1 teaspoon dried thyme
1/3 cup grated Parmesan cheese
3 tablespoons olive oil, divided
1 1/2 teaspoons kosher salt, divided
3/4 teaspoon black pepper, divided","1. Mise en place: Heat the oven to 425 F. Halve the baby potatoes (cut each through the middle so the flat side can sit on the pan). Trim the green beans - snap or cut off the stem ends. Mince the garlic very fine. In a small bowl, whisk together the Dijon mustard, honey, minced garlic, and thyme into a smooth glaze. Pat the pork tenderloin completely dry with paper towels and trim off the silverskin - that is the shiny, tough membrane on the surface; slide a thin knife under one end and peel it away, because it will not soften in cooking and makes the meat curl.
2. Roast the potatoes: Toss the halved potatoes on a large rimmed sheet pan with 2 tablespoons of the olive oil, 1 teaspoon of the salt, and 1/2 teaspoon of the pepper. Arrange them cut-side down in a single layer. Roast 15 minutes until the cut sides are golden and starting to crisp.
3. Sear the pork: While the potatoes roast, rub the pork all over with the remaining 1/2 teaspoon salt and 1/4 teaspoon pepper, then coat it evenly with the Dijon-honey glaze. Heat the remaining 1 tablespoon oil in a large oven-safe skillet over medium-high heat until shimmering. Sear the pork 4-5 minutes total, turning every minute or so, until browned on all sides. The glaze will caramelize - that is good - but if it starts to blacken, lower the heat slightly.
4. Finish in the oven: Transfer the seared pork to the sheet pan with the potatoes, pushing the potatoes aside to make room. Scatter the green beans around the pan, drizzle them with a little of the pan oil, and sprinkle with a pinch of salt. Roast 15-18 minutes until the pork reads 140-145 F on an instant-read thermometer in the thickest part and the potatoes are tender when pierced. The beans should be bright green with a few browned spots.
5. Rest and serve: Transfer the pork to a cutting board and rest 5 minutes - the temperature will coast to a juicy 145 F and the juices will redistribute so they do not flood the board. While it rests, toss the hot potatoes with the Parmesan so it melts into a savory crust. Slice the pork into 1/2-inch medallions and serve over the potatoes and green beans, spooning any pan juices over the top.
6. Storage: Refrigerate up to 3 days. Reheat slices gently in a covered skillet over medium-low heat with a splash of broth until just warm - pork tenderloin dries out if reheated hard. Do not microwave on high.
Common mistakes:
- Leaving the silverskin on: That silvery membrane shrinks in the heat and squeezes the tenderloin into a curved, unevenly cooked shape. Two minutes with a thin knife prevents it.
- Overcooking the pork: Tenderloin goes from juicy to chalky fast. Pull it at 140-145 F and rest it - carryover heat finishes the job. Anything past 155 F will be dry.
- Soggy potatoes: If the potatoes are crowded or piled up, they steam instead of crisp. Single layer, cut-side down, on a big pan - use two pans if needed.",6,50,,dijon-pork-with-parmesan-potatoes.webp
160,Garlic Beef & Green Onion Rice,Chinese,625,47,60,18,"2 lb flank steak
2 1/4 cups jasmine rice
3 cups water
12 green onions
7 cloves garlic
1 tablespoon fresh ginger
4 tablespoons low-sodium soy sauce, divided
1 1/2 tablespoons oyster sauce
1 1/2 tablespoons cornstarch
1 teaspoon granulated sugar
2 tablespoons avocado oil, divided
1 teaspoon toasted sesame oil
1/2 teaspoon white pepper (or black pepper)","1. Mise en place: This stir-fry cooks in minutes, so everything must be ready before the heat goes on. Slice the flank steak thin (about 1/4 inch) AGAINST the grain - look for the long muscle fibers running one direction and cut across them; this shortens the fibers and keeps the beef tender. Toss the beef with 1 tablespoon of the soy sauce, the cornstarch, and the sugar; the cornstarch coating is called velveting and protects the meat from the pan's heat so it stays silky. Mince the garlic very fine; mince the ginger the same way. Cut the green onions into 2-inch pieces, keeping the white and green parts in separate piles - the whites go in first, the greens at the end. Stir the remaining 3 tablespoons soy sauce, the oyster sauce, sesame oil, and white pepper together in a small bowl - this is your finishing sauce.
2. Cook the rice: Combine the rice, 3 cups water, and a pinch of salt in a medium saucepan. Bring to a boil over high heat, reduce to low, cover, and cook 15 minutes. Rest covered 5 minutes, then fluff.
3. Sear the beef: Heat 1 tablespoon of the avocado oil in a large skillet or wok over HIGH heat until it just starts to smoke. Add half the beef in a single layer and sear 1 minute without touching, flip, and sear 1 minute more - you want a deep brown crust with a still-pink center. Transfer to a plate. Repeat with the second half, adding a touch more oil if the pan looks dry. Do not crowd the pan - crowded beef steams gray instead of browning.
4. Stir-fry the aromatics: Reduce the heat to medium-high. Add the remaining 1 tablespoon oil, the garlic, ginger, and the white parts of the green onions. Stir-fry 30-45 seconds until intensely fragrant and the garlic is pale gold - not brown. Add the green parts of the green onions and toss 30 seconds until they turn bright green and just soften.
5. Combine: Return the beef and any juices to the pan. Pour in the finishing sauce and toss 30-45 seconds until the sauce bubbles, thickens slightly, and glazes every slice. Taste - add a splash more soy sauce if it needs salt. Serve immediately over the jasmine rice. The beef should be just cooked through with a rosy center; carryover heat finishes it.
6. Storage: Refrigerate up to 3 days. Reheat in a hot skillet for 1-2 minutes until steaming - the microwave turns the beef chewy. Add a splash of water if the sauce has thickened.
Common mistakes:
- Slicing with the grain: Long fibers make even thin beef chewy. Find the grain lines and cut across them - this single step matters more than any marinade.
- One crowded batch: Two pounds of beef will not sear in one go in a home skillet. Two quick batches give you a browned crust; one crowded batch gives you gray boiled meat.
- Walking away from the garlic: Minced garlic burns in under a minute over high heat and turns the whole dish bitter. Have the green onions ready to go in right behind it.",6,35,,garlic-beef-green-onion-rice.webp
161,Garlic Butter Chicken & Orzo,American,673,50,61,25,"- 2 lb boneless, skinless chicken breasts (about 3 large)
- 1 tsp kosher salt, plus more to taste
- 1/2 tsp black pepper
- 1 tsp garlic powder
- 1 tsp Italian seasoning
- 1 lb (about 2 3/4 cups) dry orzo
- 5 tbsp unsalted butter, divided
- 2 tbsp olive oil
- 6 cloves garlic, minced
- 2 tbsp fresh lemon juice (about 1 lemon)
- 1 1/2 cups chicken broth
- 1/2 cup heavy cream
- 1/2 cup freshly grated Parmesan, plus more for serving
- 5 oz baby spinach (about 5 packed cups)
- 1/4 cup chopped fresh parsley","1. Mise en place: Dice the garlic — mince means chop it as fine as you can, into pieces smaller than a grain of rice. Cut the lemon in half and squeeze out 2 tbsp juice (pick out the seeds). Grate the Parmesan. Measure the orzo, broth, cream, butter, and oil and set them by the stove. Rinse the spinach and pat it mostly dry.

2. Even out the chicken. Lay each breast on the cutting board and cover with plastic wrap, then pound the thick end with a meat mallet, rolling pin, or the bottom of a heavy pan until the breast is an even 3/4-inch thickness all over. (Even thickness = even cooking; skip this and the thin end dries out before the thick end is done.)

3. Season the chicken on both sides with the salt, pepper, garlic powder, and Italian seasoning.

4. Heat the olive oil and 1 tbsp of the butter in a large deep skillet or Dutch oven over medium-high heat until the butter foams and the foam starts to settle, about 2 minutes.

5. Sear the chicken 5-6 minutes per side without moving it, until deep golden brown and it releases easily from the pan. The thickest part should read 165F on an instant-read thermometer. Transfer to a plate and tent loosely with foil — rest it at least 5 minutes so the juices redistribute.

6. Reduce the heat to medium. In the same pan, melt the remaining 4 tbsp butter. Add the garlic and cook 30 seconds, stirring, until fragrant but not brown — browned garlic turns bitter.

7. Add the orzo and stir 2 minutes until the edges look lightly toasted and smell nutty (this is tostatura — it keeps the orzo from going gummy).

8. Pour in the chicken broth and scrape up any browned bits from the bottom of the pan — that is pure flavor. Bring to a simmer, then reduce to medium-low, cover, and cook 10-12 minutes, stirring once halfway, until the orzo is tender with a slight bite and most of the liquid is absorbed.

9. Stir in the cream, Parmesan, lemon juice, and spinach. Cook 2 minutes, stirring, until the spinach wilts and the sauce turns glossy and coats the orzo. Taste and add up to 1/2 tsp more salt if needed.

10. Slice the rested chicken across the grain into 1/2-inch strips. (Across the grain means perpendicular to the lines you can see in the meat — it makes each bite tender instead of stringy.)

11. Serve: spoon the creamy orzo into wide bowls, fan the chicken slices over the top, and finish with parsley and extra Parmesan.

12. Storage: refrigerate leftovers in an airtight container up to 3 days. Reheat gently in a skillet over medium-low heat with a splash of broth or cream, stirring, until steaming — microwaving on high makes the chicken rubbery.

Common mistakes:
- Skipping the pounding step — uneven chicken cooks unevenly, dry outside and raw inside.
- Letting the garlic brown — 30 seconds is all it needs; brown garlic ruins the whole sauce.
- Overcooking the chicken — pull it at 165F and rest it; it will climb a couple more degrees on the plate.",6,50,,garlic-butter-chicken-orzo.webp
162,Garlic Butter Lobster Rice,American,587,30,79,15,"- 3 cups long-grain white rice
- 4 1/2 cups seafood stock or chicken broth
- 1 1/2 lb cooked lobster meat, cut into 1-inch chunks (look for claw and tail meat near the fish counter)
- 8 tbsp (1 stick) unsalted butter
- 8 cloves garlic, minced
- 1/4 cup dry sherry
- 2 tbsp fresh lemon juice, plus lemon wedges for serving
- 1 tsp lemon zest (the thin yellow outer peel, grated — stop before the white pith, which is bitter)
- 3 tbsp chopped fresh chives
- 2 tbsp chopped fresh parsley
- 1/2 tsp sweet paprika
- 1 tsp kosher salt, plus more to taste","1. Mise en place: Cut the lobster meat into 1-inch chunks if it isn't already. Mince the garlic. Zest the lemon, then cut it in half and squeeze out 2 tbsp juice. Chop the chives and parsley. Rinse the rice in a fine-mesh strainer under cold water until the water runs mostly clear, then drain well — this removes excess starch so the rice stays fluffy.

2. Cook the rice: combine the rice, stock, and 1/2 tsp of the salt in a large pot. Bring to a boil over high heat, then reduce to low, cover tightly, and cook 18 minutes without lifting the lid. Turn off the heat and let it stand, still covered, 10 minutes. Then fluff with a fork.

3. While the rice rests, make the garlic butter: melt the butter in a large skillet over medium heat. When it foams, add the garlic and cook 45-60 seconds, stirring, until fragrant and just turning pale gold — not brown.

4. Add the sherry and simmer 1 minute to cook off the harsh alcohol edge. Stir in the lemon zest, paprika, and remaining 1/2 tsp salt.

5. Turn the heat to LOW. Add the lobster chunks and gently warm 2-3 minutes, spooning the butter over them, just until heated through. Lobster is already cooked — you are only warming it to about 140F. The moment it is hot to the touch, pull the pan off the heat. Overcooked lobster turns rubbery and tough in minutes.

6. Remove from the heat and stir in the lemon juice, chives, and parsley.

7. Serve: mound the rice in wide bowls and spoon the lobster with plenty of garlic butter over the top. Serve with lemon wedges.

8. Storage: refrigerate leftovers up to 2 days. Reheat VERY gently in a covered skillet over low heat with a splash of stock, just until steaming — or eat it cold over salad. Never microwave lobster on high; it will turn to rubber.

Common mistakes:
- Treating the lobster like raw seafood — it is already cooked, so high heat or long cooking is what makes it rubbery. Warm, don't cook.
- Browning the garlic — bitter garlic overwhelms the sweet lobster; pale gold is the limit.
- Skipping the rice rest — cutting it short gives you wet, sticky rice instead of fluffy grains.",6,45,New England,garlic-butter-lobster-rice.webp
163,Garlic Butter Shrimp Orzo,American,498,46,47,14,"- 2 lb large shrimp (21/25 count), peeled and deveined
- 12 oz (about 2 cups) dry orzo
- 1 tsp kosher salt, plus more to taste
- 1/2 tsp black pepper
- 6 tbsp unsalted butter, divided
- 1 tbsp olive oil
- 6 cloves garlic, thinly sliced
- 1/2 tsp red pepper flakes
- 1 cup chicken broth
- 2 tbsp fresh lemon juice (about 1 lemon)
- 1/4 cup freshly grated Parmesan
- 8 oz cherry tomatoes, halved
- 1/4 cup chopped fresh parsley","1. Mise en place: Pat the shrimp completely dry with paper towels — dry shrimp sear instead of steam. Slice the garlic into thin coins. Halve the cherry tomatoes. Chop the parsley. Cut the lemon and squeeze out the juice. Measure the orzo, broth, butter, and Parmesan and set them by the stove.

2. Season the shrimp with the salt and pepper.

3. Heat the olive oil and 1 tbsp of the butter in a large deep skillet over medium-high heat until the butter foams, about 2 minutes.

4. Sear the shrimp in a single layer, 1 1/2 to 2 minutes per side. They are done when they turn opaque pink-white and curl into a loose C shape. If they curl into a tight O, they are overcooked. Work in two batches if the pan is crowded — crowding makes them steam instead of sear. Transfer to a plate.

5. Reduce the heat to medium. Add 2 tbsp butter to the same pan, then the sliced garlic and red pepper flakes. Cook 1 minute, stirring, until the garlic is fragrant and just pale gold.

6. Add the orzo and stir 2 minutes until lightly toasted and nutty-smelling.

7. Pour in the chicken broth and scrape up the browned bits. Bring to a simmer, cover, and cook on medium-low 10-12 minutes, stirring once, until the orzo is tender and the liquid is mostly absorbed.

8. Stir in the remaining 3 tbsp butter, the lemon juice, and the Parmesan until the sauce turns glossy. Fold in the cherry tomatoes and cook 2 minutes until they just start to slump.

9. Return the shrimp and any juices to the pan. Toss 1 minute to warm through. Taste and add up to 1/2 tsp more salt.

10. Serve: spoon into wide bowls and shower with parsley and extra Parmesan.

11. Storage: refrigerate up to 2 days. Reheat in a skillet over medium-low with a splash of broth, just until steaming — the shrimp toughen if you blast them.

Common mistakes:
- Crowding the shrimp — they steam gray instead of searing pink; give them space or cook in batches.
- Cooking shrimp by the clock alone — go by the C-curl and opaque color; 30 extra seconds is the difference between snappy and rubbery.
- Adding the garlic over high heat — sliced garlic burns fast and turns the whole dish bitter.",6,40,,garlic-butter-shrimp-orzo.webp
164,Garlic Chicken & Bok Choy,Chinese,256,34,10,8,"For the velveting marinade:
- 1 3/4 lb boneless, skinless chicken breasts, sliced 1/4-inch thick
- 1 tbsp light soy sauce
- 1 tbsp Shaoxing wine (or dry sherry)
- 1 tbsp cornstarch
- 1 tbsp water
- 1 tbsp vegetable oil

For the stir-fry sauce:
- 1/4 cup chicken broth
- 2 tbsp oyster sauce
- 1 tbsp light soy sauce
- 1 tsp sugar
- 1 tbsp cornstarch
- 2 tbsp water

For the stir-fry:
- 2 lb baby bok choy
- 3 tbsp vegetable oil, divided
- 8 cloves garlic, roughly chopped
- 1 tbsp fresh ginger, minced
- 2 tsp toasted sesame oil
- 3 scallions, sliced","1. Mise en place: Slice the chicken against the grain into 1/4-inch-thick pieces — against the grain means across the lines in the meat, which keeps each bite tender. Wash the bok choy carefully (grit hides between the leaves), drain completely, and cut each head in half lengthwise; quarter any large ones. Roughly chop the garlic into chunky pieces (bigger than minced — they should toast golden, not burn). Mince the ginger — grate it on a microplane or chop it as fine as you can. Slice the scallions. Stir the marinade ingredients, sauce ingredients, and keep everything by the stove. Stir-frying moves fast — you cannot stop to chop once the heat is on.

2. Velvet the chicken: toss the chicken slices with the soy sauce, Shaoxing wine, cornstarch, and water until every piece is coated, then drizzle in the 1 tbsp oil and toss again. Let it sit 15 minutes at room temperature. (Velveting is the classic Chinese technique that gives stir-fried meat its silky, tender bite — the cornstarch forms a thin protective coat so the chicken stays juicy over high heat.)

3. Heat 1 tbsp of the vegetable oil in a large wok or skillet over high heat until it shimmers and just starts to smoke.

4. Spread the chicken in a single layer. Let it sit undisturbed 30 seconds, then toss and stir-fry 2-3 minutes until just opaque and pale — it does not need to brown. Transfer immediately to a plate. It will finish cooking later; pulling it now keeps it tender. The chicken is done when the thickest piece reads 165F — check one now if unsure.

5. Add 1 tbsp oil to the same hot wok. Add the bok choy and stir-fry 2 minutes until the leaves wilt and the stems turn bright green and glossy but are still crisp at the core. Transfer to the plate with the chicken.

6. Add the last 1 tbsp oil. Add the garlic and ginger and stir-fry 30 seconds until fragrant — listen for the sizzle and watch for the garlic turning golden at the edges.

7. Pour in the stir-fry sauce (stir it first — the cornstarch settles). It will boil and thicken almost immediately, turning glossy, about 30-60 seconds.

8. Return the chicken and bok choy to the wok. Toss 1 minute until everything is coated and heated through. Drizzle with the sesame oil and toss once more.

9. Serve: spoon over steamed white rice and scatter the scallions over the top.

10. Storage: refrigerate up to 3 days. Reheat in a hot skillet for 1-2 minutes or microwave at 70% power — high heat makes the chicken chewy. The bok choy will soften on reheating but still tastes great.

Common mistakes:
- Skipping the velveting rest — the cornstarch coat is what keeps the chicken silky; without it the chicken seizes and turns chalky.
- Not drying the bok choy — wet leaves steam the wok and kill the sear; shake them dry in a colander.
- Stir-frying in a crowded pan — work in batches if needed; a crowded wok steams instead of sears.",6,45,,garlic-chicken-bok-choy.webp
165,Garlic Cod & Potato Stew,Portuguese,424,33,39,14,"- 2 lb cod fillets (about 1 1/2 inches thick), cut into 2-inch chunks
- 2 lb Yukon Gold potatoes, peeled and sliced 1/4-inch thick
- 2 medium yellow onions, thinly sliced
- 3 large ripe tomatoes, sliced 1/4-inch thick
- 1 red bell pepper, sliced into strips
- 1 green bell pepper, sliced into strips
- 6 cloves garlic, thinly sliced
- 6 tbsp extra-virgin olive oil
- 1 cup dry white wine
- 1 cup fish stock, chicken broth, or water
- 2 bay leaves
- 1 tsp sweet paprika
- 1 1/2 tsp kosher salt, plus more to taste
- 1/2 tsp black pepper
- 1/4 cup chopped fresh parsley or cilantro
- Crusty bread, for serving","1. Mise en place: Slice the potatoes into 1/4-inch rounds — even slices cook evenly. Slice the onions and tomatoes into 1/4-inch slices. Cut the peppers into strips. Slice the garlic thin. Cut the cod into 2-inch chunks and pat dry. Measure the oil, wine, and stock. This is a caldeirada, the Portuguese fisherman's stew — the whole method is layering everything raw in the pot and letting it simmer untouched, so have everything cut before you start.

2. Build the layers in a large Dutch oven or heavy pot with a lid. Start with a drizzle of olive oil, then layer in this order: half the potatoes, half the onions, half the tomatoes, half the peppers, half the garlic, then half the cod chunks. Sprinkle with half the salt, pepper, and paprika, and tuck in 1 bay leaf. Repeat with a second layer of everything, finishing with the cod on top.

3. Pour the wine, stock, and remaining olive oil evenly over the layers. Don't skimp on the oil — cooking the caldeirada in generous olive oil is what gives it its rich, traditional character.

4. Cover and bring to a bare simmer over medium heat — you want lazy bubbles, not a rolling boil. Then reduce to low and cook 35-40 minutes.

5. The golden rule of caldeirada: NEVER STIR. Stirring breaks the fish into mush. Instead, give the pot an occasional gentle shake or tilt to keep things from sticking. The layers protect the fish, and the wine, oil, and vegetable juices make the broth on their own.

6. Check at 35 minutes: the potatoes should be fork-tender (a fork slides in with no resistance) and the cod should flake easily and read 145F on a thermometer. If the potatoes need more time, give them 5-10 more minutes — the cod can take it.

7. Turn off the heat, taste the broth, and add salt if needed. Let it rest 5 minutes with the lid on.

8. Serve: bring the whole pot to the table, shower with parsley, and ladle into wide bowls with crusty bread standing by for the broth.

9. Storage: refrigerate up to 2 days. Reheat gently in a covered pot over low heat until steaming — boiling will shred the fish.

Common mistakes:
- Stirring the pot — this is THE caldeirada rule; one good stir turns the cod into fish porridge. Shake, don't stir.
- Boiling hard instead of simmering — aggressive heat breaks the fish and turns the potatoes to mush; keep it at a lazy bubble.
- Cutting the potatoes too thick — 1/4-inch slices cook through in the same time as the fish; thick chunks stay raw in the middle.

Note: the most traditional version uses salt cod (bacalhau) soaked overnight to desalt it. Fresh cod gives you the same layered, brothy stew in one evening — if you ever want the full traditional version, soak 2 lb salt cod in cold water 24 hours, changing the water 3 times, and use it exactly the same way (but halve the added salt).",6,75,,garlic-cod-potato-stew.webp
166,Garlic Lime Chicken Rice Bowls,Mexican,774,44,108,19,"For the chicken:
- 2 lb boneless, skinless chicken thighs
- 6 cloves garlic, minced
- 1/4 cup fresh lime juice (about 3 limes)
- 2 tsp lime zest
- 1/4 cup olive oil
- 2 tsp ground cumin
- 2 tsp dried oregano
- 1 tsp chili powder
- 1 1/2 tsp kosher salt

For the bowls:
- 3 cups long-grain white rice
- 1 (15-oz) can black beans, drained and rinsed
- 1 1/2 cups frozen corn
- 2 medium tomatoes, diced
- 1/2 small red onion, diced
- 1 jalapeño, minced (remove the seeds for less heat)
- 1/4 cup chopped fresh cilantro, plus more for serving
- 1 large avocado, diced
- 2 oz cotija cheese, crumbled
- Lime wedges, for serving","1. Mise en place: Mince the garlic. Zest the limes, then juice them. Dice the tomatoes, red onion, and jalapeño. Chop the cilantro. Dice the avocado — do this last so it doesn't brown. Rinse the rice until the water runs mostly clear.

2. Marinate the chicken: in a large bowl or zip-top bag, combine the garlic, lime juice, lime zest, olive oil, cumin, oregano, chili powder, and salt. Add the chicken thighs and turn to coat. Marinate 20 minutes at room temperature (or up to 4 hours in the fridge — but not longer, or the lime juice will start to ""cook"" the surface and make it mushy).

3. Cook the rice: combine the rice with 4 1/2 cups water and 1 tsp salt in a large pot. Bring to a boil, reduce to low, cover, and cook 18 minutes. Rest 10 minutes covered, then fluff with a fork and fold in half the cilantro.

4. Char the corn: heat a dry skillet over high heat until very hot. Add the frozen corn in a single layer and cook 4-5 minutes without stirring much, until blackened in spots and smelling toasty. Transfer to a bowl.

5. Make a quick pico: toss the diced tomatoes, red onion, jalapeño, remaining cilantro, a pinch of salt, and a squeeze of lime.

6. Heat the black beans in a small saucepan over medium-low heat with 1/4 cup water and a pinch of salt, 5 minutes, until steaming. Keep warm.

7. Sear the chicken: heat a large skillet or grill pan over medium-high heat. Remove the chicken from the marinade (let the excess drip off) and sear 5-6 minutes per side until deeply browned with charred edges and the thickest part reads 165F.

8. Rest the chicken 5 minutes on a cutting board, then slice across the grain into strips.

9. Assemble the bowls: rice first, then rows of sliced chicken, black beans, charred corn, pico de gallo, and avocado. Crumble cotija over everything, add lime wedges, and scatter extra cilantro.

10. Storage: refrigerate components separately up to 3 days (keep the avocado and pico separate — they don't keep well). Reheat the rice, beans, and chicken with a splash of water; assemble fresh with cold toppings.

Common mistakes:
- Marinating too long — past 4 hours the acid turns the chicken surface mushy instead of tender.
- Slicing with the grain — find the lines in the thigh meat and cut across them for tender bites.
- Dressing the avocado early — it browns fast; dice it right before serving and squeeze lime over it.",6,55,,garlic-lime-chicken-rice-bowls.webp
167,Garlic Pork Tenderloin Risotto,Italian,642,45,61,24,"- 1 3/4 lb pork tenderloin, trimmed of silverskin
- 2 cups arborio rice
- 7 cups chicken stock
- 1/2 cup dry white wine
- 6 tbsp unsalted butter, cold, cut into pieces and divided
- 1 cup freshly grated Parmesan, plus more for serving
- 2 tbsp olive oil
- 1 large shallot (or 1 small onion), minced
- 6 cloves garlic, minced, divided
- 8 oz cremini mushrooms, sliced
- 2 tsp fresh thyme leaves (or 1/2 tsp dried)
- 1 1/2 tsp kosher salt, divided
- 1/2 tsp black pepper","1. Mise en place: Trim the pork tenderloin — find the thin, shiny silverskin membrane and slide a knife under it to peel it off (it never softens in cooking). Mince the shallot and garlic. Slice the mushrooms. Grate the Parmesan. Measure the rice and wine. Pour the stock into a saucepan and keep it at a bare simmer over low heat the whole time — warm stock is non-negotiable for risotto; cold stock shocks the rice and turns it gummy.

2. Pat the pork completely dry with paper towels. Season all over with 1 tsp of the salt and the black pepper.

3. Sear the pork: heat 1 tbsp of the olive oil in a large oven-safe skillet over medium-high heat until shimmering. Sear the tenderloin 3-4 minutes per side, turning, until deep golden brown all over. The thickest part should read 145F on a thermometer.

4. Transfer the pork to a plate and rest it 10 minutes — resting lets the juices settle back into the meat instead of running out onto the cutting board. Do not skip this.

5. Meanwhile, start the risotto in a large deep skillet or Dutch oven: melt 2 tbsp of the butter with the remaining 1 tbsp olive oil over medium heat. Add the shallot and half the garlic and cook 3 minutes, stirring, until soft and translucent.

6. Add the thyme and the rice. Stir 2 minutes until every grain is coated and the edges of the grains turn translucent while the centers stay white — this is the tostatura (toasting), and it keeps the grains from blowing out into mush.

7. Pour in the wine. Stir until it is fully absorbed and the sharp alcohol smell cooks off, about 2 minutes.

8. Now add the warm stock one ladle (about 3/4 cup) at a time, stirring often and letting each addition absorb before adding the next. This takes 18-20 minutes. The rice is done when it is creamy and the grains are tender with a slight bite in the center (al dente) — you may not need all 7 cups; start tasting at 16 minutes.

9. While the risotto cooks, sauté the mushrooms: heat a separate skillet over medium-high heat with 1 tbsp butter until foaming. Add the mushrooms and remaining garlic and cook 5-6 minutes, stirring occasionally, until golden brown and their liquid has evaporated. Season with the remaining 1/2 tsp salt.

10. Fold the mushrooms into the finished risotto.

11. Mantecatura (the creamy finish): take the risotto OFF the heat. Beat in the remaining cold butter, a few pieces at a time, then the Parmesan, stirring vigorously until glossy. Proper risotto should be all'onda — ""wavy"" — meaning it ripples like thick waves when you shake the pan. If it is too thick, stir in a splash of warm stock.

12. Slice the rested pork across the grain into 1/2-inch medallions.

13. Serve: spoon the risotto into wide bowls, spread it with the back of the spoon, and fan the pork medallions over the top. Finish with extra Parmesan.

14. Storage: refrigerate up to 3 days. Risotto firms up cold — reheat in a saucepan over medium-low with a splash of stock, stirring, until creamy again. Reheat the pork gently; microwaving on high toughens it.

Common mistakes:
- Using cold or room-temperature stock — it stalls the cooking and makes the rice gummy. Keep it simmering.
- Rinsing the arborio — never rinse risotto rice; the surface starch is what makes it creamy.
- Skipping the pork rest — cutting too early spills all the juices onto the board and the meat eats dry.
- Overcooking past al dente — risotto keeps cooking off the heat; pull it when the centers still have a whisper of bite.",6,80,,garlic-pork-tenderloin-risotto.webp
168,Garlic Salmon Pasta Primavera,Italian,766,47,68,32,"- 2 lb salmon fillets (about 1 1/2 inches thick), cut into 6 portions, skin removed
- 1 lb fettuccine or linguine
- 3 tbsp olive oil, divided
- 2 tbsp unsalted butter
- 6 cloves garlic, thinly sliced
- 1/2 cup dry white wine
- 2 tbsp fresh lemon juice (about 1 lemon)
- 12 oz cherry tomatoes, halved
- 8 oz asparagus, tough ends snapped off, cut into 1 1/2-inch pieces
- 1 medium zucchini, halved lengthwise and sliced into half-moons
- 1 cup frozen peas
- 1/2 cup freshly grated Parmesan, plus more for serving
- 1/4 cup chopped fresh basil or parsley
- 1 1/2 tsp kosher salt, plus more for the pasta water","1. Mise en place: Cut the salmon into 6 equal portions and pat them very dry. Slice the garlic into thin coins. Halve the cherry tomatoes. Snap the woody ends off the asparagus (bend each spear — it breaks naturally where the tough part starts) and cut into pieces. Slice the zucchini into half-moons. Squeeze the lemon. Chop the basil. Grate the Parmesan.

2. Bring a large pot of well-salted water to a rolling boil (it should taste like the sea — this is the only chance to season the pasta itself). Cook the fettuccine 1 minute less than the package says. Before draining, scoop out 1 cup of the starchy pasta water and save it — this is liquid gold for the sauce. Drain the pasta.

3. Season the salmon with 1 tsp of the salt and the pepper.

4. Heat 2 tbsp of the olive oil in a large skillet over medium-high heat until shimmering. Lay the salmon in presentation-side down and sear 4 minutes without moving, until deep golden and crisp.

5. Flip and cook 2-3 minutes more. It is done at 125-130F for medium — the center should still look slightly translucent and feel soft when pressed; it keeps cooking off the heat. Transfer to a plate.

6. Reduce the heat to medium. In the same skillet, add the butter and remaining 1 tbsp olive oil, then the sliced garlic. Cook 1 minute, stirring, until fragrant and pale gold.

7. Pour in the wine and lemon juice, scraping up the browned bits. Simmer 2 minutes until slightly reduced.

8. Add the asparagus and cook 3 minutes, then the zucchini and cook 2 minutes more. Add the tomatoes and peas and cook 2 minutes until the tomatoes slump and everything is bright and crisp-tender. Season with the remaining 1/2 tsp salt.

9. Add the drained pasta to the skillet with 1/2 cup of the reserved pasta water. Toss 1-2 minutes until the sauce turns glossy and clings to the noodles — add more pasta water a splash at a time if it looks dry. Toss in the Parmesan and half the basil.

10. Serve: twirl the pasta into wide bowls, set a salmon portion on top of each (or flake the salmon into large chunks over the pasta), and finish with the remaining basil and extra Parmesan.

11. Storage: refrigerate up to 2 days. Reheat gently in a skillet over medium-low with a splash of water, just until steaming — aggressive reheating overcooks the salmon.

Common mistakes:
- Cooking the salmon to 145F+ in the pan — it coasts past perfect; pull it at 125-130F and let carryover heat finish it.
- Forgetting to save pasta water — without it the sauce won't cling and the dish eats dry.
- Dumping all the vegetables in at once — asparagus needs a head start over zucchini and tomatoes, or half your veg is mush and half is raw.",6,50,,garlic-salmon-pasta-primavera.webp
169,Garlic Shrimp & Tomato Rice,Portuguese,561,37,80,10,"- 2 lb large shell-on shrimp
- 2 1/2 cups long-grain white rice
- 1/4 cup olive oil
- 1 large yellow onion, diced
- 8 cloves garlic, minced
- 1 red bell pepper, diced
- 2 medium ripe tomatoes, diced
- 1 (28-oz) can crushed tomatoes
- 1/2 cup dry white wine
- 2 bay leaves
- 1 tsp sweet paprika
- 1/2 tsp piri-piri or red pepper flakes
- 1 tsp kosher salt, plus more to taste
- 1/4 cup chopped fresh cilantro","1. Mise en place: Peel the shrimp, saving every shell and head in a bowl — the shells are the secret to the deep shrimp flavor in this dish. Devein the shrimp (run a paring knife along the back and pull out the dark vein). Dice the onion, bell pepper, and fresh tomatoes. Mince the garlic. Chop the cilantro. Measure the rice, oil, wine, and canned tomatoes.

2. Make the shrimp stock: put the shells in a pot with 5 cups of water. Bring to a boil, then simmer 15 minutes — the water will turn pink and smell intensely of shrimp. Strain through a fine-mesh strainer, pressing the shells to squeeze out every drop. You need about 4 1/2 cups; top up with water if short. Keep the stock warm over low heat — warm liquid keeps the rice cooking evenly.

3. Build the refogado (the Portuguese flavor base): heat the olive oil in a large Dutch oven over medium heat. Add the onion and bell pepper and cook 8 minutes, stirring, until soft and sweet-smelling.

4. Add the garlic, paprika, and piri-piri. Cook 1 minute, stirring, until fragrant — the paprika should bloom brick-red in the oil.

5. Add the fresh diced tomatoes and cook 3 minutes until they start to break down. Pour in the crushed tomatoes and cook 5 minutes, stirring occasionally, until the sauce thickens slightly and turns a deep red.

6. Pour in the wine and simmer 2 minutes to cook off the alcohol.

7. Add the rice and stir 1 minute so every grain is coated in the red sauce.

8. Pour in the warm shrimp stock and add the bay leaves. Bring to a boil, then reduce to a steady simmer, cover, and cook 12 minutes. Do not stir — just let it bubble.

9. Uncover, nestle the shrimp into the rice, and give it one gentle stir. Cover and cook 5-7 minutes more, until the rice is tender and the shrimp are opaque and curled into a C. The dish should be soupy — this is arroz de camarão malandrinho, which literally means ""naughty"" rice, served brothy like a cross between rice and soup. If it looks dry, stir in 1/2 cup more warm water or stock.

10. Fish out the bay leaves. Stir in half the cilantro. Taste and add salt — up to 1 tsp more — until the broth sings.

11. Serve: ladle immediately into wide bowls, broth and all, and scatter the remaining cilantro over the top. This waits for no one — the rice keeps drinking the broth.

12. Storage: refrigerate up to 2 days. The rice will absorb the broth overnight — reheat in a pot over medium heat with 1/2 to 1 cup of water or stock, stirring, until soupy and steaming again.

Common mistakes:
- Throwing away the shells — the homemade shrimp stock is the entire soul of this dish; water or plain broth gives you a pale imitation.
- Adding the shrimp too early — they only need 5-7 minutes; earlier and they go rubbery before the rice is done.
- Cooking it dry — if it looks like pilaf, you've gone too far; malandrinho should glisten with broth in the bowl.",6,70,,garlic-shrimp-tomato-rice.webp
170,Garlic Shrimp Bibimbap Bowls,Korean,611,44,73,17,"For the shrimp:
- 1 1/2 lb large shrimp, peeled and deveined
- 2 tbsp soy sauce
- 1 tbsp toasted sesame oil
- 4 cloves garlic, minced
- 1 tsp sugar

For the vegetables (namul):
- 10 oz baby spinach
- 12 oz bean sprouts
- 2 medium carrots, julienned (cut into thin matchsticks)
- 1 medium zucchini, julienned
- 6 oz shiitake mushrooms, sliced
- 3 tbsp toasted sesame oil, divided
- 2 tsp kosher salt, divided
- 2 cloves garlic, minced
- 1 tbsp toasted sesame seeds

For the gochujang sauce:
- 6 tbsp gochujang (Korean chili paste)
- 2 tbsp sugar
- 2 tbsp rice vinegar
- 1 tbsp toasted sesame oil
- 2 tbsp water
- 1 clove garlic, grated

For assembly:
- 2 cups short-grain white rice (makes about 6 cups cooked)
- 6 large eggs
- 2 tbsp vegetable oil","1. Mise en place: This is a dish of many small parts, so get everything ready first. Peel and devein the shrimp. Julienne the carrots and zucchini — julienne means thin matchsticks about 2 inches long. Slice the shiitakes. Mince and grate the garlic. Rinse the spinach and bean sprouts. Whisk the gochujang sauce ingredients in a small bowl until smooth and set it on the table — everyone sauces their own bowl.

2. Cook the rice: rinse the short-grain rice until the water runs mostly clear, then cook with 2 1/2 cups water (rice cooker, or bring to a boil, reduce to low, cover 15 minutes, rest 10). Short-grain rice is slightly sticky — that stickiness is traditional and holds the bowl together. Keep it warm.

3. Marinate the shrimp: toss the shrimp with the soy sauce, sesame oil, garlic, and sugar. Set aside 10 minutes.

4. Blanch the spinach: bring a pot of salted water to a boil. Add the spinach and blanch 30 seconds — just until wilted and bright green. Drain, rinse under cold water to stop the cooking, then squeeze out as much water as you can with your hands (a fistful at a time). Toss with 1 tsp sesame oil, 1/2 tsp salt, and half the minced garlic.

5. Blanch the bean sprouts: in the same boiling water, cook the sprouts 3-4 minutes until tender-crisp. Drain, rinse cold, squeeze dry, and season the same way — 1 tsp sesame oil, 1/2 tsp salt, remaining minced garlic.

6. Sauté the remaining vegetables separately — this is the heart of bibimbap; each vegetable keeps its own flavor and color. Heat 1 tsp sesame oil in a skillet over medium-high heat. Sauté the carrots 1-2 minutes with a pinch of salt until tender-crisp; transfer to a plate. Repeat with the zucchini (2 minutes), then the mushrooms (3 minutes, until golden at the edges). A pinch of salt and a drizzle of sesame oil for each.

7. Sear the shrimp: heat 1 tbsp of the vegetable oil in the skillet over high heat until shimmering. Add the shrimp in a single layer and sear 1 1/2 to 2 minutes per side until opaque and curled into a C. Transfer to a plate.

8. Fry the eggs: heat the remaining 1 tbsp vegetable oil in a nonstick skillet over medium heat. Crack in the eggs and fry sunny-side up, 3-4 minutes, until the whites are fully set and the edges are lacy and crisp but the yolks are still runny. Season with a pinch of salt.

9. Assemble: divide the warm rice among 6 wide bowls. Arrange the spinach, sprouts, carrots, zucchini, and mushrooms in separate colorful sections over the rice, add a pile of shrimp, and crown each bowl with a fried egg. Sprinkle with sesame seeds.

10. Serve: set the gochujang sauce on the table and tell everyone to add a big spoonful and mix everything thoroughly before eating — the runny yolk, sauce, and rice become one glorious mess. That mixing is the whole point of bibimbap (""mixed rice"").

11. Storage: refrigerate components separately up to 3 days (keep the fried eggs separate — fry fresh if you can). Reheat the rice and toppings in a skillet over medium heat; assemble with fresh sauce.

Common mistakes:
- Piling all the vegetables into the pan at once — they steam gray instead of staying bright and distinct; cook each separately, it only takes minutes.
- Not squeezing the blanched greens dry — watery spinach makes the whole bowl soggy.
- Overcooking the shrimp — they go from snappy to rubbery fast; pull them at the C-curl, opaque stage.
- Skimping on the sauce — bibimbap needs a generous spoonful per bowl; undressed, it's just rice and vegetables.

Note: classic bibimbap uses seasoned beef (bulgogi); shrimp is the twist here — it keeps the bowl lighter and cooks in minutes, and the sweet shrimp loves the spicy-sweet gochujang sauce.",6,65,,garlic-shrimp-bibimbap-bowls.webp
171,Garlic Shrimp Chimichurri Couscous,Argentinian,563,37,54,22,"- 1½ lb large shrimp, peeled and deveined (tails on or off)

For the chimichurri:
- 1 cup packed fresh flat-leaf parsley leaves (about 1 large bunch)
- 6 large garlic cloves, minced
- 1 tbsp dried oregano
- 1 tsp crushed red pepper flakes
- 1/3 cup red wine vinegar
- 1/2 cup extra-virgin olive oil
- 1 tsp kosher salt, plus more to taste — taste before serving and add up to 1/2 tsp more

For the couscous and shrimp:
- 2¼ cups dry couscous (about 13 oz)
- 2¼ cups water or chicken broth
- 2 tbsp extra-virgin olive oil, divided
- 6 large garlic cloves, thinly sliced
- 1 tsp ground cumin
- 2 tbsp fresh lemon juice (about 1 lemon), plus wedges for serving
- 1/2 tsp kosher salt
- 1/4 tsp freshly ground black pepper","1. Mise en place: everything chopped, measured, and set out before any heat goes on. If your shrimp are not already peeled, peel them now: pull off the shell, then run a small knife down the back and rinse out the dark vein. Pat the shrimp very dry with paper towels. Thinly slice 6 garlic cloves (flat rounds about 1/8 inch thick). Mince the other 6 cloves (chop into pieces smaller than a grain of rice). Pull the parsley leaves from the stems and chop them fine. Juice the lemon. Measure the couscous, oil, vinegar, and spices into small bowls.

2. Make the chimichurri. In a medium bowl, combine the chopped parsley, minced garlic, dried oregano, red pepper flakes, red wine vinegar, and 1 tsp salt. Stir, then drizzle in the 1/2 cup olive oil while stirring. The sauce should look loose and spoonable, with visible bits of herb — not a smooth paste. Cover and let it rest at room temperature for at least 15 minutes so the flavors meld. (Chop by hand, not in a food processor: a processor turns it into pesto, and real Argentine chimichurri is chunky.)

3. Cook the couscous. Bring the 2¼ cups water or broth, 1 tbsp of the olive oil, and a pinch of salt to a rolling boil in a medium saucepan. Stir in the couscous, cover the pot, and take it off the heat. Let it stand 5 minutes. Uncover and fluff with a fork, breaking up any clumps — the grains should be separate, light, and steamy. Cover to keep warm.

4. Sear the shrimp. Heat the remaining 1 tbsp olive oil in a large skillet over medium-high heat until it shimmers. Season the shrimp with the 1/2 tsp salt and the black pepper. Lay the shrimp in a single layer — you should hear a confident sizzle. Cook 90 seconds without moving them, then flip and cook 60-90 seconds more, until pink with golden edges and opaque all the way through. In the last 30 seconds, scatter in the sliced garlic and the cumin and stir; the garlic should smell toasty and turn pale gold, not brown. Squeeze the lemon juice over everything and take the pan off the heat. (Shrimp are done when they curl into a loose C shape; a tight O means overcooked.)

5. Taste the chimichurri and add more salt if it needs it, up to 1/2 tsp more. Spoon the couscous into wide bowls, top with the shrimp, and spoon 2-3 tbsp of chimichurri over each serving. Serve with lemon wedges.

6. Storage and reheating: refrigerate leftovers in an airtight container up to 3 days. Reheat the shrimp very gently — 30-60 seconds in the microwave at 50% power, or 1 minute in a skillet over medium-low — just until warm, or they turn rubbery. Reheat the couscous with a splash of water, covered, in the microwave 1-2 minutes, then fluff. Leftover chimichurri keeps 1 week refrigerated; let it come to room temperature before serving so the oil loosens.

Common mistakes:
- Crowding the shrimp in the pan: they steam instead of sear. Cook in two batches if needed.
- Letting the sliced garlic go past pale gold: brown garlic tastes bitter.
- Pureeing the chimichurri: hand-chopped and chunky is the authentic texture.",6,40,,garlic-shrimp-chimichurri-couscous.webp
172,Garlic Shrimp Couscous,Moroccan,483,39,66,6,"- 1½ lb large shrimp, peeled and deveined
- 2½ cups dry couscous
- 2½ cups hot chicken broth
- 3 tbsp extra-virgin olive oil, divided
- 1 large yellow onion, diced
- 1 red bell pepper, diced
- 4 garlic cloves, minced
- 1 large tomato, diced
- 1½ tsp ground cumin
- 1½ tsp sweet paprika
- 1 tsp ground turmeric
- 1/2 tsp ground cinnamon
- Big pinch of saffron threads (optional)
- 1 cup frozen peas
- 1/4 cup chopped fresh parsley
- 2 tbsp fresh lemon juice (about 1 lemon)
- 1 tsp kosher salt, plus more to taste — taste before serving and add up to 1/2 tsp more","1. Mise en place: everything chopped, measured, and set out before any heat goes on. Dice the onion (cut into small 1/4-inch cubes). Dice the bell pepper and the tomato the same size. Mince the garlic (chop into pieces smaller than a grain of rice). Measure all the spices into one small bowl. Pat the shrimp very dry with paper towels — dry shrimp sear; wet shrimp steam. Heat the chicken broth in a saucepan until steaming and keep it hot.

2. Prep the couscous. Put the dry couscous in a large bowl and toss it with 1 tbsp of the olive oil, rubbing the grains between your fingers so each one is lightly coated — this is the Moroccan home-cook trick for separate, fluffy grains. Pour the hot broth over the couscous, stir once, cover tightly, and let stand 5 minutes. Uncover and fluff with a fork, gently breaking up any lumps with your fingertips. Cover to keep warm. (The fully traditional method steams the grains three times over a simmering stew; this hot-broth method gives you a weeknight version with the same North African spice character.)

3. Build the base. Heat the remaining 2 tbsp olive oil in a large deep skillet or Dutch oven over medium heat. Add the onion and cook 5 minutes, stirring, until soft and translucent. Add the bell pepper and cook 3 minutes more. Stir in the garlic and all the spices (cumin, paprika, turmeric, cinnamon, saffron); cook 30-60 seconds, stirring constantly, until the spices smell deeply fragrant and the oil turns golden-orange. Add the diced tomato and 1 tsp salt; cook 2 minutes, until the tomato melts into a thick, saucy base.

4. Cook the shrimp. Raise the heat to medium-high. Add the shrimp in a single layer and cook 2 minutes per side, until pink, opaque, and curled into a loose C. Stir in the frozen peas and cook 1 minute, just until heated through.

5. Combine. Fold the fluffed couscous into the skillet and toss everything together so the grains soak up the spiced sauce. Stir in the lemon juice and parsley. Taste and add more salt if needed, up to 1/2 tsp more.

6. Serve in wide bowls with extra lemon wedges on the side.

7. Storage and reheating: refrigerate in an airtight container up to 3 days. Reheat with a splash of water, covered, in the microwave 2 minutes or in a skillet over medium heat, stirring, until steaming.

Common mistakes:
- Adding the shrimp before the vegetables are done: they overcook while you wait. Shrimp go in last and cook fast.
- Skipping the spice-toasting step: raw spices taste dusty; 30-60 seconds in hot oil wakes them up.
- Guessing the broth amount: measure it. Too much liquid makes gluey couscous.",6,45,,garlic-shrimp-couscous.webp
173,Garlic Shrimp Paella,Spanish,547,37,77,9,"- 1½ lb large shrimp, peeled and deveined
- 2½ cups short-grain paella rice (bomba or arborio)
- 5 cups fish or seafood stock
- 1/4 cup extra-virgin olive oil
- 1 large yellow onion, finely diced
- 1 red bell pepper, diced
- 6 garlic cloves, minced
- 1 cup grated fresh tomato (about 2 large tomatoes, grated on a box grater)
- 2 tsp sweet smoked paprika
- 1/2 tsp saffron threads
- 1 cup frozen peas
- 1/2 cup dry white wine
- 2 tsp kosher salt, plus more to taste
- Lemon wedges and chopped fresh parsley, for serving","1. Mise en place: everything chopped, measured, and set out before any heat goes on. Finely dice the onion (cut into small 1/4-inch cubes). Dice the bell pepper. Mince the garlic (chop into pieces smaller than a grain of rice). Grate the tomatoes on the large holes of a box grater, discarding the skins — you want a pulpy puree. Pour the stock into a saucepan and keep it at a bare simmer the whole time; crumble the saffron into a small cup with 1/4 cup of the hot stock to bloom. Pat the shrimp dry.

2. Sear the shrimp. Heat 1 tbsp of the olive oil in a paella pan or your widest skillet over medium-high heat until shimmering. Sear the shrimp 1 minute per side — just until the outsides turn pink; they will finish cooking in the rice. Remove to a plate.

3. Make the sofrito. In the same pan over medium heat, add the remaining oil, the onion, and the bell pepper. Cook 8-10 minutes, stirring, until completely soft and sweet. Stir in the garlic and cook 30 seconds. Add the grated tomato and the smoked paprika; cook 10-12 minutes, stirring regularly, until the mixture is dark, thick, and jammy, and you can see the oil starting to glisten at the edges — that separation is the sign the sofrito is done.

4. Toast the rice. Stir the rice into the sofrito and cook 2 minutes, stirring, until the grains turn translucent around the edges. Pour in the white wine and let it bubble away for 1 minute, scraping the bottom.

5. Add the stock. Pour in the remaining hot stock plus the saffron liquid and the 2 tsp salt. Shake the pan gently to level the rice into an even layer. From this moment on, do not stir the rice — stirring is what prevents the crispy bottom from forming. Bring to a lively simmer.

6. Cook the paella. Cook 6 minutes over medium-high heat, then reduce to medium-low and cook 12 minutes more. When the grains start to peek above the liquid, scatter the peas over the top and nestle the shrimp into the rice. Taste a grain from just below the surface; it should be al dente with a tiny bite.

7. Make the socarrat. When the liquid is nearly gone, listen: the sound changes from bubbling to a faint crackle. Raise the heat to high for 60-90 seconds, until you smell toasty, nutty rice. Do not walk away — it goes from golden to burnt fast. You are caramelizing the bottom layer into the prized crispy crust called socarrat.

8. Rest. Take the pan off the heat, cover with foil, and rest 5-10 minutes so the top layer of rice finishes steaming.

9. Serve straight from the pan with lemon wedges and a shower of chopped parsley.

10. Storage and reheating: refrigerate up to 2 days. Reheat covered in a skillet over medium-low heat with a splash of stock until steaming. (The socarrat will not survive reheating — that is normal; it is a fresh-pan pleasure.)

Common mistakes:
- Stirring after the stock goes in: no stir means socarrat; stirring means risotto.
- Adding cold stock: it shocks the rice and ruins the texture. Keep it simmering.
- Leaving the pan during the socarrat step: 90 seconds of inattention turns prized crust into bitter charcoal.",6,60,Valencia,garlic-shrimp-paella.webp
174,Garlic Shrimp Rice Bowls,American,536,34,68,14,"- 1½ lb large shrimp, peeled and deveined, tails on (shell-on, deveined shrimp are the most authentic shrimp-truck style; peeled is easier to eat)
- 3 tbsp rice flour (or mochiko)
- 1 tbsp cornstarch
- 1 tbsp paprika
- 2 tsp kosher salt
- 1/2 tsp cayenne pepper (optional, for heat)
- 1/2 tsp freshly ground black pepper
- 6 tbsp unsalted butter
- 2 tbsp olive oil, divided
- 1/3 cup minced garlic (about 12 cloves)
- 1 lemon, cut into wedges
- 4 green onions, thinly sliced
- 2½ cups dry long-grain white rice (about 7½ cups cooked), cooked and kept hot","1. Mise en place: everything chopped, measured, and set out before any heat goes on. Get the rice cooking first: rinse 2½ cups rice, combine with 3¾ cups water in a pot, bring to a boil, stir once, cover, and cook on low 15 minutes; rest 10 minutes off the heat, then fluff. Mince the garlic (chop into pieces smaller than a grain of rice). Slice the green onions into thin rings. Cut the lemon into wedges. Pat the shrimp extremely dry with paper towels — this is the most important step for a crispy coating. In a large bowl, whisk together the rice flour, cornstarch, paprika, salt, cayenne, and black pepper.

2. Make the garlic butter. Melt the butter in a large skillet over medium-low heat. Add the minced garlic and cook 3-4 minutes, stirring often, until the garlic is pale gold and smells sweet and nutty. Do not let it go brown — browned garlic turns bitter and will ruin the sauce. Scrape the garlic butter into a bowl and set aside. Wipe out the skillet.

3. Dredge the shrimp. Toss the dry shrimp in the flour-spice mixture until every shrimp is lightly and evenly coated. Shake off the excess.

4. Sear the shrimp. Heat 1 tbsp of the olive oil in the skillet over medium-high heat until shimmering. Add half the shrimp in a single layer — you should hear a strong sizzle. Cook 2 minutes per side without fussing, until golden-crisp at the edges, pink, and opaque. Transfer to a plate and repeat with the remaining 1 tbsp oil and shrimp.

5. Finish. Return all the shrimp to the skillet over medium-low heat. Pour the garlic butter over them and toss for 60 seconds, until every shrimp is glossy and coated.

6. Serve. Spoon hot rice into bowls, pile on the shrimp, and drizzle the extra garlic butter from the pan over the rice — that butter-soaked rice is the whole point. Squeeze lemon over everything and scatter the green onions on top.

7. Storage and reheating: refrigerate up to 3 days. The garlic butter will solidify in the fridge; that is fine, it melts on reheating. Warm gently in a skillet over medium-low heat just until hot, or the shrimp get tough.

Common mistakes:
- Skipping the pat-dry: wet shrimp shed the coating and steam instead of crisping.
- Browning the garlic past pale gold: it goes from sweet to bitter in under a minute, so watch it.
- Crowding the pan: shrimp need space to crisp. Two batches, always.",6,40,Hawaii,garlic-shrimp-rice-bowls.webp
175,Garlic Shrimp Yakimeshi,Japanese,485,33,65,9,"- 1¼ lb medium shrimp, peeled and deveined
- 6 cups cooked day-old short-grain white rice (from about 2½ cups dry), chilled
- 3 large eggs, beaten
- 3 tbsp neutral oil (canola or vegetable), divided
- 1 tsp toasted sesame oil
- 3 tbsp soy sauce
- 1 tbsp mirin
- 1 tbsp sake
- 6 garlic cloves, thinly sliced
- 1 tbsp grated fresh ginger
- 4 green onions, thinly sliced (whites and greens separated)
- 1/2 cup frozen peas
- 1 tsp kosher salt
- 1/2 tsp white pepper","1. Mise en place: everything chopped, measured, and set out before any heat goes on. The rice MUST be cold and at least a day old — spread freshly cooked rice on a sheet pan and chill it uncovered for 1 hour if you forgot to cook it yesterday. Warm, fresh rice turns to mush in the pan. Thinly slice the garlic (flat rounds about 1/8 inch). Grate the ginger on the fine holes of a box grater. Slice the green onions and keep the white and green parts in separate piles. Beat the eggs in a small bowl. Measure the soy sauce, mirin, and sake together in a cup.

2. Scramble the eggs. Heat a wok or your largest skillet over high heat until a drop of water dances and evaporates. Add 1 tbsp of the neutral oil and swirl. Pour in the beaten eggs; let them set 30 seconds, then scramble into soft pieces. Remove to a plate — they should be just cooked, still tender.

3. Sear the shrimp. Add another 1 tbsp oil to the hot wok. Add the shrimp in a single layer and sear 90 seconds per side, until pink and opaque with lightly browned edges. Remove to the plate with the eggs.

4. Bloom the aromatics. Add the last 1 tbsp oil. Stir-fry the sliced garlic, grated ginger, and the white parts of the green onions for 30 seconds, until fragrant and the garlic is pale gold. Add the frozen peas and stir-fry 1 minute.

5. Fry the rice. Add all the cold rice, breaking up any clumps with your spatula. Press the rice against the hot pan, then toss — repeat for 3-4 minutes. You want to hear a steady sizzle and smell something nutty; a few grains should turn lightly golden. Drizzle the soy sauce mixture around the hot edge of the pan (it will sizzle and caramelize on contact) and toss everything to coat.

6. Finish. Return the eggs and shrimp to the wok. Season with the salt and white pepper and toss 1 minute. Take off the heat, drizzle with the sesame oil, and toss in the green onion tops.

7. Serve immediately in warm bowls. Yakimeshi waits for no one — it is best in the first 10 minutes.

8. Storage and reheating: refrigerate up to 3 days. Reheat in a hot skillet with a tiny drizzle of oil, tossing, until steaming — the microwave makes fried rice gummy.

Common mistakes:
- Using fresh, warm rice: the number-one cause of mushy fried rice. Cold and dry is the rule.
- Drowning it in soy sauce: yakimeshi is lightly seasoned, not dark and salty. Measure the 3 tbsp.
- Overcrowding the pan: if the rice piles up and steams instead of sizzling, fry it in two batches.",6,45,,garlic-shrimp-yakimeshi.webp
176,Ginger Beef & Edamame Rice,Japanese,545,33,69,13,"- 1¼ lb flank steak
- 2 cups frozen shelled edamame, thawed
- 2½ cups dry short-grain white rice

For the ginger marinade:
- 3 tbsp soy sauce
- 2 tbsp mirin
- 2 tbsp sake
- 2 tbsp grated fresh ginger (about a 2-inch piece)
- 3 garlic cloves, minced
- 1 tbsp brown sugar

To finish:
- 1 tbsp neutral oil (canola or vegetable)
- 1 tsp toasted sesame oil
- 4 green onions, thinly sliced
- 1 tbsp toasted sesame seeds","1. Mise en place: everything chopped, measured, and set out before any heat goes on. Get the rice cooking: rinse 2½ cups short-grain rice, combine with 3 cups water in a pot, bring to a boil, stir once, cover, cook on low 15 minutes, rest 10 minutes, fluff. Slice the flank steak: look for the long lines (the grain) running through the meat and cut ACROSS them into thin strips about 1/4 inch thick — cutting against the grain is what keeps flank steak tender. Grate the ginger and mince the garlic. Whisk all the marinade ingredients in a bowl, add the beef strips, and marinate 15 minutes at room temperature (up to 30 minutes; no longer or the texture softens too much).

2. Sear the beef. Heat a large skillet or wok over high heat until a drop of water sizzles violently. Add the 1 tbsp neutral oil and swirl. Lift the beef out of the marinade with tongs, letting the excess drip off (reserve the marinade in the bowl). Sear the beef in a single layer — work in two batches — 60-90 seconds per side, until the edges are deeply browned. Remove to a plate. Thin strips cook fast; pull them while the centers still show a hint of pink. (If the beef is gray and swimming in liquid, the pan was crowded or not hot enough.)

3. Make the pan sauce. Pour the reserved marinade into the hot pan — it will bubble furiously. Boil 1-2 minutes, stirring, until slightly thickened and syrupy. This step is mandatory: the marinade touched raw beef, so it must come to a full boil to be safe.

4. Finish. Return the beef to the pan along with the thawed edamame. Toss 1 minute, just until the edamame are hot and everything is glossy and coated.

5. Serve over hot rice. Drizzle with the sesame oil and scatter the green onions and sesame seeds over each bowl.

6. Storage and reheating: refrigerate up to 3 days. Reheat in a skillet over medium-high heat with a splash of water, tossing, just until steaming — thin beef strips go tough if reheated twice.

Common mistakes:
- Slicing with the grain: flank steak cut the wrong way is chewy no matter how perfectly you cook it. Find the lines, cut across them.
- Skipping the marinade boil: raw-beef marinade must hit a rolling boil before it becomes sauce.
- Overcooking the strips: 60-90 seconds per side is enough. They finish in the hot sauce.",6,45,,ginger-beef-edamame-rice.webp
177,Ginger Chicken & Bok Choy Rice,Chinese,529,35,68,12,"- 1½ lb boneless, skinless chicken breasts
- 1½ lb baby bok choy
- 2½ cups dry jasmine rice
- 6 cups chicken broth
- 1/4 cup sliced fresh ginger (about a 3-inch piece, cut into coins)
- 6 scallions, cut into 3-inch pieces, plus more sliced for garnish

For the ginger-scallion oil:
- 1/2 cup neutral oil (canola or vegetable)
- 6 scallions, finely minced
- 3 tbsp grated fresh ginger
- 1 tsp kosher salt
- 1 tsp sugar
- 1 tsp rice vinegar

To serve:
- 1 cucumber, thinly sliced
- Soy sauce (optional)","1. Mise en place: everything chopped, measured, and set out before any heat goes on. Slice the ginger into coins about 1/8 inch thick. Cut 6 scallions into 3-inch pieces; finely mince 6 more scallions for the sauce. Grate the ginger for the sauce on the fine holes of a box grater. Trim the root ends off the bok choy and rinse the leaves well — grit hides between them. Rinse the rice in a fine-mesh strainer until the water runs mostly clear. Slice the cucumber.

2. Poach the chicken. In a large pot, combine the 6 cups chicken broth, the sliced ginger, and the 3-inch scallion pieces. Bring to a boil over high heat. Add the chicken breasts, return to the barest simmer — small lazy bubbles, not a rolling boil — and cook 12-15 minutes, until the thickest part reads 165F on an instant-read thermometer. (A hard boil makes chicken tough and stringy; gentle is the whole secret.) Lift the chicken to a plate and rest 5 minutes. Keep the broth at a low simmer — you need it for the rice and the bok choy.

3. Make the ginger-scallion oil. While the chicken poaches, put the minced scallions, grated ginger, salt, and sugar in a heatproof bowl. Heat the 1/2 cup neutral oil in a small saucepan until it shimmers and just begins to smoke. Carefully pour the hot oil over the scallion mixture — it will sizzle violently, so stand back. Stir in the rice vinegar. This sizzling oil is what blooms the raw ginger and scallion into the silky, punchy sauce Hainan chicken rice is famous for.

4. Cook the rice in the poaching broth. Measure 3¾ cups of the hot poaching broth into a medium pot, add the rinsed rice and 1 tbsp of the ginger-scallion oil, and stir once. Bring to a boil, cover, reduce to low, and cook 15 minutes. Rest 10 minutes off the heat, then fluff with a fork. The rice should be fragrant, glossy, and faintly gingery.

5. Blanch the bok choy. Bring the remaining simmering broth back up and add the bok choy. Cook 2-3 minutes, until the leaves are bright green and wilted and the white stems are tender-crisp when pierced with a knife. Lift out with tongs.

6. Slice the chicken across the grain into 1/2-inch slices.

7. Serve. Spoon rice into bowls. Fan the sliced chicken over the rice, lay bok choy alongside, and spoon about 2 tbsp of ginger-scallion oil over each serving. Add cucumber slices on the side and pass soy sauce for anyone who wants it.

8. Storage and reheating: store rice, chicken, bok choy, and oil in separate airtight containers up to 3 days. Reheat the rice with a splash of broth, covered, in the microwave. Warm the chicken gently — 60-90 seconds at 50% power — or it dries out. The ginger-scallion oil keeps 1 week refrigerated; the oil will firm up, so let it sit at room temperature 15 minutes before serving.

Common mistakes:
- Boiling the chicken hard: a rolling boil squeezes the juices out and gives you dry, stringy meat. Bare simmer only.
- Pouring lukewarm oil over the scallions: the oil must be shimmering-hot or you get flat, raw-tasting sauce instead of the signature sizzle-bloomed flavor.
- Skipping the rest: slice too soon and the juices run out onto the cutting board instead of staying in the meat.",6,60,Hainan,ginger-chicken-bok-choy-rice.webp
178,Ginger Pork Donburi,Japanese,505,32,70,9,"- 1¼ lb pork tenderloin
- 2½ cups dry short-grain white rice

For the donburi sauce:
- 2 cups water
- 2 tsp instant dashi granules
- 1/4 cup soy sauce
- 3 tbsp mirin
- 2 tbsp sake
- 2 tbsp sugar
- 2 tbsp grated fresh ginger

For the topping:
- 1 large yellow onion, thinly sliced
- 4 large eggs, lightly beaten
- 1 tbsp neutral oil (canola or vegetable)
- 2 green onions, thinly sliced
- 1 tsp toasted sesame seeds
- Beni shoga (pickled red ginger), optional, for serving","1. Mise en place: everything chopped, measured, and set out before any heat goes on. Get the rice cooking: rinse 2½ cups short-grain rice, combine with 3 cups water, bring to a boil, stir once, cover, cook on low 15 minutes, rest 10 minutes, fluff. Cut the pork tenderloin into 1/2-inch medallions, then cut each medallion into bite-size strips. Slice the onion into thin half-moons about 1/4 inch thick (cut the onion in half top to bottom, then slice across). Beat the eggs lightly in a bowl — you want visible streaks of white and yolk, not a uniform yellow. Grate the ginger. Dissolve the dashi granules in the hot water, then stir in the soy sauce, mirin, sake, sugar, and grated ginger.

2. Sear the pork. Heat the 1 tbsp oil in a large skillet over medium-high heat until shimmering. Add the pork in a single layer and sear 2 minutes per side, until golden-brown at the edges. Check the thickest piece with a thermometer: 145F. Remove to a plate. (Tenderloin is lean — a minute too long and it dries out, so watch it.)

3. Simmer the onion. In the same skillet, pour in the donburi sauce and add the sliced onion. Simmer over medium heat 4-5 minutes, until the onion is completely soft, sweet, and translucent and the sauce smells savory-sweet.

4. Return the pork to the pan and simmer 2 minutes, turning the pieces so they soak up the sauce.

5. Set the egg. Drizzle the beaten egg in ribbons over the pork and onion — pour slowly in a spiral so it lands in strands, not one sheet. Cover the skillet and cook 1-2 minutes, until the egg is just set but still glossy on top. Do not stir or scramble; you want silky ribbons of egg, the hallmark of a real donburi topping.

6. Serve. Fill deep bowls with hot rice. Slide the pork, onion, egg, and a generous spoonful of sauce over the rice — donburi should be glossy and juicy, the sauce soaking slightly into the top of the rice, but not swimming. Garnish with green onions, sesame seeds, and beni shoga if using.

7. Storage and reheating: refrigerate up to 3 days. Reheat covered in a skillet over medium-low heat with a splash of water until steaming. The egg will firm up a bit — that is unavoidable and still delicious.

Common mistakes:
- Scrambling the egg: stirred egg is a different dish. Drizzle, cover, and leave it alone for silky ribbons.
- Cutting the pork too thick: 1/2-inch pieces stay tender; thick chunks turn chewy in the simmer.
- Flooding the bowl: you want the rice glossy with sauce, not soup. Spoon, do not pour.",6,45,,ginger-pork-donburi.webp
179,Gochujang Beef Bowls,Korean,612,32,74,19,"- 1¼ lb 93% lean ground beef
- 2½ cups dry jasmine rice

For the gochujang sauce:
- 1/4 cup gochujang (Korean fermented chili paste)
- 3 tbsp soy sauce
- 2 tbsp honey
- 1 tbsp brown sugar
- 1 tbsp rice vinegar
- 2 tsp toasted sesame oil
- 4 garlic cloves, minced
- 1 tbsp grated fresh ginger

For the bowls:
- 1 tbsp neutral oil (canola or vegetable)
- 1 cup shredded carrots
- 1 cucumber, thinly sliced
- 6 large eggs
- 4 green onions, thinly sliced
- 1 tbsp toasted sesame seeds","1. Mise en place: everything chopped, measured, and set out before any heat goes on. Get the rice cooking: rinse 2½ cups jasmine rice, combine with 3¾ cups water, bring to a boil, stir once, cover, cook on low 15 minutes, rest 10 minutes, fluff. Whisk all the sauce ingredients in a small bowl until smooth. Mince the garlic (chop into pieces smaller than a grain of rice) and grate the ginger. Shred the carrots on the large holes of a box grater. Thinly slice the cucumber and the green onions.

2. Brown the beef. Heat a large skillet over medium-high heat until a drop of water sizzles hard. Add the ground beef and break it into crumbles with a wooden spoon. Now leave it alone: let it sit undisturbed 2-3 minutes so it develops a deep brown crust, then break and turn, repeating for 6-8 minutes total, until no pink remains and the crumbles are well browned. (Constant stirring steams the meat gray; patience browns it.) The beef is done at 160F. If more than a spoonful of fat pools in the pan, tilt and spoon it off.

3. Sauce it. Stir the garlic and ginger into the beef and cook 30 seconds until fragrant. Pour in the gochujang sauce and stir to coat. Reduce the heat to medium and simmer 2-3 minutes, stirring, until the sauce thickens, turns glossy, and clings to every crumble. Taste: this is the moment to balance it. Too fiery? Add another teaspoon of honey. Too sweet or flat? Add another teaspoon of gochujang. Gochujang brands vary wildly in heat, so trust your tongue, not the recipe.

4. Fry the eggs. Heat the 1 tbsp neutral oil in a nonstick skillet over medium heat. Crack in the eggs and cook 2-3 minutes sunny-side up, until the whites are fully set and the yolks are still runny — the runny yolk becomes a second sauce for the bowl. Season with a pinch of salt. (Prefer set yolks? Cover the pan for the last minute.)

5. Assemble. Spoon rice into bowls. Top with a generous scoop of gochujang beef, a handful of shredded carrots, and cucumber slices. Crown each bowl with a fried egg, then scatter green onions and sesame seeds over everything.

6. Storage and reheating: refrigerate the beef and rice up to 4 days in airtight containers; keep cucumbers and carrots separate so they stay crisp. Reheat the beef in a skillet over medium heat with a splash of water until steaming. Fry the eggs fresh — reheated fried eggs are rubbery; leftovers keep 2 days.

Common mistakes:
- Stirring the beef constantly: you get gray steamed crumbles instead of browned, flavorful ones. Let it sit.
- Letting the sugary sauce scorch: once the sauce goes in, keep it at a gentle simmer and keep it moving.
- Skipping the taste-and-adjust: gochujang heat varies by brand, so the honey-to-heat balance must be tuned by tasting.",6,35,,gochujang-beef-bowls.webp
180,Gochujang Salmon Rice Bowls,Korean,647,30,73,25,"- 1½ lb salmon fillet, skin removed, cut into 6 portions
- 2½ cups dry jasmine rice

For the gochujang glaze:
- 1/4 cup gochujang (Korean fermented chili paste)
- 2 tbsp honey
- 2 tbsp soy sauce
- 1 tbsp toasted sesame oil
- 1 tbsp rice vinegar
- 3 garlic cloves, minced
- 1 tbsp grated fresh ginger

For the bowls:
- 1 tbsp neutral oil (canola or vegetable)
- 1 ripe avocado, sliced
- 1 cucumber, thinly sliced
- 4 green onions, thinly sliced
- 1 tbsp toasted sesame seeds
- Lime wedges","1. Mise en place: everything chopped, measured, and set out before any heat goes on. Get the rice cooking: rinse 2½ cups jasmine rice, combine with 3¾ cups water, bring to a boil, stir once, cover, cook on low 15 minutes, rest 10 minutes, fluff. Whisk all the glaze ingredients in a small bowl. Spoon 3 tbsp of the glaze into a separate small bowl and set aside for drizzling — this keeps the serving sauce free of raw-fish contact. Cut the salmon into 6 even portions and pat them very dry with paper towels. Slice the avocado, cucumber, and green onions. Cut the lime into wedges.

2. Glaze the salmon. Brush the salmon portions generously on all sides with the main batch of glaze (not the reserved drizzle portion).

3. Cook the salmon — pick one method. Skillet: heat the 1 tbsp neutral oil in a large skillet over medium-high heat until shimmering. Sear the salmon 3 minutes per side, until the glaze caramelizes to a deep amber and the center reads 125-130F for medium. Oven: arrange on a foil-lined sheet pan and bake at 425F for 10-12 minutes, until 125-130F at the thickest point. Either way, watch the color: the honey and gochujang sugars go from beautifully caramelized to burnt quickly, so medium-high heat, not maximum.

4. Rest the salmon 2 minutes. The temperature will coast up a few degrees and the juices will settle.

5. Assemble. Spoon rice into bowls. Set a salmon portion on each, then arrange avocado and cucumber alongside. Drizzle with the reserved glaze, scatter green onions and sesame seeds, and add lime wedges.

6. Serve with extra lime for squeezing — the acidity is what keeps the rich salmon and sweet heat in balance.

7. Storage and reheating: refrigerate up to 3 days. Reheat gently — microwave at 50% power in 30-second bursts just until warm, or the salmon dries out. Slice the avocado fresh; it does not keep.

Common mistakes:
- Burning the glaze: honey plus high heat equals charcoal. Medium-high, watchful eyes, deep amber — not black.
- Overcooking the salmon: pull it at 125-130F. At 145F+ it is dry, and no glaze can save it.
- Double-dipping the brush: glaze that touched raw fish must never go back on the finished bowl. That is why you reserved the drizzle portion first.",6,40,,gochujang-salmon-rice-bowls.webp
181,Grilled Steak with Tomato Chimichurri Rice,Argentinian,716,47,64,26,"- 2 1/2 lb sirloin steak, about 1 1/2 inches thick
- 1 tsp kosher salt, plus more to taste
- 1/2 tsp black pepper
- 1 tbsp olive oil (for the grill)

For the tomato rice:
- 2 1/2 cups long-grain white rice
- 2 tbsp olive oil
- 1 small yellow onion, finely diced
- 2 tbsp tomato paste
- 3 3/4 cups chicken broth
- 1 tsp kosher salt

For the tomato chimichurri:
- 1 pint cherry tomatoes (about 12 oz)
- 1 1/2 cups packed fresh flat-leaf parsley leaves (about 2 bunches)
- 4 garlic cloves, minced
- 2 tsp dried oregano
- 1/2 tsp red pepper flakes
- 3 tbsp red wine vinegar
- 1/3 cup extra-virgin olive oil
- 1 tsp kosher salt, plus more to taste - taste the sauce before serving and add up to 1/2 tsp more","1. Mise en place: Pat the steak very dry with paper towels and season both sides with the salt and pepper. Let it sit at room temperature for 30 minutes (cold steak sears unevenly). Finely chop the parsley (cut off the thick stems first, then rock your knife through the leaves until fine). Mince the garlic (chop into tiny pieces). Dice the onion (cut into small 1/4-inch cubes). Measure everything else and set it out. Preheat your grill or grill pan to high heat, 450-500F.

2. Make the chimichurri: In a medium bowl, stir together the chopped parsley, garlic, oregano, red pepper flakes, red wine vinegar, and salt. Pour in the olive oil and stir. Set aside for at least 15 minutes so the flavors meld. Taste and add salt up to 1/2 tsp more if it tastes flat.

3. Start the tomato rice: Heat 2 tbsp olive oil in a large pot over medium heat. Add the diced onion and cook 4-5 minutes, stirring, until soft and translucent. Stir in the tomato paste and cook 1-2 minutes until it darkens to a brick-red color and smells sweet. Add the rice and stir for 1 minute to coat every grain. Pour in the chicken broth and add the salt. Bring to a boil, then reduce to low heat, cover with a tight lid, and cook 15 minutes without lifting the lid. Remove from heat and rest, still covered, 10 minutes. Fluff with a fork.

4. Blister the tomatoes: Heat a large dry skillet over high heat with 1 tsp of the grill olive oil. Add the cherry tomatoes in a single layer. Cook 3-4 minutes without moving them, until the skins char and split and some tomatoes burst. Shake the pan once or twice. Season with a pinch of salt and set aside.

5. Grill the steak: Oil the hot grill grates with the remaining olive oil (use tongs and a folded paper towel). Lay the steak on the grill and cook 4-5 minutes per side for medium-rare, until deep char marks form and the steak feels firm but springy when pressed. Check with a thermometer: 130-135F for medium-rare.

6. Rest the steak: Move it to a cutting board, tent loosely with foil, and rest 8-10 minutes. This lets the juices redistribute; cutting too soon spills them onto the board.

7. Finish and plate: Fold the blistered tomatoes into the chimichurri. Slice the steak thinly against the grain (look for the lines running through the meat and cut across them). Spoon the tomato rice into wide bowls, fan the steak slices over the top, and spoon the tomato chimichurri generously over everything.

8. Storage and reheating: Refrigerate leftovers in separate containers up to 4 days. Reheat rice with a splash of water, covered, in the microwave. Warm steak slices gently in a skillet over medium-low heat just until heated through so they stay pink inside.

Common mistakes:
- Slicing with the grain makes even good steak chewy - always cut across the lines.
- Skipping the rest lets all the juice run out onto the cutting board.
- Drowning the steak in chimichurri; it is a spoon-over condiment, not a marinade bath.
- Lifting the rice lid during cooking releases the steam and gives gummy, uneven rice.",6,45,,grilled-steak-with-tomato-chimichurri-rice.webp
182,Herbes de Provence Chicken & Potatoes,French,716,42,39,42,"- 1 whole chicken, about 4 1/2 lb, giblets removed
- 2 tsp kosher salt, plus more to taste
- 1 tsp black pepper

For the herb butter:
- 6 tbsp unsalted butter, softened at room temperature
- 2 tbsp herbes de Provence
- 4 garlic cloves, minced
- 1 tsp lemon zest (about 1 lemon)

- 1 lemon, quartered
- 3 lb Yukon Gold potatoes, cut into 1 1/2-inch chunks
- 2 tbsp olive oil
- 4 sprigs fresh thyme (optional)","1. Mise en place: Take the chicken out of the refrigerator 45 minutes before cooking so it loses its chill and roasts evenly. Remove the giblets from the cavity (check both ends). Pat the chicken VERY dry inside and out with paper towels - dry skin is the secret to crisp, golden skin. Cut the potatoes into 1 1/2-inch chunks (roughly the size of a golf ball). Mince the garlic. Zest the lemon (grate only the yellow outer peel, not the bitter white pith). Quarter the zested lemon. Preheat the oven to 425F with the rack in the middle position.

2. Make the herb butter: In a small bowl, mash the softened butter with the herbes de Provence, minced garlic, lemon zest, 1 tsp of the salt, and 1/2 tsp of the pepper until evenly mixed. It should smell fragrant and look speckled with herbs.

3. Season the chicken: Sprinkle 1 tsp salt inside the cavity. Stuff the lemon quarters inside. Gently slide your fingers under the skin over the breast to loosen it without tearing. Push about half the herb butter under the skin, spreading it over the breast meat. Rub the remaining butter all over the outside of the bird. Tie the legs together with kitchen twine and tuck the wing tips under the body.

4. Prepare the potatoes: Toss the potato chunks with the olive oil, the remaining salt, and pepper. Spread them in a single layer in a large roasting pan. Set the chicken on top of the potatoes (or nestle it in the center with potatoes around it).

5. Roast: Put the pan in the 425F oven and roast 1 hour 15 minutes to 1 hour 30 minutes, until the skin is deep golden brown and crisp, the juices run clear when you pierce the thigh, and a thermometer in the thickest part of the thigh (not touching bone) reads 165F. If the skin browns too fast, tent loosely with foil for the last 20 minutes.

6. Rest: Transfer the chicken to a cutting board, tent loosely with foil, and rest 15-20 minutes. Do not skip this - the juices need time to settle back into the meat.

7. Carve and serve: Cut through the skin between each leg and the breast, then press to pop the hip joint and separate the legs. Slice the breast meat off the bone in thick slices. Arrange on a platter with the roasted potatoes and spoon the pan juices over everything.

8. Storage and reheating: Refrigerate up to 4 days. Reheat covered at 325F with a splash of chicken broth until steaming, about 20 minutes. Save the carcass for stock.

Common mistakes:
- Wet skin never crisps - pat the bird thoroughly dry, inside and out.
- Skipping the rest gives you dry breast meat and juice all over the board.
- Roasting straight from the fridge cooks the outside before the inside is done.
- Under-salting: a whole bird needs the full 2 tsp of salt to taste seasoned.",6,90,Provence,herbes-de-provence-chicken-potatoes.webp
183,Korean Beef & Potato Bowls,Korean,642,25,107,9,"- 3 cups long-grain white rice (for serving)
- 2 lb Yukon Gold or russet potatoes, peeled and cut into 1-inch cubes
- 1 lb ground beef (90% lean)
- 4 green onions, thinly sliced (white and green parts separated)
- 6 garlic cloves, minced
- 1 jalapeño, thinly sliced (optional, for heat)
- 1/2 cup soy sauce
- 3 tbsp sugar
- 1 tbsp toasted sesame oil
- 1 1/2 cups water
- 1 tbsp toasted sesame seeds","1. Mise en place: Peel the potatoes and cut into 1-inch cubes (about the size of dice). Mince the garlic. Slice the green onions, keeping the white bottoms and green tops in separate piles. Slice the jalapeño if using. Measure the soy sauce, sugar, sesame oil, and water. Start the rice in a rice cooker or pot so it is ready when the beef and potatoes finish.

2. Brown the beef: Heat a large heavy pot or Dutch oven over medium-high heat. Add the ground beef and cook 5-6 minutes, breaking it into small crumbles with a wooden spoon, until no pink remains and the edges are browned and sizzling. The beef should reach 160F.

3. Build the flavor base: Stir in the minced garlic, the white parts of the green onions, and the jalapeño. Cook 1 minute until fragrant. Pour in the soy sauce, sprinkle in the sugar, and drizzle in the sesame oil. Stir for 30 seconds until the sugar starts to dissolve.

4. Braise the potatoes: Add the potato cubes and the water. Stir to coat. Bring to a rolling boil, then reduce to a steady simmer over medium heat. Cook 12-15 minutes, stirring gently every few minutes, until the potatoes are fork-tender and the sauce has reduced to a glossy glaze that coats everything. The liquid should be mostly gone, not soupy.

5. Finish: Taste a potato - it should be savory-sweet and tender all the way through. Sprinkle the green onion tops and sesame seeds over the top.

6. Serve: Spoon over bowls of hot steamed rice, making sure each bowl gets plenty of the glazed sauce.

7. Storage and reheating: Refrigerate up to 4 days. The sauce thickens as it sits; reheat in a pot over medium heat with a splash of water, stirring gently so the potatoes do not break apart.

Common mistakes:
- Cutting the potatoes too small turns them to mush before the sauce reduces - keep them a full inch.
- Serving it soupy: let the liquid cook down until it glazes the potatoes.
- Adding the sesame oil at the very start can make it taste bitter; it goes in with the sauce.
- Stirring aggressively breaks the tender potatoes into the sauce.",6,50,,korean-beef-potato-bowls.webp
184,Lemon Chicken Couscous Bowls,Moroccan,621,42,56,23,"- 2 1/2 lb boneless, skinless chicken thighs
- 2 tsp kosher salt, plus more to taste
- 1 tsp black pepper
- 2 tbsp olive oil

For the tagine:
- 1 large yellow onion, thinly sliced
- 4 garlic cloves, minced
- 1 tbsp grated fresh ginger
- 1 tsp ground turmeric
- 1 tsp ground cumin
- 1/2 tsp ground cinnamon
- 1/4 tsp cayenne pepper (optional)
- 1 1/2 cups chicken broth
- 1 large preserved lemon, pulp removed and rind thinly sliced (about 2 oz; find them in the Middle Eastern aisle, or substitute 2 tbsp fresh lemon juice plus 1 tsp zest)
- 3/4 cup pitted green olives (such as Castelvetrano)
- 1/2 cup chopped fresh cilantro, plus more for serving
- 1/4 cup chopped fresh parsley

For the couscous:
- 2 1/2 cups dry couscous
- 2 1/2 cups boiling water or chicken broth
- 2 tbsp olive oil or butter
- 1 tsp kosher salt","1. Mise en place: Pat the chicken thighs dry and season with the salt and pepper. Thinly slice the onion (cut into thin half-moons). Mince the garlic. Grate the ginger (peel the knobby skin first, then grate on the small holes). Remove the pulp from the preserved lemon (scoop out the soft interior with a spoon) and slice the rind into thin strips. Pit the olives if needed. Chop the cilantro and parsley. Measure the spices into one small bowl so they are ready.

2. Sear the chicken: Heat the olive oil in a large Dutch oven over medium-high heat until shimmering. Sear the chicken thighs 4-5 minutes per side until deep golden brown. Work in two batches so the pan is not crowded. Set the chicken aside on a plate.

3. Soften the onion: Reduce the heat to medium. Add the sliced onion to the same pot and cook 8-10 minutes, stirring, until soft and golden at the edges. Add the garlic, ginger, turmeric, cumin, cinnamon, and cayenne. Stir 1 minute until very fragrant - the spices should smell toasty, not raw.

4. Braise: Pour in the chicken broth and scrape up all the browned bits from the bottom of the pot. Return the chicken to the pot. Bring to a gentle simmer, cover, and cook 30 minutes, turning the chicken once halfway through.

5. Finish the tagine: Stir in the preserved lemon strips and the olives. Simmer uncovered 10-15 minutes more, until the sauce thickens enough to coat a spoon and the chicken is fall-apart tender. Thighs are best around 175F. Stir in the cilantro and parsley. Taste and add salt only if needed - the preserved lemon and olives are already salty.

6. Make the couscous: While the tagine finishes, put the dry couscous, salt, and olive oil in a large heatproof bowl. Pour the boiling water over it, stir once, cover tightly, and let stand 5 minutes without peeking. Uncover and fluff with a fork until the grains separate.

7. Serve: Spoon couscous into wide bowls, top with chicken thighs and plenty of sauce, and shower with extra cilantro.

8. Storage and reheating: Refrigerate up to 4 days, stored separately from the couscous. This dish tastes even better the next day. Reheat gently on the stove with a splash of water.

Common mistakes:
- Using fresh lemon instead of preserved lemon makes the sauce harsh and one-dimensional; preserved lemon is mellow and floral.
- Adding the olives at the start turns them mushy and gray - they go in at the end.
- Peeking at the couscous before 5 minutes lets the steam escape and leaves gummy clumps.
- Skipping the sear gives you pale chicken and a thin-tasting sauce.",6,60,,lemon-chicken-couscous-bowls.webp
185,Lemon Garlic Salmon Risotto,Italian,636,32,49,30,"- 1 1/2 lb salmon fillet, skin on, cut into 6 portions
- 1 tsp kosher salt, plus more to taste
- 1/2 tsp black pepper
- 2 tbsp olive oil

For the risotto:
- 6 to 7 cups chicken broth, kept hot
- 2 tbsp olive oil
- 1 medium yellow onion, finely diced
- 4 garlic cloves, minced
- 2 cups arborio rice (do not rinse)
- 1/2 cup dry white wine (such as Pinot Grigio)
- 1 tbsp lemon zest (about 2 lemons)
- 3 tbsp fresh lemon juice
- 4 tbsp cold unsalted butter, cubed
- 3/4 cup grated Parmesan, plus more for serving
- 1/4 cup chopped fresh parsley","1. Mise en place: Pour the chicken broth into a saucepan and keep it at a bare simmer over low heat the entire time you cook - hot stock is non-negotiable for risotto. Dice the onion (cut into small 1/4-inch cubes). Mince the garlic. Zest the lemons (grate only the yellow peel), then juice them. Cut the cold butter into cubes and keep it refrigerated until the end. Grate the Parmesan. Pat the salmon portions dry and season with the salt and pepper. Measure the rice - do NOT rinse it; the surface starch is what makes risotto creamy.

2. Sear the salmon: Heat 2 tbsp olive oil in a large skillet over medium-high heat until shimmering. Lay the salmon portions skin-side down and press gently for 10 seconds so the skin stays flat. Cook 4-5 minutes without moving until the skin is crisp and the flesh has turned opaque about two-thirds of the way up. Flip and cook 1-2 minutes more. The salmon is done at 125-130F for medium - it should flake easily but still look slightly translucent in the very center. Set aside on a warm plate.

3. Soften the aromatics: In a large heavy pot or Dutch oven, heat 2 tbsp olive oil over medium heat. Add the diced onion and cook 4-5 minutes until soft and translucent. Add the garlic and cook 30 seconds until fragrant.

4. Toast the rice (tostatura): Add the arborio rice and stir constantly for 2 minutes. The grains should turn pearly at the edges with a white dot in the center, and smell faintly nutty. This step keeps the grains distinct instead of mushy.

5. Deglaze: Pour in the white wine. It will hiss and steam. Stir until the wine is almost completely absorbed and the sharp alcohol smell cooks off, about 2 minutes.

6. Add stock ladle by ladle: Add 1 cup of hot broth and stir fairly often (you do not need to stir nonstop, but do not walk away). When the liquid is mostly absorbed and the rice looks creamy, add another cup. Repeat for 18-20 minutes total. Taste at 18 minutes: the rice should be tender with a slight bite in the center (al dente). You may not need all the broth; stop when it is creamy and flowing, not stiff.

7. Finish with lemon and mantecatura: Stir in the lemon zest and lemon juice. Remove the pot from the heat. Add the cold butter cubes and the Parmesan and beat vigorously with a wooden spoon for 1 minute until glossy and creamy. This off-heat beating is called mantecatura and it is what makes risotto silky. Let it rest 2 minutes. Taste and add salt if needed.

8. Serve: Spoon the risotto into warm shallow bowls. Lay a salmon portion on top of each, letting it flake slightly into the rice. Shower with parsley and extra Parmesan.

9. Storage and reheating: Refrigerate up to 2 days. Risotto firms up cold; reheat gently in a pot with a splash of broth, stirring, until creamy again. Do not microwave the salmon to rubber - warm it separately and gently.

Common mistakes:
- Adding cold or room-temperature stock stalls the cooking and makes gummy risotto - keep it simmering.
- Rinsing the rice washes away the starch that creates the creamy texture.
- Adding the lemon juice early in the cooking makes it taste bitter; it goes in at the end.
- Cooking the salmon IN the risotto overcooks it into dry flakes - cook it separately.",6,55,,lemon-garlic-salmon-risotto.webp
186,Lemon Salmon & Olive Potatoes,Greek,658,35,40,38,"- 3 lb Yukon Gold potatoes, peeled and cut into wedges
- 1/2 cup extra-virgin olive oil
- 1/2 cup fresh lemon juice (about 3 lemons)
- 1 cup water or chicken broth
- 4 garlic cloves, minced
- 1 tbsp dried oregano, plus more for serving
- 2 tsp kosher salt, plus more to taste
- 1 tsp black pepper
- 1 cup Kalamata olives, pitted
- 2 lb salmon fillet, cut into 6 portions
- Lemon wedges and chopped fresh parsley, for serving","1. Mise en place: Preheat the oven to 400F. Peel the potatoes and cut each into 6-8 long wedges (like thick steak fries). Mince the garlic. Juice the lemons. Pit the olives if needed. Pat the salmon portions dry. In a large roasting pan, whisk together the olive oil, lemon juice, water, garlic, oregano, salt, and pepper.

2. Roast the potatoes: Add the potato wedges to the pan and turn them until every piece is coated in the lemony oil. Spread in a single layer with a little space between pieces - crowding steams them instead of crisping them. Roast 30 minutes, then turn each wedge over with tongs.

3. Add the olives and salmon: Scatter the olives around the potatoes. Season the salmon portions with salt, pepper, and a pinch of oregano, drizzle with a spoonful of the pan juices, and nestle them among the potatoes. Do not let the salmon sit in the lemon juice longer than 15 minutes total - the acid starts to ""cook"" the flesh like ceviche.

4. Finish roasting: Roast 12-15 minutes more, until the potatoes are golden with crisp edges and tender inside (a knife slides in easily) and the salmon is just opaque and flakes with a fork. The salmon is done at 125-130F for medium. The pan liquid should be mostly absorbed into a glossy lemony sauce.

5. Rest and serve: Let the pan rest 5 minutes. Transfer potatoes, olives, and salmon to a platter or plates, spoon the pan sauce over everything, and finish with lemon wedges, parsley, and an extra pinch of oregano.

6. Storage and reheating: Refrigerate up to 3 days. Reheat in a 350F oven until warmed through, about 12 minutes; the microwave makes the potatoes soggy and the salmon rubbery.

Common mistakes:
- Crowding the pan gives you steamed, pale potatoes instead of crisp, golden ones - use two pans if needed.
- Letting the salmon marinate in lemon juice too long turns the outside mushy and chalky.
- Waiting for the salmon to ""look done"" all the way through in the oven means it is overdone on the plate - pull it at 125-130F and let carryover heat finish it.
- Skipping the mid-roast turn leaves one side of every potato pale.",6,55,,lemon-salmon-olive-potatoes.webp
187,Lemongrass Chicken Rice Bowls,Vietnamese,633,40,78,15,"- 3 cups jasmine rice (for serving)
- 2 1/2 lb boneless, skinless chicken thighs, cut into 1-inch pieces

For the marinade:
- 4 stalks lemongrass, tough outer layers removed, finely minced (about 1/2 cup)
- 4 garlic cloves, minced
- 2 Thai bird chiles, thinly sliced (or 1/2 tsp red pepper flakes)
- 3 tbsp fish sauce
- 2 tbsp sugar
- 1 tbsp neutral oil (such as avocado oil)

For the bowls:
- 3 tbsp neutral oil, divided
- 1/2 cup water
- 1 cucumber, thinly sliced
- 1/2 cup fresh cilantro leaves
- 4 green onions, thinly sliced
- Lime wedges, for serving","1. Mise en place: Trim the woody base off each lemongrass stalk and peel away the tough outer layers until you reach the pale, tender core. Bruise it with the flat of your knife, slice it into thin rings, then mince very fine - woody chunks are unpleasant to chew, so take your time here. Mince the garlic. Slice the chiles. Cut the chicken into 1-inch pieces (about the size of a large grape). Slice the cucumber and green onions. Start the jasmine rice.

2. Marinate: In a large bowl, toss the chicken with the minced lemongrass, garlic, chiles, fish sauce, sugar, and 1 tbsp oil. Mix well so every piece is coated. Let stand at room temperature for 30 minutes (or refrigerate up to overnight for deeper flavor).

3. Sear the chicken: Heat a large wok or heavy skillet over high heat until it just starts to smoke. Add 1 1/2 tbsp oil and swirl. Add HALF the chicken in a single layer - crowding steams the meat instead of searing it. Cook 5-6 minutes, turning once, until charred at the edges and cooked through to 165F. Transfer to a plate and repeat with the remaining chicken and oil.

4. Make the glaze: Return all the chicken to the hot pan. Pour in the 1/2 cup water and scrape up the browned bits. Simmer 3-4 minutes, stirring, until the liquid reduces to a sticky, glossy glaze that coats the chicken. The kitchen should smell intensely of lemongrass and caramelized fish sauce.

5. Build the bowls: Spoon hot jasmine rice into bowls. Pile the glazed lemongrass chicken over the rice. Fan cucumber slices alongside, then shower with cilantro, green onions, and a squeeze of lime.

6. Storage and reheating: Refrigerate up to 4 days. Reheat in a skillet over medium heat with a splash of water to loosen the glaze, or microwave covered.

Common mistakes:
- Crowding the pan gives you gray, steamed chicken with no char - sear in two batches.
- Using the tough green tops of the lemongrass leaves woody fibers in the dish; only the pale tender base is edible.
- Cranking the heat to maximum after adding the sugar burns it bitter - keep it at medium-high once the chicken is seared.
- Skipping the water-and-reduce step leaves the chicken dry; the glaze is the whole point.",6,45,,lemongrass-chicken-rice-bowls.webp
188,Lemongrass Pork Rice Plates,Vietnamese,732,46,91,17,"- 3 cups jasmine rice (broken rice if you can find it at an Asian market - that is the Saigon original)
- 2 1/2 lb boneless pork chops, about 3/4 inch thick

For the marinade:
- 3 stalks lemongrass, tough outer layers removed, finely minced
- 4 garlic cloves, minced
- 1/4 cup fish sauce
- 2 tbsp soy sauce
- 1/4 cup sugar
- 2 tbsp neutral oil (such as avocado oil)

For the nuoc cham (dipping sauce):
- 1/4 cup fish sauce
- 1/4 cup water
- 3 tbsp sugar
- 2 tbsp fresh lime juice
- 1 garlic clove, minced
- 1 Thai chile, thinly sliced

For the quick pickles:
- 1 cup julienned carrot
- 1 cup julienned daikon radish (or use all carrot)
- 1/2 cup rice vinegar
- 1/2 cup water
- 2 tbsp sugar
- 1 tsp kosher salt

For serving:
- 1/4 cup neutral oil
- 6 green onions, thinly sliced
- 1 cucumber, thinly sliced
- Fresh cilantro sprigs","1. Mise en place: Mince the lemongrass (use only the pale tender core, minced very fine). Mince the garlic. Julienne the carrot and daikon (cut into thin matchsticks). Slice the green onions and cucumber. Make the marinade and the pickles before anything else, since the pork needs marinating time.

2. Marinate the pork: In a large bowl or zip-top bag, combine the lemongrass, garlic, fish sauce, soy sauce, sugar, and oil. Add the pork chops and massage the marinade into the meat. Refrigerate at least 2 hours, or overnight for the deepest flavor.

3. Make the nuoc cham: Whisk the fish sauce, water, sugar, lime juice, garlic, and chile in a small bowl until the sugar dissolves completely. Taste - it should be a bold balance of salty, sweet, and sour. Adjust with a squeeze more lime if it tastes flat. Set aside at room temperature.

4. Quick-pickle the vegetables: In a bowl, whisk the rice vinegar, water, sugar, and salt until dissolved. Add the carrot and daikon matchsticks, press them under the liquid, and let stand at least 30 minutes. Drain before serving.

5. Cook the rice: Rinse the jasmine rice until the water runs mostly clear, then cook in a rice cooker or pot (3 cups rice to 3 1/2 cups water). Keep warm.

6. Grill the pork: Pound the chops lightly to an even 3/4-inch thickness so they cook evenly. Heat a grill, grill pan, or broiler to medium-high heat. Grill the chops 5-6 minutes per side until nicely charred at the edges and the internal temperature reads 145F. Watch closely - the sugar in the marinade burns fast over high heat. If flare-ups happen, move the chops to a cooler spot.

7. Rest and slice: Transfer the pork to a cutting board and rest 3 minutes. Slice thinly across the grain.

8. Make the scallion oil: Heat the 1/4 cup oil in a small pan until shimmering (not smoking). Put the sliced green onions in a heatproof bowl with a pinch of salt and pour the hot oil over them. They will sizzle and turn vivid green.

9. Plate Saigon-style: Mound rice on each plate. Arrange sliced pork beside it. Add a tangle of drained pickles, cucumber slices, and cilantro. Drizzle a spoonful of scallion oil over the rice. Serve the nuoc cham in small bowls on the side for spooning over everything.

10. Storage and reheating: Refrigerate pork, rice, and pickles separately up to 4 days. Reheat pork gently in a covered skillet over medium-low heat with a splash of water so it stays juicy. The pickles keep 2 weeks.

Common mistakes:
- Blasting sugary marinated pork over maximum heat chars it black before the inside cooks - medium-high with attention is right.
- Skipping the rest lets the juices escape and leaves dry pork.
- Forgetting to dissolve the sugar in the nuoc cham leaves gritty sauce - whisk until completely clear.
- Serving the pork unsliced: thin slices across the grain are what make each bite tender.",6,60,Saigon,lemongrass-pork-rice-plates.webp
189,Miso Butter Cod & Bok Choy,Japanese,579,44,72,9,"- 2 1/2 cups jasmine rice (for serving)
- 2 1/2 lb cod fillets, 1 to 1 1/2 inches thick, cut into 6 portions
- 1 tsp kosher salt

For the miso butter glaze:
- 1/3 cup white miso paste
- 3 tbsp unsalted butter, softened
- 2 tbsp mirin (sweet Japanese rice wine)
- 1 tbsp sugar

For the bok choy:
- 2 lb baby bok choy, halved lengthwise
- 1 tbsp neutral oil (such as avocado oil)
- 3 garlic cloves, thinly sliced
- 2 tbsp water
- 1 tsp soy sauce
- 1 tsp toasted sesame seeds (optional)","1. Mise en place: Preheat the oven to 400F and line a sheet pan with foil (miso drips burn onto bare pans). Pat the cod portions very dry with paper towels and season lightly with the salt. Halve the bok choy lengthwise through the core so the leaves stay attached. Thinly slice the garlic. Whisk the miso, softened butter, mirin, and sugar in a small bowl until completely smooth. Start the jasmine rice.

2. Glaze the cod - thinly: Spread a THIN, even layer of the miso butter over the top and sides of each fillet. A thick coat will burn before the fish cooks through; you want a film, not a frosting. Choose fillets at least 1 inch thick - thin tail pieces dry out before the glaze caramelizes.

3. Bake: Arrange the fillets on the prepared pan with space between them. Bake 10-12 minutes, until the fish is nearly opaque all the way through and flakes gently when nudged with a fork.

4. Broil - and do not walk away: Switch the oven to broil on high. Broil the cod 1-2 minutes, watching it every second, until the glaze bubbles and turns deep golden with a few caramelized spots. The sugars in the miso and mirin go from caramelized to burnt in under a minute. The fish is done when it reaches 145F in the thickest part and flakes easily.

5. Sauté the bok choy: While the cod bakes, heat 1 tbsp oil in a large skillet over medium-high heat. Add the garlic and cook 30 seconds until fragrant but not brown. Add the bok choy cut-side down in a single layer. Cook 2 minutes until the cut sides are golden. Add the water, cover, and steam 2-3 minutes until the stems are tender-crisp and the leaves are bright green and wilted. Splash with the soy sauce and toss.

6. Serve: Spoon jasmine rice into bowls. Arrange the bok choy beside the rice, lay a glazed cod fillet on top, and sprinkle with sesame seeds if using.

7. Storage and reheating: Refrigerate up to 3 days. Reheat gently in a 300F oven, covered with foil, until just warmed through - high heat makes cod rubbery and the glaze bitter.

Common mistakes:
- A thick layer of miso glaze burns to bitter black before the fish is done - thin film only.
- Walking away during the 1-2 minute broil; miso sugars caramelize and then burn almost instantly.
- Using thin fillets: they overcook and dry out before the glaze gets its golden color.
- Overcooking the bok choy until olive-drab and mushy - it should stay bright green with bite in the stems.",6,40,,miso-butter-cod-bok-choy.webp
190,Miso Chicken & Zucchini Rice,Japanese,607,44,80,8,"- 3 cups jasmine rice (for serving)
- 2 lb boneless, skinless chicken breasts

For the miso glaze:
- 1/4 cup white miso paste
- 2 tbsp unsalted butter, softened
- 1 tbsp mirin (sweet Japanese rice wine)
- 1 tbsp soy sauce
- 1 tsp grated fresh ginger

- 1 1/2 lb zucchini, halved lengthwise and cut into 1/2-inch half-moons
- 1 tbsp neutral oil (such as avocado oil)
- 1 tsp toasted sesame oil (optional, for finishing)
- 2 green onions, thinly sliced
- 1 tsp toasted sesame seeds","1. Mise en place: Start the jasmine rice. Whisk the miso, softened butter, mirin, soy sauce, and grated ginger in a small bowl until smooth. Cut the zucchini into half-moons (slice the zucchini in half lengthwise, then cut across into 1/2-inch pieces). Slice the green onions. Pound the chicken breasts to an even 3/4-inch thickness (cover with plastic wrap and pound the thick end down) so they cook evenly. Pat dry and season lightly with salt.

2. Sear the chicken: Heat 1 tbsp neutral oil in a large skillet over medium-high heat until shimmering. Add the chicken and sear 5-6 minutes per side without moving it, until deep golden brown. The chicken should reach about 160F at this point.

3. Glaze - only at the end: Brush the miso glaze generously over the tops of the chicken pieces. Cook 1-2 minutes more, turning once, until the glaze bubbles and caramelizes in spots and the chicken reaches 165F in the thickest part. Miso is full of sugar and burns fast, which is why the glaze goes on last, never at the start.

4. Rest: Transfer the chicken to a plate and rest 5 minutes. Do not wipe out the skillet - those caramelized bits flavor the zucchini.

5. Sauté the zucchini: Return the skillet to medium-high heat. Add the zucchini in a single layer (work in two batches if needed) and cook 4-5 minutes, turning once, until golden-brown on the cut sides and crisp-tender - a knife should meet slight resistance. Season with a pinch of salt. Drizzle with the sesame oil if using.

6. Serve: Slice the rested chicken across the grain. Spoon jasmine rice into bowls, arrange zucchini over the rice, fan the sliced chicken on top, and drizzle with any glaze left in the skillet. Finish with green onions and sesame seeds.

7. Storage and reheating: Refrigerate up to 4 days. Reheat gently in a covered skillet over medium-low heat with a splash of water; the microwave can toughen the chicken.

Common mistakes:
- Brushing the miso glaze on at the start burns it to bitter black long before the chicken cooks through.
- Skipping the pounding leaves you with a dry thin end and a raw thick end.
- Crowding the zucchini steams it into a soggy pile - give each piece contact with the pan.
- Overcooking the chicken breasts past 165F; carryover heat takes them the rest of the way during the rest.",6,40,,miso-chicken-zucchini-rice.webp
191,Orange-Ginger Chicken & Broccoli,Chinese,496,31,62,14,"- 1 3/4 lb boneless, skinless chicken thighs, cut into 1-inch pieces

For the velveting marinade:
- 2 tbsp soy sauce
- 1 tbsp Shaoxing wine (or dry sherry)
- 1 tbsp cornstarch
- 1 tbsp water

For the orange-ginger sauce:
- 1 cup fresh orange juice (about 3 large oranges)
- 1 tbsp orange zest (from 1 large orange)
- 1/4 cup soy sauce
- 3 tbsp honey
- 2 tbsp rice vinegar
- 1 tbsp cornstarch
- 1 tbsp fresh ginger, grated (about a 1-inch piece)
- 2 garlic cloves, minced
- 1/2 tsp red pepper flakes

For cooking and serving:
- 1 1/2 lb broccoli florets (about 8 cups)
- 1 1/2 cups jasmine rice, dry
- 3 tbsp neutral oil (such as avocado or canola), divided
- 2 tsp toasted sesame oil
- 1 tsp sesame seeds
- 2 green onions, thinly sliced
- 1 tsp kosher salt, plus more to taste - taste the sauce before serving and add up to 1/2 tsp more","1. Mise en place (get everything ready before any heat goes on). Dice nothing here, but do this prep: Cut the chicken thighs into 1-inch pieces (about the size of a walnut). Cut the broccoli into bite-size florets (little tree shapes, stems trimmed short). Mince the garlic (chop into tiny pieces). Grate the ginger on the small holes of a box grater until you have 1 tbsp. Zest the orange (scrape just the orange part of the peel with a grater, not the white pith) and squeeze 1 cup of juice. Measure the rice, the oil, and everything for the sauce. Slice the green onions thinly into little rings.

2. Velvet the chicken. In a medium bowl, whisk the 2 tbsp soy sauce, Shaoxing wine, 1 tbsp cornstarch, and 1 tbsp water until smooth. Add the chicken pieces and toss until every piece is coated in a thin slippery glaze. Set aside for 15 minutes at room temperature. (Velveting is the classic Chinese technique that gives stir-fried meat its silky, tender texture.)

3. Make the sauce. In a separate bowl or large measuring cup, whisk together the orange juice, orange zest, 1/4 cup soy sauce, honey, rice vinegar, 1 tbsp cornstarch, ginger, garlic, and red pepper flakes until the cornstarch disappears. Set it by the stove - stir-frying moves fast and you will want it within arm's reach.

4. Cook the rice. Rinse the rice in a fine-mesh strainer under cold water until the water runs mostly clear. Put it in a medium saucepan with 2 1/4 cups water and 1/2 tsp of the kosher salt. Bring to a boil over high heat, then drop the heat to low, cover with a tight lid, and cook 15 minutes without lifting the lid. Turn off the heat and let it stand, covered, 10 minutes, then fluff with a fork.

5. Sear the broccoli. Heat 1 tbsp of the neutral oil in a large wok or 12-inch skillet over high heat until it shimmers and just starts to smoke. Add the broccoli in a single layer (work in two batches if needed) and let it sit undisturbed 2 minutes so the edges char. Stir-fry 3-4 minutes more, tossing every minute, until bright green with browned spots and crisp-tender when you bite a stem. Sprinkle with 1/4 tsp salt, transfer to a plate, and set aside.

6. Sear the chicken. Add the remaining 2 tbsp neutral oil to the same hot pan. Lift the chicken out of its marinade with tongs (leave the thin coating on the meat; discard any pooled liquid in the bowl). Add the chicken in a single layer - do not crowd, or it will steam instead of sear. Cook undisturbed 3-4 minutes until deep golden brown on the bottom, then flip and cook 3-4 minutes more until the other side is golden and the thickest piece reads 165F on an instant-read thermometer.

7. Sauce it. Give the orange-ginger sauce a quick re-whisk (the cornstarch settles) and pour it over the chicken. It will bubble and sizzle immediately. Return the broccoli to the pan. Cook over medium-high heat 2-3 minutes, tossing constantly, until the sauce turns glossy and thick enough to coat the back of a spoon and cling to the chicken. Taste and add up to 1/2 tsp more salt if you like.

8. Finish and serve. Drizzle the toasted sesame oil over everything and toss once. Spoon the rice into wide bowls, pile the chicken and broccoli over it, and shower with the sliced green onions and sesame seeds. Serve right away while the sauce is glossy and the broccoli still has bite.

9. Storage and reheating. Cool leftovers within 2 hours, then refrigerate in an airtight container up to 4 days. Reheat in a skillet over medium heat with a splash of water (2-3 tbsp) for 4-5 minutes, stirring, until steaming hot - the microwave makes the broccoli rubbery. Freeze up to 2 months; thaw overnight in the fridge.

Common mistakes:
- Crowding the chicken in the pan - pieces steam instead of sear. Cook in two batches if your pan is smaller than 12 inches.
- Skipping the sauce re-whisk - cornstarch sinks to the bottom and the sauce turns lumpy instead of glossy.
- Bottled orange juice concentrate - it is too sweet and flat; fresh-squeezed juice is what makes the glaze bright.",6,45,,orange-ginger-chicken-broccoli.webp
192,Parmesan Cod & Pea Risotto,Italian,598,40,62,19,"- 1 3/4 lb cod fillets, cut into 2-inch chunks (about 12 pieces)
- 2 cups Arborio rice (do not rinse it - the starch on the grains is what makes risotto creamy)
- 7 cups chicken stock (or light fish stock)
- 1/2 cup dry white wine
- 1 large yellow onion, finely diced (cut into small 1/4-inch cubes)
- 2 tbsp olive oil
- 2 tbsp unsalted butter
- 2 cups frozen peas
- 1 cup freshly grated Parmesan cheese (about 3 1/2 oz)
- 3 tbsp cold unsalted butter, cut into small cubes
- 1 tsp lemon zest
- 2 tbsp fresh parsley, chopped
- 2 tbsp fresh lemon juice
- 1 1/2 tsp kosher salt, plus more to taste - taste before serving and add up to 1/2 tsp more
- 1/2 tsp black pepper","1. Mise en place. Pour the stock into a medium saucepan and bring it to a gentle simmer over medium heat, then keep it barely simmering with the lid ajar for the whole cook - adding warm stock to the rice is essential. Dice the onion into 1/4-inch cubes. Cut the cod into 2-inch chunks and pat them very dry with paper towels; season them with 1/2 tsp of the salt and the black pepper. Zest the lemon, chop the parsley, grate the Parmesan, and cube the cold butter (keep the butter cold in the fridge until the end). Measure the rice, wine, peas, and olive oil and set everything by the stove.

2. Sweat the onion. Heat the olive oil and 2 tbsp butter in a wide, heavy pot or Dutch oven over medium heat until the butter melts and foams. Add the onion and 1/2 tsp salt and cook 6-8 minutes, stirring often, until soft, sweet-smelling, and translucent but not browned.

3. Tostatura (toasting the rice). Add the Arborio rice to the pot and stir with a wooden spoon so every grain is coated in the fat. Cook 2-3 minutes, stirring constantly, until the grains look pearly and the edges turn translucent with a tiny white dot still visible in the center, and you hear a faint crackling. Do not let the rice brown.

4. Deglaze with wine. Pour in the white wine. It will hiss and steam - stir and scrape the bottom of the pot until the wine is almost completely absorbed and the sharp alcohol smell fades, about 1-2 minutes.

5. Ladle by ladle. Now the patient part: add warm stock one ladle (about 3/4 cup) at a time. After each addition, stir frequently - not frantically, just a slow steady sweep every 30 seconds or so - and wait until the liquid is nearly absorbed before adding the next ladle. You will see the grains release starch and the liquid turn creamy. Keep the heat at a steady gentle simmer; if the stock vanishes in seconds, turn the heat down. Continue 18-20 minutes.

6. Peas and the final ladles. When the rice has been cooking about 15 minutes and is close but still firm in the center, stir in the frozen peas with the next ladle of stock. Keep going until the rice is al dente - tender with the faintest bite in the center - about 20-22 minutes total. You may not need all the stock; stop when the texture is right. The finished risotto should be loose and creamy, flowing slowly when you tilt the pot (Italians call this ""all'onda,"" like a wave), not stiff like oatmeal.

7. Fold in the cod. Gently nestle the seasoned cod chunks into the hot risotto, pushing them just under the surface. Cover the pot and let it stand OFF the heat for 4-5 minutes. The trapped steam finishes cooking the fish delicately - it should be opaque and flake easily, reaching 145F inside. Do not stir at this stage or the fish will break apart.

8. Mantecatura (the creamy finish). Uncover, pull the pot off the burner, and add the cold butter cubes, the grated Parmesan, the lemon zest, and the lemon juice. Beat vigorously with a wooden spoon for a full minute until the butter and cheese melt into the starch and the risotto turns glossy and silky. This step must happen off the heat or the cheese goes stringy. Taste and add up to 1/2 tsp more salt.

9. Serve immediately. Spoon into warm shallow bowls, scatter the parsley over each, and serve at once. Risotto waits for no one - it stiffens within minutes. If it tightens on the way to the table, stir in a splash of warm stock.

10. Storage and reheating. Risotto is at its best the moment it is made, but leftovers keep in the fridge up to 3 days in an airtight container. Reheat gently in a saucepan over medium-low heat with a splash of stock, stirring, until hot and creamy again. Do not freeze - the rice turns grainy. To reuse leftovers, shape cold risotto into balls, coat in breadcrumbs, and pan-fry into arancini.

Common mistakes:
- Adding cold stock to the rice - it shocks the grains and the risotto cooks unevenly. Keep the stock at a bare simmer the whole time.
- Rinsing the Arborio rice - you wash away the surface starch that creates the creaminess.
- Adding the Parmesan over the heat - the cheese seizes and turns stringy instead of melting into silk.
- Overcooking the cod - it only needs the covered rest; simmering it in the pot turns it to mush.",6,55,Veneto,parmesan-cod-pea-risotto.webp
193,Parmesan Trout with Pea Orzo,Italian,584,43,48,23,"- 6 skin-on trout fillets, about 5-6 oz each
- 12 oz orzo pasta, dry
- 1 1/2 cups frozen peas
- 3/4 cup freshly grated Parmesan cheese (about 2 1/2 oz)
- 3 tbsp unsalted butter
- 2 tbsp olive oil, divided
- 3 garlic cloves, minced (chopped into tiny pieces)
- 2 tbsp fresh lemon juice (about 1 lemon)
- 2 tbsp fresh parsley, chopped
- 1 1/2 tsp kosher salt, plus more to taste - taste the orzo before serving and add up to 1/2 tsp more
- 1/2 tsp black pepper","1. Mise en place. Fill a large pot with water, salt it generously (it should taste like the sea), and set it over high heat to boil. Mince the garlic into tiny pieces. Chop the parsley. Grate the Parmesan. Cut the lemon in half and squeeze 2 tbsp of juice. Pat the trout fillets very dry on both sides with paper towels - dry skin is what crisps. Measure the orzo, peas, butter, and oil and set everything by the stove.

2. Cook the orzo and peas. When the water is at a rolling boil, add the orzo and stir once so it does not stick. Cook 7 minutes, then stir in the frozen peas and cook 2 minutes more, until the orzo is tender with a slight bite and the peas are bright green. Before draining, scoop out 1/2 cup of the starchy pasta water into a mug and set it aside. Drain the rest.

3. Make the pea orzo. Return the drained orzo and peas to the warm pot (off the heat). Add the butter, 1 tbsp of the olive oil, the minced garlic, and the grated Parmesan. Toss with a wooden spoon, splashing in the reserved pasta water a little at a time, until the cheese melts into a light glossy coating on every grain. Stir in the lemon juice and half the parsley. Taste and add up to 1/2 tsp more salt. Cover to keep warm.

4. Crisp the trout. Heat the remaining 1 tbsp olive oil in a large nonstick or cast-iron skillet over medium-high heat until it shimmers. Season the trout flesh side with 1 tsp salt and the pepper. Lay the fillets in the pan SKIN SIDE DOWN, pressing each one flat with a spatula for 10 seconds so the skin makes full contact. Cook undisturbed 4-5 minutes - you will hear a steady sizzle and see the flesh turning opaque from the bottom up. The skin should be deep golden and crisp, and it will release easily from the pan when it is ready.

5. Flip and finish. Turn the fillets over carefully and cook just 1-2 minutes on the flesh side, until the thickest part is opaque all the way through and reads 145F on an instant-read thermometer. Squeeze the lemon juice over the fish in the pan - it will sizzle - then lift the fillets out.

6. Serve. Spoon the pea orzo into shallow bowls, lay a trout fillet on top skin side UP (so the crispy skin stays crisp), and scatter with the remaining parsley. Serve immediately with extra lemon wedges if you like.

7. Storage and reheating. Refrigerate leftovers separately in airtight containers up to 2 days. Reheat the orzo in a skillet over medium heat with a splash of water until hot. Warm the trout gently in a 300F oven for 8-10 minutes - the microwave makes it rubbery. Do not freeze.

Common mistakes:
- Wet fish going into the pan - moisture steams the skin and it never crisps. Pat it truly dry.
- Flipping the fillets early - if the skin sticks, it is not ready. Wait until it releases on its own.
- Putting the fillet skin side down on the plate - the steam trapped underneath softens that beautiful crisp skin.",6,40,,parmesan-trout-with-pea-orzo.webp
194,Patagonian Trout with Crispy Potatoes,Argentinian,525,39,33,26,"- 6 skin-on trout fillets, about 6 oz each
- 2 1/2 lb small Yukon Gold potatoes, scrubbed and halved (quartered if large)
- 1/4 cup olive oil, divided
- 2 tbsp unsalted butter
- 1 large lemon, half cut into wedges and half juiced
- 3 garlic cloves, thinly sliced (cut into thin coins)
- 2 tbsp fresh parsley, chopped
- 1 tsp smoked paprika (optional, for the potatoes)
- 2 tsp kosher salt, plus more to taste - taste a potato before serving and add up to 1/2 tsp more
- 1/2 tsp black pepper","1. Mise en place. Heat the oven to 425F and put a large rimmed sheet pan inside to preheat (a hot pan starts the crisping instantly). Scrub the potatoes and cut them in half - you want flat cut sides to press against the hot pan. Slice the garlic into thin coins. Chop the parsley. Cut the lemon: juice one half into a small bowl, cut the other half into wedges. Pat the trout fillets completely dry with paper towels and set them on a plate in the fridge, uncovered, while you start the potatoes - cold dry skin crisps best.

2. Parboil the potatoes. Put the potatoes in a large pot, cover with cold water by an inch, and add 1 tbsp salt. Bring to a boil over high heat and cook 10-12 minutes, until a knife slides in with just a little resistance - tender at the edges but still firm in the middle. Drain well in a colander and let them steam-dry 2 minutes, shaking the colander once or twice. Rough, dry surfaces turn the crispiest.

3. Roast until crisp. Carefully pull the hot sheet pan from the oven. Pour 3 tbsp of the olive oil onto it and tilt to coat. Arrange the potatoes cut side down in a single layer - you should hear a satisfying sizzle. Sprinkle with 1 tsp salt, the pepper, and the smoked paprika if using. Roast 35-40 minutes, flipping once halfway through, until deep golden brown and shatteringly crisp on the cut sides and fork-tender inside.

4. Score and season the trout. While the potatoes roast, take the trout out of the fridge. With a sharp knife, make 3-4 shallow diagonal slashes through the skin of each fillet, just into the skin and not into the flesh - this keeps the skin from curling and lets it render evenly. Season both sides with the remaining 1 tsp salt.

5. Sear the trout, skin down. Heat the remaining 1 tbsp olive oil in a large skillet (cast iron is ideal) over medium-high heat until it shimmers. Lay the fillets in skin side down and press each flat with a spatula for 10 seconds. Cook undisturbed 5-6 minutes. You will hear a strong sizzle that slowly quiets as the fat renders out; the skin should be deep golden and crisp, and the flesh will have turned opaque about three-quarters of the way up the side of the fillet.

6. Flip and make the lemon-herb butter. Flip the fillets and cook 1 minute more on the flesh side, until the thickest part reads 145F. Remove the fish to a warm plate, skin side up. Drop the heat to medium, add the butter and sliced garlic to the same pan, and swirl 1-2 minutes until the garlic turns pale gold and smells nutty - do not let it brown dark or it turns bitter. Squeeze in the lemon juice (it will bubble), swirl once, and pull off the heat. Stir in the parsley.

7. Serve. Pile the crispy potatoes onto a platter or plates, lay the trout fillets skin side up on top, and spoon the warm lemon-herb garlic butter over everything. Serve the lemon wedges alongside. In Patagonia this fish is treated simply - the crisp skin and the lemon butter are the whole point.

8. Storage and reheating. Refrigerate leftovers in an airtight container up to 2 days. Reheat the potatoes in a 425F oven for 10 minutes to re-crisp; warm the trout gently in a 300F oven 8-10 minutes. The microwave makes both soggy. Do not freeze.

Common mistakes:
- Starting the potatoes on a cold pan - the cut sides steam instead of sear, and you lose the crunch.
- Moving the trout while the skin sears - every touch cools the pan and softens the skin. Lay it down and leave it alone.
- Burning the garlic in the butter - pale gold is perfect; dark brown is bitter. Pull it off the heat the moment it turns.",6,50,Patagonia,patagonian-trout-with-crispy-potatoes.webp
195,Picanha-Style Steak Rice Bowls,Brazilian,607,42,41,30,"- 2 1/2 lb picanha (top sirloin cap) with the fat cap intact
- 2 tbsp coarse kosher salt (or coarse sea salt)
- 1 1/2 cups long-grain white rice, dry

For the vinagrete (Brazilian tomato-onion relish):
- 2 medium tomatoes, diced (cut into 1/2-inch cubes)
- 1/2 small red onion, finely diced
- 1/2 green bell pepper, finely diced
- 1/4 cup olive oil
- 3 tbsp red wine vinegar
- 1/4 cup fresh cilantro or flat-leaf parsley, chopped
- 1 tsp kosher salt, plus more to taste - taste before serving and add up to 1/2 tsp more","1. Mise en place. Take the picanha out of the fridge 30-40 minutes before cooking so it loses its chill. Dice the tomatoes into 1/2-inch cubes for the vinagrete. Finely dice the red onion and green bell pepper. Chop the cilantro or parsley. Measure the rice, vinegar, and oil.

2. Score the fat cap. Pat the picanha dry with paper towels. With a sharp knife, cut a crosshatch (diamond) pattern into the thick white fat cap, cutting about 1/2 inch deep - stay inside the fat and do not cut into the meat. Scoring lets the fat render and crisp instead of shrinking and curling. Rub the entire piece, fat cap and all, generously with the 2 tbsp coarse salt.

3. Cook the rice. Rinse the rice until the water runs mostly clear. Put it in a saucepan with 2 1/4 cups water and 1/2 tsp salt. Bring to a boil, drop to low, cover tightly, and cook 15 minutes. Rest covered 10 minutes off the heat, then fluff.

4. Make the vinagrete. Stir the tomatoes, onion, bell pepper, olive oil, red wine vinegar, cilantro, and 1 tsp salt in a bowl. Taste and add up to 1/2 tsp more salt - it should be bright, juicy, and well seasoned. Set aside at room temperature so the flavors marry.

5. Grill the picanha. Heat a grill to medium-high (about 400-450F). Place the picanha FAT SIDE DOWN directly over the heat and cook 4-5 minutes, until the fat is golden, rendered, and lightly crisped. Flip and sear the meat sides 4-5 minutes per side for medium-rare, until the thickest part reads 130-135F on an instant-read thermometer. (No grill? Sear fat side down in a screaming-hot cast-iron skillet 5 minutes, then finish in a 400F oven 10-15 minutes to 130-135F.) Expect flare-ups from the dripping fat - keep the meat moving and never walk away.

6. Rest and slice. Transfer to a cutting board and rest 10 full minutes - the juices redistribute and the meat stays juicy instead of flooding the board. Slice AGAINST the grain into thin strips (look for the lines of the muscle fibers and cut across them). If you slice with the grain, even this tender cut eats chewy.

7. Build the bowls. Spoon rice into wide bowls, fan the sliced picanha over it, and spoon the vinagrete - with its juices - generously over the top. Serve immediately.

A note on the cut: true picanha is the top sirloin cap with its fat cap left whole. It is rare in American supermarkets, so ask your butcher for ""top sirloin cap"" or ""coulotte"" with the fat cap on - most can cut one with a day's notice. If you truly cannot find it, use a well-marbled top sirloin steak (no fat cap) and add 1 tbsp of olive oil to the pan; it will be delicious but will not render that signature crispy fat.

8. Storage and reheating. Refrigerate leftovers in airtight containers up to 3 days; keep the vinagrete separate. Reheat steak gently in a 275F oven 10-12 minutes to warm without overcooking, or eat it cold over salad - it is excellent both ways. Reheat rice with a splash of water. Freeze the steak (not the vinagrete) up to 2 months.

Common mistakes:
- Trimming off the fat cap - that fat is the flavor and the basting; cook with it on and trim on your plate if you prefer.
- Slicing with the grain - picanha sliced wrong eats tough even when cooked perfectly. Find the grain lines and cut across them.
- Skipping the rest - cutting too soon spills all the juices onto the board instead of keeping them in the meat.",6,50,,picanha-style-steak-rice-bowls.webp
196,Pork & Broccoli Garlic Rice,Chinese,473,37,59,9,"- 1 3/4 lb pork tenderloin, sliced into thin 1/4-inch medallions
- 1 1/4 lb broccoli florets (about 6 cups)

For the velveting marinade:
- 1 tbsp soy sauce
- 1 tbsp Shaoxing wine (or dry sherry)
- 1 tbsp cornstarch

For the garlic rice:
- 2 cups jasmine rice, dry
- 6 garlic cloves, thinly sliced (cut into thin coins)
- 2 tbsp neutral oil (such as avocado or canola)

For the stir-fry sauce and finish:
- 2 tbsp soy sauce
- 2 tbsp oyster sauce
- 1 tbsp fresh ginger, grated (about a 1-inch piece)
- 1 tsp toasted sesame oil
- 3 green onions, sliced into 1-inch pieces
- 1 tsp kosher salt, plus more to taste - taste before serving and add up to 1/2 tsp more","1. Mise en place. Slice the pork tenderloin into thin 1/4-inch medallions (put it in the freezer 20 minutes first and the knife glides through). Cut the broccoli into bite-size florets. Slice the garlic into thin coins. Grate the ginger. Slice the green onions into 1-inch pieces. Whisk the 2 tbsp soy sauce and oyster sauce in a small bowl. Measure the rice, oil, and sesame oil and set everything by the stove.

2. Velvet the pork. In a bowl, toss the pork medallions with the 1 tbsp soy sauce, Shaoxing wine, and cornstarch until each piece is coated in a thin glaze. Set aside 15 minutes at room temperature. This classic Chinese step keeps the lean tenderloin silky instead of dry.

3. Cook the rice. Rinse the rice until the water runs mostly clear. Cook in a saucepan with 3 cups water and 1/2 tsp salt: boil, drop to low, cover 15 minutes, rest 10 minutes off the heat, then fluff.

4. Fry the garlic. Heat the 2 tbsp neutral oil in a large wok or 12-inch skillet over medium heat. Add the sliced garlic and cook 2-3 minutes, stirring constantly, until pale gold and fragrant - pull it before it browns dark, or it turns bitter. Scoop the garlic out with a slotted spoon onto a paper towel, leaving the garlicky oil in the pan.

5. Turn it into garlic rice. Add the cooked rice to the garlicky oil in the pan. Stir-fry 3-4 minutes over medium-high heat, breaking up any clumps, until the grains are coated and smell toasty. Fold in the fried garlic coins and 1/2 tsp of the salt. Transfer to a serving bowl and cover to keep warm.

6. Sear the broccoli. Wipe the pan, add 1 tbsp fresh neutral oil, and heat over high heat until shimmering. Add the broccoli and 2 tbsp water, cover immediately, and steam 2 minutes. Uncover and stir-fry 2-3 minutes more until bright green, charred at the edges, and crisp-tender. Season with 1/4 tsp salt and transfer to a plate.

7. Sear the pork. Add the remaining 1 tbsp oil to the hot pan. Lift the pork from its marinade with tongs (discard pooled liquid). Sear in a single layer 2-3 minutes per side until golden and the thickest medallion reads 145F. Add the ginger and stir-fry 30 seconds until fragrant.

8. Bring it together. Return the broccoli to the pan, pour in the soy-oyster sauce mixture, and toss over high heat 1-2 minutes until everything is glazed and the sauce clings. Drizzle with the sesame oil, toss in the green onions, taste, and add up to 1/2 tsp more salt. Serve over the garlic rice immediately.

9. Storage and reheating. Refrigerate in an airtight container up to 4 days. Reheat in a skillet over medium heat with a splash of water until steaming; the microwave is fine for the rice portion. Freeze up to 2 months.

Common mistakes:
- Slicing the pork thick - tenderloin seizes up if overcooked; thin medallions cook in minutes and stay tender.
- Burning the garlic coins - they go from pale gold to bitter in seconds. Stir constantly and pull them early.
- Adding the sauce to a cool pan - the sauce should hit a hot pan and glaze in a minute or two, not pool and make everything soggy.",6,40,,pork-broccoli-garlic-rice.webp
197,Pork & Jalapeño Tacos,Mexican,498,26,27,31,"- 1 3/4 lb ground pork
- 12 corn tortillas (6-inch)
- 3 jalapenos, sliced into thin rings (remove the seeds and white ribs for milder heat)
- 1 large yellow onion, diced (cut into small 1/4-inch cubes)
- 1 tbsp neutral oil (such as avocado or canola)
- 1 tbsp chili powder
- 2 tsp ground cumin
- 1 tsp dried oregano (Mexican oregano if you can find it)
- 1 tsp garlic powder
- 2 limes, cut into wedges
- 1/2 cup fresh cilantro, chopped
- 2 tsp kosher salt, plus more to taste - taste the pork before serving and add up to 1/2 tsp more","1. Mise en place. Dice the onion into 1/4-inch cubes. Slice the jalapenos into thin rings - wear gloves or wash your hands right after, and do not touch your eyes. Cut the limes into wedges. Chop the cilantro. Measure the oil and stir the chili powder, cumin, oregano, garlic powder, and 2 tsp salt together in a small bowl so the spice mix is ready to go. Stack the tortillas and wrap them in a clean kitchen towel or foil.

2. Brown the pork. Heat the oil in a large skillet over medium-high heat until shimmering. Add the ground pork and break it into small crumbles with a wooden spoon. Cook 6-8 minutes, stirring and breaking it up, until browned all over with crispy edges. If a lot of fat pools in the pan, spoon most of it out, leaving about 1 tbsp.

3. Add the vegetables and spices. Stir in the diced onion and jalapeno rings and cook 3-4 minutes until the onion softens and the jalapenos smell spicy-sweet. Sprinkle the spice mix over everything and stir 1-2 minutes more, until the spices smell toasty and coat the meat. The pork should reach 160F inside. Taste and add up to 1/2 tsp more salt.

4. Warm the tortillas. While the pork finishes, warm the tortillas: lay them directly over a gas burner flame 15-20 seconds per side until lightly charred and pliable, or heat a dry skillet over medium-high heat and warm each 30 seconds per side. Stack them in the towel or foil as you go so they stay soft and steamy.

5. Assemble and serve. Double up the tortillas (two per taco - this is the taqueria way, and it keeps them from falling apart). Spoon the pork and jalapeno mixture down the center, top with cilantro, and serve with lime wedges for squeezing over. Serve immediately while the tortillas are warm.

6. Storage and reheating. Refrigerate the pork mixture in an airtight container up to 4 days; store tortillas separately in a zip-top bag. Reheat the pork in a skillet over medium heat with a splash of water until steaming, and warm fresh tortillas - reheated tortillas turn stiff. Freeze the pork mixture up to 3 months.

Common mistakes:
- Skipping the spice toast - raw spices taste dusty; that 1-2 minute stir in the hot pan wakes them up.
- Serving on a single cold tortilla - corn tortillas tear and crack unless doubled and properly warmed.
- Leaving all the jalapeno seeds in - the seeds and white ribs hold most of the heat. Remove them if you want flavor without fire.",6,40,,pork-jalapeno-tacos.webp
198,Pork Albondigas with Saffron Rice,Spanish,641,28,60,31,"For the albondigas (Spanish meatballs):
- 1 1/2 lb ground pork
- 1 large egg, lightly beaten
- 1/2 cup plain breadcrumbs
- 1/4 cup whole milk
- 1/2 small yellow onion, very finely minced
- 2 garlic cloves, minced (chopped into tiny pieces)
- 1/4 cup fresh parsley, chopped
- 1 tsp smoked paprika
- 1/2 tsp ground cumin
- 1 1/2 tsp kosher salt, plus more to taste - taste the sauce before serving and add up to 1/2 tsp more
- 1/2 tsp black pepper

For the tomato sauce:
- 2 tbsp olive oil
- 1 large yellow onion, diced (cut into small 1/4-inch cubes)
- 3 garlic cloves, minced
- 1 can (28 oz) crushed tomatoes
- 1 tsp smoked paprika
- 1 bay leaf
- 1/2 tsp sugar

For the saffron rice:
- 1 1/2 cups long-grain white rice, dry
- 1/2 tsp saffron threads
- 3 cups chicken stock, warmed
- 1 tbsp olive oil
- 1 small yellow onion, finely diced
- 1/2 tsp kosher salt","1. Mise en place. Put the breadcrumbs and milk in a large bowl and let them soak 5 minutes - this panade (soaked crumbs) is what keeps the meatballs tender. Meanwhile, very finely mince the half onion for the meatballs (tiny pieces so they melt in). Mince all 5 garlic cloves. Dice the large onion and the small onion into 1/4-inch cubes. Chop the parsley. Measure the rice, warm the stock in a saucepan until steamy (not boiling), and crumble the saffron threads into it to bloom - the stock will turn golden within minutes. Open the tomato can. Beat the egg in a small bowl.

2. Mix the meatballs gently. To the soaked breadcrumbs add the ground pork, beaten egg, minced half-onion, 2 minced garlic cloves, parsley, 1 tsp smoked paprika, cumin, 1 1/2 tsp salt, and pepper. Mix with your hands just until everything is combined - stop the moment it looks uniform. Overmixing squeezes out the juices and makes tough meatballs.

3. Roll small meatballs. With damp hands, roll the mixture into walnut-size balls, about 1 inch across - you should get about 30. Spanish albondigas are small, closer to a large marble than an Italian meatball. Set them on a plate.

4. Brown the meatballs. Heat the 2 tbsp olive oil in a large deep skillet or Dutch oven over medium-high heat until shimmering. Brown the meatballs in two batches, 5-6 minutes per batch, turning gently so they color on most sides. They do not need to cook through - just get a golden crust. Transfer to a plate.

5. Build the sauce. In the same pan over medium heat, add the diced large onion and cook 5-6 minutes, stirring, until soft and sweet. Add the 3 minced garlic cloves, 1 tsp smoked paprika, and the bay leaf and cook 1 minute until fragrant. Pour in the crushed tomatoes, add the sugar and 1/2 tsp salt, and bring to a lively simmer, scraping up the browned bits from the meatballs - that is pure flavor.

6. Simmer. Nestle the browned meatballs into the sauce, reduce the heat to low, and cover. Simmer gently 20 minutes, stirring once or twice, until the sauce thickens and the meatballs are cooked through - cut one open to check there is no pink, or confirm 160F inside. Fish out the bay leaf. Taste and add up to 1/2 tsp more salt.

7. Cook the saffron rice. While the meatballs simmer, heat the 1 tbsp olive oil in a medium saucepan over medium heat. Add the diced small onion and 1/2 tsp salt and cook 4-5 minutes until soft. Add the rice and stir 2 minutes until the grains are coated and smell faintly toasty. Pour in the warm saffron stock (it should be golden), bring to a boil, then drop to low, cover tightly, and cook 15 minutes. Rest 10 minutes off the heat, then fluff - the grains should be separate and sunset-gold.

8. Serve. Spoon the saffron rice into shallow bowls, ladle the albondigas and plenty of tomato sauce over the top, and scatter with a little extra parsley. Serve immediately.

9. Storage and reheating. Refrigerate in airtight containers up to 4 days - like most braised dishes, the albondigas taste even better the next day. Reheat gently in a saucepan over medium-low heat with a splash of water until steaming. Freeze up to 3 months; thaw overnight in the fridge.

Common mistakes:
- Overmixing the meat mixture - mix just until combined or the meatballs turn dense and rubbery.
- Making the meatballs too big - walnut-size cooks through in the simmer; golf-ball size stays raw in the middle.
- Skipping the saffron bloom - dry saffron tossed into the pot gives pale, uneven rice. Ten minutes in warm stock unlocks the color and aroma.",6,60,,pork-albondigas-with-saffron-rice.webp
199,Pork Carnitas Potato Bowls,Mexican,497,44,32,20,"For the carnitas:
- 2 1/2 lb boneless pork shoulder (Boston butt), cut into 3-inch chunks
- 1 large orange, halved
- 1 large white onion, quartered
- 6 garlic cloves, smashed (press flat with the side of a knife)
- 2 bay leaves
- 1 tbsp kosher salt, plus more to taste - taste the shredded pork before serving and add up to 1 tsp more
- 2 tsp ground cumin
- 1 tsp dried oregano
- 2 cups chicken broth

For the crispy potatoes:
- 2 lb Yukon Gold potatoes, cut into 1-inch cubes
- 2 tbsp olive oil
- 1 tsp kosher salt
- 1/2 tsp black pepper

For crisping and serving:
- 3 tbsp neutral oil (such as avocado or canola)
- 1/2 cup fresh cilantro, chopped
- 1/2 white onion, finely diced
- 2 limes, cut into wedges","1. Mise en place. Cut the pork shoulder into 3-inch chunks (about the size of a deck of cards) - big pieces stay juicy through the long cook. Smash the garlic cloves flat with the side of your knife. Quarter the onion. Halve the orange. Measure the broth, salt, cumin, and oregano. Cut the potatoes into 1-inch cubes and dice the half onion for topping. Chop the cilantro and cut the limes into wedges.

A note on authenticity: true Michoacan carnitas are made in a cazo (a big copper pot) where pork confits slowly in its own rendered fat and lard. Most home kitchens do not have a cazo or gallons of lard, so this version braises the pork until melting-tender, then crisps the edges under the broiler - same tender-inside, crisp-edged spirit, honestly adapted for a Dutch oven.

2. Season and braise. Heat the oven to 300F. Pat the pork chunks dry and rub them all over with the salt, cumin, and oregano. Set a large Dutch oven over medium-high heat and sear the pork in two batches, 3-4 minutes per side, until browned - this crust is where the deep flavor comes from. Return all the pork to the pot. Squeeze the orange halves over the meat and drop them in, peels and all. Add the quartered onion, smashed garlic, bay leaves, and chicken broth - the liquid should come about halfway up the pork.

3. Slow-cook until melting. Cover with the lid and slide into the 300F oven for 2 1/2 to 3 hours, until the pork shreds easily when you press it with a fork and the largest chunk reads at least 195F inside - carnitas are done well past the 145F chop temperature; this is fork-tender territory. Let the pot cool 15 minutes, then lift the pork out with a slotted spoon onto a cutting board. Fish out and discard the orange peels, bay leaves, onion, and garlic.

4. Roast the potatoes. While the pork braises (about 45 minutes before it is done), heat the oven to 425F - you can use a second oven or wait until the pork comes out and raise the temperature. Toss the potato cubes on a rimmed sheet pan with the olive oil, 1 tsp salt, and pepper in a single layer. Roast 30-35 minutes, flipping once, until deep golden and crisp at the edges and fluffy inside.

5. Crisp the carnitas. Shred the pork into bite-size pieces with two forks, keeping some chunky bits. Spread it in a single layer on a clean rimmed sheet pan and drizzle with the 3 tbsp neutral oil and 1/2 cup of the reserved braising liquid. Broil 4-6 inches from the heat for 5-8 minutes, until the edges are browned and crackly - watch closely, as broilers turn on you fast. Toss once and broil 2-3 minutes more. Taste and add up to 1 tsp more salt.

6. Build the bowls. Spoon the crispy potatoes into wide bowls, pile the carnitas alongside, and top with the diced onion, cilantro, and a generous squeeze of lime. Serve immediately while the edges are still crackling.

7. Storage and reheating. Refrigerate in airtight containers up to 4 days; store toppings separately. Reheat the carnitas in a hot skillet over medium-high heat 4-5 minutes until the edges re-crisp - the microwave makes them steamy and soft. Reheat potatoes in a 425F oven 10 minutes. Freeze the carnitas up to 3 months.

Common mistakes:
- Cutting the pork too small - little cubes dry out over the long braise. Keep the chunks big.
- Shredding before the pork is ready - if it resists the fork, give it another 30 minutes. Carnitas cannot be rushed.
- Walking away from the broiler - the line between crisp-edged and burnt is about ninety seconds. Stay and watch.",6,160,Michoacán,pork-carnitas-potato-bowls.webp
200,Pork Chops with Garlic Lyonnaise Potatoes,French,592,52,37,25,"- 6 boneless pork chops, about 8 oz each and 1 inch thick
- 2 1/2 lb Yukon Gold or russet potatoes, peeled
- 2 large yellow onions, halved and thinly sliced (cut into thin half-moons)
- 5 tbsp unsalted butter, divided
- 1 tbsp olive oil
- 4 garlic cloves, minced (chopped into tiny pieces)
- 1/4 cup fresh parsley, chopped
- 2 tsp kosher salt, plus more to taste - taste the potatoes before serving and add up to 1/2 tsp more
- 1 tsp black pepper
- 1 tsp dried thyme (optional)","1. Mise en place. Peel the potatoes. Halve the onions and slice them into thin half-moons. Mince the garlic. Chop the parsley. Pat the pork chops very dry with paper towels - dry meat sears instead of steams. Take the chops out of the fridge 20-30 minutes before cooking so they lose their chill and cook evenly.

2. Parboil the potatoes. Put the whole peeled potatoes in a large pot, cover with cold salted water, and bring to a boil over high heat. Cook 10-12 minutes, until a knife goes in with some resistance - firm, not fully tender. Drain and let them cool 5 minutes, then slice into 1/4-inch rounds. (True Lyonnaise potatoes are always boiled before frying; raw slices would burn outside before cooking through.)

3. Fry the potatoes golden. Melt 3 tbsp of the butter in a large skillet (12-inch) over medium heat until it foams. Add the potato slices in as close to a single layer as you can - work in two batches if needed. Cook 5-6 minutes undisturbed until the bottoms are golden brown, then flip and cook 5-6 minutes more until golden on both sides and tender when pierced. Season with 1 tsp salt and 1/2 tsp pepper as they cook. Transfer to a plate.

4. Soften the onions separately. In a second skillet (or the same one, wiped out), melt the remaining 2 tbsp butter over medium heat. Add the sliced onions and 1/2 tsp salt and cook 8-10 minutes, stirring often, until pale gold, soft, and sweet - not dark and caramelized, just gently golden. Add the minced garlic and cook 1 minute more until fragrant.

5. Combine, Lyonnaise-style. Return the potatoes to the onion pan, toss gently so the onions thread through the golden slices, and cook 2-3 minutes together so the flavors marry. Taste and add up to 1/2 tsp more salt. Keep warm over the lowest heat while you cook the chops. (There is no ""Lyonnaise sauce"" - in Lyon, ""a la lyonnaise"" simply means cooked with onions.)

6. Sear the pork chops. Season the chops on both sides with the remaining 1/2 tsp salt, 1/2 tsp pepper, and the thyme if using. Heat the olive oil in a large skillet over medium-high heat until it shimmers. Sear the chops 4-5 minutes per side without moving them, until deep golden brown with a crisp crust. The thickest part should read 145F on an instant-read thermometer - a hint of blush inside is perfect and safe.

7. Rest and serve. Transfer the chops to a plate and rest 5 minutes - the juices settle back into the meat instead of running out on the first cut. Spoon a generous bed of the Lyonnaise potatoes onto each plate, lay a pork chop on top, and scatter with the chopped parsley. Serve immediately.

8. Storage and reheating. Refrigerate leftovers in airtight containers up to 3 days. Reheat the chops gently in a 300F oven 10-12 minutes to avoid drying them out; warm the potatoes in a hot skillet with a knob of butter to re-crisp. Do not freeze - the potatoes turn mealy.

Common mistakes:
- Frying raw potato slices - they brown on the outside while staying hard inside. The parboil is the whole trick.
- Crowding the potato pan - slices steam instead of browning. Give them room or work in batches.
- Skipping the rest on the chops - cutting immediately spills the juices; five minutes keeps them juicy.",6,60,Lyon,pork-chops-with-garlic-lyonnaise-potatoes.webp
201,Pork Chops with Salsa Criolla Rice,Argentinian,690,36,57,31,"2 lb boneless pork chops, 1-inch thick (about 6 chops)
1 tbsp kosher salt, divided (start with 1 tbsp; add more to taste at the end)
1 tsp black pepper, freshly ground
2 tbsp olive oil, for searing
2 cups long-grain white rice, uncooked
3 cups water, for the rice
1 large red bell pepper, finely diced (dice = cut into small even cubes about 1/2 inch)
1 large white onion, finely diced
2 large tomatoes, seeded and finely diced
4 cloves garlic, minced (mince = chop very fine)
1/2 cup extra-virgin olive oil, for the salsa
1/3 cup red wine vinegar, for the salsa
1/2 cup water, for the salsa
1 tsp dried oregano
1/2 tsp crushed red pepper flakes (start with 1/2 tsp; add up to 1 tsp for more heat)
1/4 cup fresh parsley, chopped","1. Mise en place: everything chopped, measured, and set out before any heat goes on. Dice (cut into small even cubes about 1/2 inch) the red bell pepper, white onion, and tomatoes. Mince (chop very fine) the garlic. Chop the parsley. Measure the rice, water, olive oil, vinegar, oregano, and red pepper flakes. Pat the pork chops dry with paper towels and season both sides with the salt and pepper.
2. Make the salsa criolla: in a medium bowl, combine the diced bell pepper, onion, tomatoes, and minced garlic. Add the 1/2 cup olive oil, red wine vinegar, 1/2 cup water, oregano, red pepper flakes, parsley, and 1 tsp of the salt. Stir well. Taste and add more salt or vinegar until it is bright and tangy. Set aside for at least 15 minutes so the flavors meld. (Authentic salsa criolla is a raw onion-and-pepper condiment dressed with oil and vinegar, served over grilled meat in Argentina -- do not cook it.)
3. Cook the rice: in a medium saucepan, combine the rice, 3 cups water, and 1 tsp salt. Bring to a boil over high heat, stir once, reduce the heat to low, cover with a tight lid, and cook 15 minutes without lifting the lid. Remove from the heat and rest, covered, 10 minutes. Fluff with a fork -- the grains should be separate and tender.
4. Sear the pork chops: heat the 2 tbsp olive oil in a large heavy skillet over medium-high heat until the oil shimmers and moves easily. Lay the chops in the pan -- you should hear a loud sizzle. Cook 4 to 5 minutes per side without moving them, until deep golden brown. Check with a meat thermometer: pork is done at 145 F. If the chops are very thick, lower the heat to medium and cook a few minutes more.
5. Rest and serve: transfer the chops to a plate and rest 5 minutes so the juices stay in the meat. Spoon the rice onto plates, place a chop alongside, and spoon a generous scoop of salsa criolla over the rice and the chop.
6. Storage and reheating: store leftovers in an airtight container in the refrigerator up to 3 days, with the salsa criolla in a separate jar. Reheat the chops gently in a 325 F oven 10 to 12 minutes until warmed through; warm the rice with a splash of water. Serve the salsa at room temperature.
Common mistakes: Overcooking the chops -- pork dries out fast past 145 F, so use a thermometer and pull them at 140-145 F. Lifting the lid while the rice steams -- it lets the steam escape and the rice turns gummy. Skipping the salsa rest -- the vinegar needs 15 minutes to soften the raw onion, or it tastes harsh. Pan too hot for the sear -- if the oil smokes heavily, lower to medium-high so the crust browns instead of charring.",6,55,,pork-chops-with-salsa-criolla-rice.webp
202,Pork Egg Fried Rice,Chinese,515,29,59,17,"6 cups cooked long-grain rice, day-old and cold (from 2 cups uncooked rice)
1 lb pork loin or tenderloin, cut into 1/2-inch cubes
6 large eggs, beaten in a bowl
1 cup frozen peas, thawed
1 cup frozen corn kernels, thawed
4 green onions, thinly sliced (slice = cut into thin flat pieces), white and green parts kept separate
3 tbsp neutral oil (vegetable or canola), divided
3 tbsp light soy sauce (start with 3 tbsp; add up to 4 tbsp to taste)
1 tbsp Shaoxing wine or dry sherry, optional
1 tsp kosher salt, divided (start with 1 tsp; adjust at the end)
1/2 tsp black pepper","1. Mise en place: everything ready before the wok gets hot. Beat the eggs in a bowl. Cut the pork into 1/2-inch cubes. Slice the green onions (cut into thin flat pieces), keeping the white and green parts separate. Measure the peas, corn, oil, soy sauce, and seasonings. Have the cold rice at hand -- cold, day-old rice fries up separate and loose instead of mushy.
2. Scramble the eggs: heat a wok or large skillet over medium-high heat. Add 1 tbsp oil and swirl to coat. Pour in the beaten eggs. Let them set 15 to 20 seconds, then push and break them into small soft pieces with a spatula, about 1 minute total. Transfer to a plate. (They should look just set and glossy, not browned.)
3. Sear the pork: add 1 tbsp oil to the same pan. Add the pork cubes in a single layer. Cook 4 to 5 minutes over medium-high heat, turning, until browned on the outside and cooked through -- no pink inside; small cubes finish in this time. Remove to the plate with the eggs.
4. Fry the rice: add the remaining 1 tbsp oil. Add the white parts of the green onions and stir-fry 30 seconds until fragrant. Add the cold rice, breaking up any clumps with the spatula. Spread it out and let it sit untouched 1 minute to toast, then toss. Fry 3 to 4 minutes until the grains are hot and a little toasty at the edges.
5. Combine and season: return the eggs and pork to the pan along with the peas and corn. Drizzle the soy sauce and Shaoxing wine around the edge of the hot pan, then toss everything 2 minutes. Season with the salt and pepper, taste, and add a splash more soy sauce only if it needs it. Fold in the green parts of the green onions.
6. Serve immediately in warm bowls. (Yangzhou-style fried rice is light and delicate -- it should taste of toasted rice and egg, not heavy soy sauce.)
7. Storage and reheating: refrigerate in an airtight container up to 3 days. Reheat in a skillet over medium-high heat 4 to 5 minutes with a teaspoon of oil until steaming hot throughout.
Common mistakes: Using fresh hot rice -- it turns gummy; spread cooked rice on a tray and refrigerate uncovered at least 4 hours or overnight. Crowding the pan -- a too-full wok steams instead of frying; cook in two batches if your pan is small. Overcooking the eggs -- they finish in the hot rice at the end, so pull them soft. Too much soy sauce -- Yangzhou fried rice is pale and mild; season lightly and taste before adding more.",6,35,Yangzhou,pork-egg-fried-rice.webp
203,Pork Kofta Rice Bowls,Turkish,680,38,60,29,"2 lb ground pork (85 percent lean)
1 large egg
1/2 cup plain breadcrumbs
1 medium onion, grated on a box grater (keep the juice)
4 cloves garlic, minced (mince = chop very fine)
1/2 cup fresh parsley, finely chopped
2 tbsp ground cumin
1 tbsp sweet paprika
1 tbsp dried mint
2 tsp ground coriander
2 tsp dried oregano
2 tsp kosher salt, divided (start with 2 tsp; adjust at the end)
1 tsp black pepper
2 cups long-grain rice, uncooked
3 cups water, for the rice
2 tbsp olive oil, for cooking
1 cup plain Greek yogurt
2 tbsp lemon juice
1 large cucumber, diced (dice = cut into small even cubes about 1/2 inch)
2 large tomatoes, diced
1/2 red onion, thinly sliced (slice = cut into thin flat pieces)","1. Mise en place: everything ready before cooking. Grate the onion (keep the juice -- it keeps the kofta moist). Mince (chop very fine) the garlic. Finely chop the parsley. Dice (cut into small even cubes about 1/2 inch) the cucumber and tomatoes. Thinly slice (cut into thin flat pieces) the red onion. Measure all the spices and breadcrumbs.
2. Mix the kofta: in a large bowl, combine the ground pork, egg, breadcrumbs, grated onion with its juice, garlic, parsley, cumin, paprika, dried mint, coriander, oregano, salt, and pepper. Mix with your hands just until everything is evenly distributed -- stop as soon as it comes together. Overmixing makes dense, tough kofta.
3. Shape: wet your hands lightly. Divide the mixture into 12 equal portions and roll each into an oval about 3 inches long and 1 inch thick. Set on a plate.
4. Cook the rice: in a saucepan, combine the rice, 3 cups water, and 1 tsp salt. Bring to a boil over high heat, stir once, reduce to low, cover, and cook 15 minutes without lifting the lid. Rest, covered, 10 minutes off the heat. Fluff with a fork.
5. Cook the kofta: heat the olive oil in a large skillet over medium heat. Cook the kofta 4 to 5 minutes per side, turning once or twice, until deeply browned and firm to the touch. Check with a thermometer: ground pork must reach 160 F inside. Rest 3 minutes.
6. Make the yogurt sauce: stir together the Greek yogurt, lemon juice, and a pinch of salt.
7. Assemble the bowls: divide the rice among 6 bowls. Top each with 2 kofta, a spoonful of cucumber, tomato, and red onion, and a generous dollop of yogurt sauce.
8. Storage and reheating: store the kofta and rice separately in airtight containers up to 3 days (yogurt sauce keeps 4 days). Reheat the kofta in a 350 F oven 10 minutes or until steaming hot; warm the rice with a splash of water.
Common mistakes: Overmixing the meat -- mix only until combined or the kofta turn rubbery. Squeezing the grated onion dry -- its juice keeps the kofta juicy. Undercooking -- ground pork must hit 160 F inside, not just look brown outside. Cooking on too-high heat -- medium heat browns the spices without burning them; scorched cumin tastes bitter.",6,50,,pork-kofta-rice-bowls.webp
204,Pork Meatballs with Parmesan Orzo,Italian,875,46,73,39,"2 lb ground pork
1 large egg
1 cup plain breadcrumbs
1/2 cup grated Parmesan cheese, for the meatballs, plus 1/2 cup for the orzo
1/2 cup fresh parsley, finely chopped
4 cloves garlic, minced (mince = chop very fine), divided
1 tsp dried oregano
1 tsp dried basil
2 tsp kosher salt, divided (start with 2 tsp; adjust at the end)
1 tsp black pepper
2 tbsp olive oil, for the sauce
1 medium onion, diced (dice = cut into small even cubes about 1/2 inch)
1 can (28 oz) crushed tomatoes
2 1/2 cups orzo pasta, uncooked
3 tbsp butter
2 tbsp lemon juice (from 1 lemon)
1/4 cup fresh basil leaves, torn","1. Mise en place: everything chopped, measured, and set out first. Mince (chop very fine) the garlic. Chop the parsley. Dice (cut into small even cubes about 1/2 inch) the onion. Grate the Parmesan. Tear the basil. Juice the lemon. Measure the breadcrumbs, orzo, butter, and tomatoes. Heat the oven to 425 F.
2. Make the meatball mixture: in a large bowl, combine the ground pork, egg, breadcrumbs, 1/2 cup Parmesan, parsley, half the garlic, oregano, basil, 1 tsp salt, and the pepper. Mix with your hands just until combined -- no more.
3. Roll and bake: roll into 24 golf-ball-size meatballs (about 1 1/2 inches), using loose hands. Place on a rimmed baking sheet. Bake 18 to 20 minutes, turning once halfway, until browned and firm. They should reach 160 F inside.
4. Make the sauce: while the meatballs bake, heat the olive oil in a large skillet over medium heat. Cook the onion 4 to 5 minutes until soft and translucent. Add the remaining garlic and cook 30 seconds until fragrant. Pour in the crushed tomatoes and 1/2 tsp salt. Simmer 10 minutes, stirring occasionally, until slightly thickened. Nestle the baked meatballs into the sauce and simmer 5 minutes more.
5. Cook the orzo: bring a large pot of salted water to a rolling boil. Cook the orzo 8 to 9 minutes until al dente (tender with a slight bite). Drain, reserving 1/2 cup of the pasta water. Return to the pot and toss with the butter, lemon juice, remaining 1/2 cup Parmesan, and a splash of pasta water until creamy. Season with salt to taste.
6. Serve: spoon the lemony Parmesan orzo into bowls, top with meatballs and sauce, and finish with the torn basil.
7. Storage and reheating: refrigerate up to 3 days in airtight containers. Reheat the meatballs and sauce in a saucepan over medium heat until bubbling; revive the orzo with a splash of water and a knob of butter.
Common mistakes: Packing the meatballs too tight -- loose hands give tender meatballs. Skipping the reserved pasta water -- its starch is what makes the orzo creamy, not just the butter. Overcooking the orzo -- pull it at al dente since it keeps cooking in the hot pan. Not salting the pasta water -- bland water makes bland orzo; it should taste like the sea.",6,55,,pork-meatballs-with-parmesan-orzo.webp
205,Pork Ragu with Parmesan Polenta,Italian,935,49,55,46,"2 1/2 lb pork shoulder, cut into 2-inch chunks (trim very large fat caps but leave some)
2 tbsp olive oil
2 tsp kosher salt, divided (start with 2 tsp; adjust at the end)
1 tsp black pepper
1 large onion, diced (dice = cut into small even cubes about 1/2 inch)
2 medium carrots, diced
2 ribs celery, diced
4 cloves garlic, minced (mince = chop very fine)
1 cup dry white wine
2 tbsp tomato paste
1 can (28 oz) crushed tomatoes
2 bay leaves
1 cup whole milk, for the ragu
2 cups coarse polenta (cornmeal), dry
4 cups water, for the polenta
2 cups whole milk, for the polenta
4 tbsp butter
1 cup grated Parmesan cheese
2 tbsp fresh parsley, chopped, for serving","1. Mise en place: everything ready before heat goes on. Cut the pork into 2-inch chunks. Dice (cut into small even cubes about 1/2 inch) the onion, carrots, and celery -- this trio is the soffritto, the aromatic base of northern Italian ragus. Mince (chop very fine) the garlic. Measure the wine, tomato paste, tomatoes, milk, polenta, butter, and Parmesan. Heat the oven to 325 F.
2. Brown the pork: pat the pork chunks dry. Heat the olive oil in a large heavy Dutch oven over medium-high heat until shimmering. Season the pork with 1 tsp salt and the pepper. Brown the chunks in two batches, 3 to 4 minutes per side, until deep brown all over -- you should hear a steady sizzle. Set the browned pork on a plate. (Browning builds the deep flavor of the sauce; do not skip it.)
3. Build the soffritto: in the same pot, add the onion, carrots, and celery. Cook over medium heat 6 to 8 minutes, stirring, until soft and golden at the edges. Add the garlic and tomato paste; cook 2 minutes, stirring, until the paste darkens to brick red and smells sweet.
4. Deglaze and braise: pour in the white wine and scrape up all the browned bits from the bottom -- that is pure flavor. Add the crushed tomatoes, bay leaves, and 1 tsp salt. Return the pork to the pot with any juices. Bring to a gentle simmer, cover, and move to the oven. Braise 2 1/2 to 3 hours, stirring once halfway, until the pork falls apart when pressed with a spoon. During the last 30 minutes, stir in the 1 cup milk and leave the lid ajar -- milk is the classic northern Italian finish that mellows and enriches the sauce.
5. Shred: remove the bay leaves. Use two forks to shred the pork into the sauce. Taste and adjust salt. Keep warm over low heat.
6. Make the polenta: bring the 4 cups water and 2 cups milk to a boil in a large pot over medium-high heat, then reduce to a gentle simmer. Rain in the polenta slowly while whisking constantly to prevent lumps. Switch to a wooden spoon and cook 30 to 40 minutes, stirring often, until thick and creamy and the grains feel tender on the tongue. Stir in the butter and Parmesan until melted. Season with salt.
7. Serve: spoon creamy polenta into warm bowls, ladle the ragu over the top, and finish with parsley and extra Parmesan.
8. Storage and reheating: refrigerate up to 4 days. Reheat the ragu in a saucepan over medium-low heat, adding a splash of water if thick. Polenta firms up when cold -- reheat with a splash of milk, whisking smooth.
Common mistakes: Rushing the braise -- the pork needs the full 2 1/2 hours to turn tender; undercooked shoulder is chewy. Dumping the polenta in all at once -- it clumps; rain it in slowly while whisking. Scorching the polenta -- stir often on low heat or it burns on the bottom. Serving it bland -- both the ragu and the polenta need generous salt; taste at the end and adjust.",6,200,Northern Italy,pork-ragu-with-parmesan-polenta.webp
206,Pork Tenderloin with Lime Potatoes,Cuban,635,53,45,24,"3 lb pork tenderloin (about 2 tenderloins)
1 cup fresh orange juice (about 3 oranges)
1/3 cup fresh lime juice (about 3 limes), plus 1 lime cut into wedges
8 cloves garlic, smashed (hit once with the flat of the knife so each clove breaks open)
1 tsp ground cumin
1 tsp dried oregano
1/3 cup olive oil, for the marinade, plus a glug for searing
2 tsp kosher salt, divided (start with 2 tsp; adjust at the end)
1 tsp black pepper
3 lb baby potatoes, halved
1/4 cup fresh cilantro, chopped","1. Mise en place: everything ready first. Squeeze the orange and lime juice. Smash (hit once with the flat of the knife so each clove breaks open) the garlic. Halve the potatoes. Chop the cilantro. Measure the cumin, oregano, olive oil, salt, and pepper. Heat the oven to 425 F.
2. Make the mojo marinade: in a bowl, whisk the orange juice, lime juice, smashed garlic, cumin, oregano, 1/3 cup olive oil, 1 tsp salt, and the pepper. (Mojo is Cuba's garlic-citrus marinade -- bright, garlicky, and sour.) Place the tenderloins in a large zip-top bag, pour in two-thirds of the mojo, seal, and marinate in the refrigerator 30 minutes to 2 hours. Reserve the remaining third in the fridge for the potatoes -- never reuse marinade that touched raw pork.
3. Sear and roast the pork: remove the pork from the marinade and pat dry (discard the used marinade). Heat a glug of olive oil in a large oven-safe skillet over medium-high heat until shimmering. Sear the tenderloins 2 to 3 minutes per side until golden brown. Transfer the skillet to the oven and roast 15 to 18 minutes, until a meat thermometer reads 145 F in the thickest part. Rest 10 minutes on a cutting board, then slice into 1/2-inch medallions.
4. Roast the lime potatoes: toss the halved potatoes with the reserved clean mojo, 1 tbsp olive oil, and 1 tsp salt on a rimmed baking sheet, spread in a single layer. Roast at 425 F for 30 to 35 minutes, turning once halfway, until crisp-edged and golden and a fork slides in easily. Squeeze the lime wedges over them and sprinkle with cilantro.
5. Serve the sliced pork over the lime potatoes with any pan juices spooned over.
6. Storage and reheating: refrigerate up to 3 days. Slice leftover pork cold for sandwiches, or warm gently in a 300 F oven 10 minutes; crisp the potatoes in a hot oven.
Common mistakes: Reusing the marinade the raw pork sat in -- always reserve a separate clean portion before the meat goes in. Overcooking tenderloin -- it dries out fast; pull it at exactly 145 F. Cutting too soon -- skipping the rest lets the juices run out. Roasting wet, crowded potatoes -- pat them dry and give them space on the pan, or they steam instead of crisping.",6,75,,pork-tenderloin-with-lime-potatoes.webp
207,Provencal Cod with Tomato & Olives,French,335,43,11,11,"2 1/2 lb cod fillets, about 1 1/2 inches thick
3 tbsp olive oil, divided
1 large onion, sliced into thin half-rounds (slice = cut into thin flat pieces)
4 cloves garlic, minced (mince = chop very fine)
2 cans (14.5 oz each) diced tomatoes
1 cup kalamata olives, halved
2 tbsp capers, drained
1 tsp herbes de Provence
1/2 tsp crushed red pepper flakes (start with 1/2 tsp; add up to 1 tsp for more heat)
2 tsp kosher salt, divided (start with 2 tsp; adjust at the end)
1 tsp black pepper
2 tbsp lemon juice
1/4 cup fresh parsley, chopped","1. Mise en place: everything ready before cooking. Slice (cut into thin flat pieces) the onion into thin half-rounds. Mince (chop very fine) the garlic. Halve the olives. Chop the parsley. Open the cans of tomatoes. Juice the lemon. Pat the cod fillets very dry with paper towels -- dry fish sears instead of steaming.
2. Start the sauce: heat 2 tbsp olive oil in a large deep skillet over medium heat until it shimmers. Add the onion and cook 4 to 5 minutes until soft and translucent. Add the garlic, herbes de Provence, and red pepper flakes; cook 1 minute until fragrant.
3. Simmer the tomatoes: pour in the diced tomatoes with their juices, the olives, capers, 1 tsp salt, and the pepper. Bring to a lively simmer and cook 10 minutes, stirring occasionally, until the sauce thickens slightly and tastes rich and briny.
4. Nestle in the cod: season the cod with 1 tsp salt and drizzle with the remaining 1 tbsp olive oil. Nestle the fillets into the bubbling sauce, spooning a little sauce over the tops. Cover and cook 6 to 8 minutes, until the fish flakes easily with a fork and is opaque all the way through -- internal temperature 145 F.
5. Finish: remove from the heat, squeeze the lemon juice over everything, and sprinkle with parsley. Taste the sauce and adjust salt.
6. Serve in shallow bowls with the sauce spooned over. Crusty bread for soaking up the sauce is strongly recommended.
7. Storage and reheating: refrigerate up to 2 days. Reheat gently in a covered saucepan over low heat until just warmed through -- microwaving makes fish rubbery.
Common mistakes: Cooking the cod too long -- check at 6 minutes; overcooked cod turns dry and falls apart. Watery sauce -- let the tomatoes simmer the full 10 minutes before the fish goes in. Forgetting to pat the fish dry -- wet cod releases water and thins the sauce. Skimping on the lemon -- the bright acidity is what makes the Provencal flavors sing.",6,35,Provence,provencal-cod-with-tomato-olives.webp
208,Salmon Couscous with Cucumber & Olives,Greek,725,40,49,35,"2 lb salmon fillets, skin-on, cut into 6 portions
2 tsp kosher salt, divided (start with 2 tsp; adjust at the end)
1 tsp black pepper
1 tsp dried oregano
2 tbsp olive oil, divided
2 cups couscous, uncooked
2 cups chicken or vegetable broth
1 large cucumber, diced (dice = cut into small even cubes about 1/2 inch)
1 pint cherry tomatoes, halved
1 cup kalamata olives, halved
1/2 red onion, thinly sliced (slice = cut into thin flat pieces)
4 oz feta cheese, crumbled
1/4 cup olive oil, for the dressing
3 tbsp lemon juice
1/4 cup fresh dill, chopped (or 1 tbsp dried dill)","1. Mise en place: everything chopped, measured, and set out first. Dice (cut into small even cubes about 1/2 inch) the cucumber. Halve the cherry tomatoes and olives. Thinly slice (cut into thin flat pieces) the red onion. Crumble the feta. Chop the dill. Juice the lemon. Measure the couscous and broth. Pat the salmon dry.
2. Make the couscous: bring the broth to a boil in a medium saucepan. Stir in the couscous and 1/2 tsp salt, cover, and remove from the heat. Let stand 5 minutes. Fluff with a fork -- the grains should be separate and tender. Drizzle with 1 tbsp olive oil and fluff again. Set aside.
3. Season the salmon: rub the salmon with the remaining 1 tbsp olive oil. Season with 1 tsp salt, the pepper, and the oregano.
4. Sear the salmon: heat a large skillet over medium-high heat until a drop of water sizzles. Place the salmon skin-side down -- it should sizzle loudly. Cook 5 to 6 minutes without moving until the skin is crisp and the fish is opaque about two-thirds up the side. (For extra-crisp skin, press down lightly with a spatula for the first 30 seconds.) Flip and cook 1 to 2 minutes more. Salmon is done at 145 F inside, or when it flakes gently with a fork.
5. Toss the salad: in a large bowl, combine the warm couscous, cucumber, tomatoes, olives, red onion, feta, 1/4 cup olive oil, lemon juice, dill, and 1/2 tsp salt. Toss and taste -- add more lemon or salt until bright.
6. Serve the couscous salad in bowls with a salmon fillet on top, skin-side up so it stays crisp.
7. Storage and reheating: store the salad and salmon separately up to 2 days. Eat the salad cold or at room temperature; warm the salmon gently in a 300 F oven 8 minutes to protect its texture.
Common mistakes: Mushy couscous -- do not cook it on the heat; off the heat, covered, exactly 5 minutes. Flipping the salmon too soon -- if it sticks, the skin is not crisp yet; wait until it releases. Dressing cold couscous -- toss the dressing while the couscous is still warm so it soaks in flavor. Overcooking salmon -- 145 F max; it keeps cooking as it rests.",6,40,,salmon-couscous-with-cucumber-olives.webp
209,Salmon Teriyaki with Bok Choy,Japanese,705,35,73,26,"2 lb salmon fillets, cut into 6 portions
1/2 cup low-sodium soy sauce
1/2 cup mirin (sweet Japanese cooking wine)
1/4 cup packed brown sugar
1 tbsp fresh ginger, grated
2 cloves garlic, minced (mince = chop very fine)
1 tsp cornstarch mixed with 1 tbsp cold water (stir until smooth -- a smooth slurry keeps the sauce from lumping)
2 lb baby bok choy, halved lengthwise
1 tbsp toasted sesame oil
1 tbsp neutral oil (vegetable or canola)
2 cups long-grain rice, uncooked
3 cups water, for the rice
2 tbsp sesame seeds, toasted, for garnish
3 green onions, thinly sliced (slice = cut into thin flat pieces)","1. Mise en place: everything ready before heat goes on. Grate the ginger. Mince (chop very fine) the garlic. Halve the bok choy lengthwise. Slice (cut into thin flat pieces) the green onions. Measure the soy sauce, mirin, brown sugar, oils, rice, and sesame seeds. Stir the cornstarch with the cold water until smooth. Pat the salmon dry.
2. Cook the rice: in a saucepan, combine the rice, 3 cups water, and 1 tsp salt. Bring to a boil over high heat, stir once, reduce to low, cover, and cook 15 minutes without lifting the lid. Rest, covered, 10 minutes off the heat. Fluff with a fork.
3. Make the teriyaki sauce: in a small saucepan over medium heat, combine the soy sauce, mirin, brown sugar, ginger, and garlic. Bring to a gentle simmer, stirring, until the sugar dissolves. Whisk in the cornstarch slurry and simmer 1 to 2 minutes until the sauce thickens enough to coat the back of a spoon -- it should look glossy. Set aside.
4. Sear the salmon: heat the neutral oil in a large skillet over medium-high heat until shimmering. Place the salmon skin-side down and cook 5 minutes until the skin crisps. Flip, brush the tops generously with teriyaki sauce, and cook 1 to 2 minutes more until 145 F inside. Transfer to a plate and brush with a little more sauce.
5. Wilt the bok choy: in the same skillet over medium-high heat, add the sesame oil. Add the bok choy cut-side down in a single layer and sear 2 minutes until the cut sides are golden. Flip, add 1/4 cup water, cover, and steam 2 to 3 minutes until the stems are tender-crisp and bright green.
6. Serve over rice: divide the rice among bowls, top with salmon and bok choy, spoon over extra teriyaki sauce, and garnish with sesame seeds and green onions.
7. Storage and reheating: refrigerate up to 2 days. Reheat the salmon gently in a 300 F oven 8 minutes; warm the bok choy and rice with a splash of water.
Common mistakes: Boiling the teriyaki sauce hard -- it turns bitter and over-reduces; keep it at a gentle simmer. Adding cornstarch to hot liquid directly -- it lumps; always stir it into cold water first. Overcrowding the bok choy -- give it a single layer or it steams soggy instead of searing. Microwaving the salmon to reheat -- it goes dry and fishy; use the low oven.",6,40,,salmon-teriyaki-with-bok-choy.webp
210,Salmon with Lemon Butter Orzo,American,720,40,46,38,"2 lb salmon fillets, cut into 6 portions
2 tsp kosher salt, divided (start with 2 tsp; adjust at the end)
1 tsp black pepper
2 tbsp olive oil, divided
2 cups orzo pasta, uncooked
6 tbsp butter (3/4 stick)
4 cloves garlic, minced (mince = chop very fine)
1/4 cup lemon juice (about 2 lemons), plus lemon wedges for serving
1 tsp lemon zest
1/2 cup grated Parmesan cheese
1 bunch asparagus, tough ends trimmed, cut into 2-inch pieces
1/4 cup fresh parsley, chopped","1. Mise en place: everything ready first. Mince (chop very fine) the garlic. Zest and juice the lemons. Grate the Parmesan. Chop the parsley. Trim the tough ends off the asparagus and cut into 2-inch pieces. Measure the orzo and butter. Pat the salmon dry and season with 1 tsp salt and the pepper.
2. Start the orzo: bring a large pot of generously salted water to a rolling boil. Cook the orzo 6 minutes, then add the asparagus pieces and cook 2 to 3 minutes more, until the orzo is al dente (tender with a slight bite) and the asparagus is bright green and tender-crisp. Drain, reserving 1 cup of the pasta water.
3. Make the lemon butter sauce: in the same pot over medium heat, melt the butter. Add the garlic and cook 1 minute until fragrant and just turning golden -- do not let it brown. Stir in the lemon juice, lemon zest, and 1/2 cup of the reserved pasta water. Bring to a gentle simmer.
4. Finish the orzo: return the drained orzo and asparagus to the pot. Add the Parmesan and toss 2 minutes until creamy and glossy, adding splashes of pasta water as needed. Stir in half the parsley. Taste and adjust salt.
5. Sear the salmon: heat 1 tbsp olive oil in a large skillet over medium-high heat until shimmering. Cook the salmon skin-side down 5 minutes until crisp, flip, and cook 1 to 2 minutes more until 145 F inside and the flesh flakes gently.
6. Serve the orzo in bowls with a salmon fillet on top, skin-side up so the skin stays crisp, spooning extra lemon butter sauce over. Garnish with the remaining parsley and serve with lemon wedges.
7. Storage and reheating: refrigerate up to 2 days. Reheat the orzo in a saucepan over low heat with a splash of water to loosen; warm the salmon in a 300 F oven 8 minutes.
Common mistakes: Overcooking the garlic -- browned garlic tastes bitter; pull it at pale gold. Skipping the reserved pasta water -- its starch is what turns butter and lemon into a silky sauce. Overcooking the orzo -- it keeps absorbing sauce in the pot, so pull it a minute early. Plating the salmon skin-side down -- the crisp skin goes soggy; keep it on top.",6,40,,salmon-with-lemon-butter-orzo.webp
211,"Salmon with Rice, Peas & Garlic",American,670,37,57,30,"2 lb salmon fillets, cut into 6 portions
2 tsp kosher salt, divided (start with 2 tsp; adjust at the end)
1 tsp black pepper
2 tbsp olive oil
2 cups long-grain rice, uncooked
3 cups water, for the rice
2 cups frozen peas, thawed (run under warm water first)
6 cloves garlic, minced (mince = chop very fine)
3 tbsp butter
2 tbsp lemon juice
1/4 cup fresh parsley, chopped
Lemon wedges, for serving","1. Mise en place: everything ready before heat goes on. Mince (chop very fine) the garlic. Chop the parsley. Juice the lemon. Thaw the peas under warm water. Measure the rice, water, butter, and oil. Pat the salmon dry and season with 1 tsp salt and the pepper.
2. Cook the rice: in a medium saucepan, combine the rice, 3 cups water, and 1/2 tsp salt. Bring to a boil over high heat, stir once, reduce to low, cover, and cook 15 minutes without lifting the lid. Rest, covered, 10 minutes off the heat. Fluff with a fork.
3. Sear the salmon: heat the olive oil in a large skillet over medium-high heat until shimmering. Place the salmon skin-side down -- it should sizzle. Cook 5 minutes without moving until the skin is crisp, flip, and cook 1 to 2 minutes more until 145 F inside. Transfer to a plate.
4. Make the garlic butter peas: in the same skillet over medium heat, melt the butter. Add the garlic and cook 1 minute until fragrant and pale gold -- do not brown it. Add the peas and 1/2 tsp salt; cook 3 to 4 minutes, stirring, until the peas are bright green and heated through. Stir in the lemon juice and parsley.
5. Serve the rice in bowls, top with the garlic butter peas, and lay a salmon fillet on top. Serve with lemon wedges.
6. Storage and reheating: refrigerate up to 2 days. Warm the rice and peas with a splash of water; warm the salmon gently in a 300 F oven 8 minutes.
Common mistakes: Burning the garlic -- it goes bitter fast; keep the heat at medium and pull it at pale gold. Overcooking the salmon -- check at the low end of the time range; it firms up as it rests. Soggy rice -- never lift the lid during the 15-minute cook or the 10-minute rest. Using still-frozen peas -- they drop the pan temperature and turn mushy before they heat through; thaw them under warm water first.",6,35,,salmon-with-rice-peas-garlic.webp
212,Salsa Verde Cod Tacos,Mexican,730,40,74,28,"2 lb cod fillets, skinless, cut into strips about 3 inches long and 1 inch wide, patted very dry
1.5 cups all-purpose flour, divided (1 cup for the batter, 0.5 cup for dredging)
0.5 cup cornstarch
1 tbsp baking powder
2 tsp kosher salt, divided
1 tsp ground cumin
1 tsp smoked paprika
1 cup cold Mexican lager beer (keep it ice cold; do not open until batter time)
1 large egg, lightly beaten
5 cups avocado oil, for frying (about 2 inches deep in a heavy skillet)
18 small corn tortillas (6-inch)
4 cups shredded green cabbage
0.5 cup Mexican crema (or sour cream)
0.25 cup mayonnaise
1 tbsp fresh lime juice, plus extra lime wedges for serving
1.5 cups salsa verde (tomatillo salsa)
0.75 cup crumbled cotija cheese
0.5 cup chopped fresh cilantro","1. Mise en place (get everything ready before any heat goes on): Cut the cod into strips about 3 inches long and 1 inch wide, then pat them dry with paper towels — dry fish grips batter better. Shred the cabbage into thin strips (shred = cut into long thin strips). Chop the cilantro (chop = cut into rough small pieces). Juice the lime. Slice limes into wedges. Set out the flour, cornstarch, baking powder, salt, cumin, paprika, egg, and beer near the stove. Make the lime crema: whisk the crema, mayonnaise, lime juice, and 0.5 tsp of the salt in a small bowl. Toss the cabbage with 2 tbsp of that crema mixture in a large bowl to make the slaw; keep the rest of the crema in the fridge for drizzling later.
2. Set a large heavy skillet (cast iron is best) over medium-high heat and pour in the avocado oil, about 2 inches deep. Heat the oil to 360F, checked with a kitchen thermometer. No thermometer? Dip a wooden spoon handle in the oil — if bubbles form vigorously around the wood, the oil is ready. If it smokes, it is too hot; slide the pan off the burner for a minute.
3. While the oil heats, whisk together the 1 cup of flour, cornstarch, baking powder, 1 tsp of the salt, cumin, and paprika in a large bowl. In a second bowl, whisk the cold beer with the beaten egg. Pour the wet mix into the dry mix and whisk just until smooth — a few small lumps are fine. The batter should be a little thinner than pancake batter. Keep it cold; if your kitchen is warm, set the batter bowl over a larger bowl of ice.
4. Season the fish strips with the remaining 1 tsp of salt. Put the 0.5 cup of flour for dredging on a plate. Working with one strip at a time, roll it in the flour and shake off the excess, dip it into the batter letting the extra drip off, and lay it gently into the hot oil, away from you so no oil splashes. Fry 4 to 5 pieces at a time — crowding drops the oil temperature and makes soggy batter.
5. Fry for 3 to 4 minutes total, turning once with tongs, until the coating is deep golden brown, puffed, and very crispy — it should sound loud and crackly. Lift each piece onto a wire rack set over a baking sheet (not paper towels; the rack keeps the bottom crisp) and sprinkle with a pinch of salt while hot. The cod should flake easily and read 145F at the thickest point. Let the oil come back to 360F between batches.
6. While the last batch fries, warm the tortillas: heat a dry skillet over medium-high heat and warm each tortilla 30 to 45 seconds per side until soft, pliable, and lightly charred in spots. Stack them in a clean kitchen towel to keep them warm.
7. Assemble: lay a warm tortilla flat, add a small handful of slaw, 2 pieces of crispy cod, a spoonful of salsa verde, a drizzle of the lime crema, a sprinkle of cotija and cilantro, and a squeeze of lime. Serve right away while the fish is crackling.
8. Storage and reheating: fried fish is best eaten fresh. Refrigerate leftovers within 2 hours in a covered container for up to 2 days. Reheat in a 400F oven on a wire rack for 8 to 10 minutes until crisp again — never microwave fried fish, which turns the batter rubbery. Slaw keeps 2 days in the fridge.
Common mistakes:
- Oil too cool (under 340F): the batter soaks up oil and turns greasy instead of crisp — use a thermometer and wait for 360F between batches.
- Warm batter: warm beer makes a flat, heavy coating — keep the beer ice cold until the moment you whisk it in.
- Wet fish: damp strips make the batter slide off — pat the cod thoroughly dry before dredging.
- Overcooking the cod: past 145F it goes dry and chalky — check the temperature at the thickest strip.",6,50,Baja California,salsa-verde-cod-tacos.webp
213,Scallop Tomato Risotto,Italian,560,39,49,20,"1.5 cups arborio rice
2 lb large dry sea scallops (U-15/U-20), side muscle removed, patted very dry
6 cups low-sodium chicken or vegetable broth
1.5 cups crushed tomatoes
1 large yellow onion, diced (cut into small even cubes about 1/2 inch)
4 garlic cloves, minced (chopped very fine)
0.5 cup dry white wine, such as pinot grigio or sauvignon blanc
4 tbsp unsalted butter, divided
3 tbsp olive oil, divided
1 cup finely grated Parmesan cheese
0.5 cup chopped fresh basil or flat-leaf parsley
1 tbsp fresh lemon juice, plus the zest of 1 lemon
1.5 tsp kosher salt, divided, plus more as needed
0.75 tsp black pepper, divided","1. Mise en place: Dice the onion (dice = cut into small even cubes about 1/2 inch). Mince the garlic (mince = chop very fine). Grate the Parmesan. Chop the basil or parsley. Zest and juice the lemon. Pull the tough side muscle off each scallop (it is the small flap on the edge; it just peels off) and pat the scallops very dry with paper towels — dry scallops are the secret to a golden sear. Pour the broth into a saucepan and keep it warm over low heat; cold broth cools the pan and stalls the risotto.
2. Heat 1 tbsp of the butter and 1 tbsp of the olive oil in a wide, heavy pan or Dutch oven over high heat until the butter foams and just starts to brown. Working in two batches so the scallops do not steam each other, lay the scallops in a single layer with space between them and sear 1.5 to 2 minutes per side without moving them, until each side has a deep golden-brown crust. The center should be opaque and just firm to the touch (translucent center = not done yet). Season with 0.5 tsp of the salt and 0.25 tsp of the pepper as they cook. Move the scallops to a plate; they will finish in the hot risotto later.
3. Reduce the heat to medium. In the same pan, add 1 tbsp of the olive oil and the diced onion with the remaining 1 tsp of salt. Cook 5 to 7 minutes, stirring often, until the onion is soft, translucent, and sweet-smelling — not browned. Add the garlic and cook 30 seconds more, until fragrant.
4. Stir in the arborio rice and toast it for 2 minutes, stirring constantly, until the edges of the grains look translucent and they smell faintly nutty (this step is called the tostatura; it keeps the grains distinct). Pour in the white wine and stir until it has almost completely evaporated and the pan no longer smells sharp and boozy, about 1 minute.
5. Stir in the crushed tomatoes and one ladle (about 0.75 cup) of the warm broth. Simmer gently, stirring every minute or two, until most of the liquid is absorbed. Keep adding warm broth one ladle at a time, stirring and waiting for absorption before adding the next. After 18 to 22 minutes, taste a grain: it should be tender with a tiny bite at the center (al dente) and the mixture should look creamy, flowing like thick porridge — risotto should spread slowly when you shake the pan (the Italian ideal, all'onda, ""like a wave""). You may not need every drop of broth.
6. Off the heat, stir in the remaining 2 tbsp of butter, the Parmesan, the lemon zest and lemon juice, and 0.25 tsp of the pepper. Taste and add more salt if it needs it. Fold the seared scallops into the risotto and let it sit 2 minutes — the residual heat warms them through without overcooking.
7. Serve: spoon into warm bowls, top with the chopped basil or parsley, and finish with a thread of olive oil. Serve immediately — risotto waits for no one and thickens as it stands.
8. Storage and reheating: refrigerate within 2 hours for up to 2 days. To reheat, warm gently in a saucepan over low heat with a splash of broth, stirring until creamy again — the microwave makes it gummy. Leftover risotto makes excellent crisped risotto cakes in a hot oiled skillet.
Common mistakes:
- Cold or added-all-at-once broth: it shocks the starch and the risotto turns gluey or chalky — keep the broth at a bare simmer and add it ladle by ladle.
- Crowding the scallops: they steam instead of searing and never get a crust — sear in two batches with space between each scallop, and pat them dry first.
- Overcooking the rice: mushy risotto has no bite — start tasting at 18 minutes and stop at tender-with-a-tiny-core.",6,50,,scallop-tomato-risotto.webp
214,Seared Trout with Tomato Olive Rice,Spanish,562,36,57,20,"2 lb rainbow trout fillets (6 fillets, about 5 to 6 oz each), skin on or off
2 cups long-grain white rice
1 can (14.5 oz) diced tomatoes with their juices
1 cup pitted Kalamata olives, halved (slice = cut into thin flat pieces)
1 large yellow onion, diced (cut into small even cubes about 1/2 inch)
4 garlic cloves, minced (chopped very fine)
3 cups low-sodium chicken broth
4 tbsp olive oil, divided
1.5 tsp smoked paprika (pimenton dulce), divided
0.25 tsp saffron threads, crumbled (optional; or 0.5 tsp turmeric for color)
1 lemon, cut into wedges
0.5 cup chopped fresh flat-leaf parsley
1.75 tsp kosher salt, divided
0.75 tsp black pepper","1. Mise en place: Dice the onion (dice = cut into small even cubes about 1/2 inch). Mince the garlic (mince = chop very fine). Halve the olives (slice = cut into thin flat pieces). Chop the parsley. Cut the lemon into wedges. Check the trout for bones: run a fingertip along the thickest part and pull any pin bones you feel with tweezers or clean pliers. Pat the fillets dry — dry skin crisps, wet skin steams. If using saffron, crumble the threads into 2 tbsp of hot water and let them soak while you cook.
2. Heat 2 tbsp of the olive oil in a large heavy pot or Dutch oven over medium heat. Add the onion and 1 tsp of the salt and cook 6 to 8 minutes, stirring often, until soft and translucent with lightly golden edges. Add the garlic and 1 tsp of the smoked paprika; stir 30 seconds until it smells toasty and sweet — do not let the paprika burn or it turns bitter.
3. Stir in the rice and toast 1 minute, coating every grain in the flavored oil. Pour in the diced tomatoes with their juices, the olives, the saffron soaking liquid (or the turmeric), and the chicken broth. Stir once, bring to a boil, then reduce to a gentle simmer and cover.
4. Cook the rice undisturbed for 18 minutes — do not lift the lid and do not stir, which makes rice gummy. Then turn off the heat and let it rest, still covered, for 10 minutes. The resting time finishes the grains and lets the steam settle. Fluff with a fork; every grain should be tender and separate, tinted golden from the tomato and saffron, studded with olives.
5. While the rice rests, sear the trout. Season the fillets with the remaining 0.75 tsp of salt, the remaining 0.5 tsp of smoked paprika, and the black pepper. Heat the remaining 2 tbsp of olive oil in a large skillet over medium-high heat until it shimmers and flows easily. Lay the fillets skin-side down (or presentation-side down if skinless), pressing gently with a spatula for 10 seconds so they do not curl.
6. Sear 4 to 5 minutes on the first side without moving them — the skin should be crisp and deep golden, and the flesh will have turned opaque about two-thirds of the way up. Flip carefully and cook 2 to 3 minutes more, until the thickest part flakes with a fork and reads 145F. Move to a plate and let the fish rest 2 minutes.
7. Serve: spoon the tomato olive rice into shallow bowls, lay a trout fillet on top, scatter with parsley, and finish with a squeeze of lemon. Andalusia-style — simple, bright, and unhurried.
8. Storage and reheating: refrigerate within 2 hours for up to 2 days. Reheat the fish gently in a 300F oven for 10 minutes so it does not dry out; warm the rice in a covered saucepan with a splash of broth. Do not microwave the trout — it goes rubbery.
Common mistakes:
- Stirring or peeking at the rice: it releases starch and turns sticky instead of fluffy — cover and leave it alone for the full 18 minutes plus the 10-minute rest.
- Moving the fish too soon: the skin sticks and tears — it releases from the pan by itself once it is properly crisped.
- Burning the paprika: it scorches in seconds — add it with the garlic and keep everything moving for just 30 seconds.",6,45,Andalusia,seared-trout-with-tomato-olive-rice.webp
215,Sesame-Free Tuna Poke Bowls,American,818,42,97,20,"2 lb sushi-grade ahi tuna, cut into 3/4-inch cubes
3 cups short-grain white rice, rinsed well
3 cups water, for cooking rice
1 tsp kosher salt, for the rice water
0.5 cup low-sodium soy sauce
2 tbsp rice vinegar
1 tbsp honey
1 tbsp avocado oil (this recipe is sesame-free; we skip sesame oil and sesame seeds entirely)
1 tbsp fresh ginger, grated
4 green onions, thinly sliced (slice = cut into thin flat pieces)
1 tsp crushed red pepper flakes (start with 0.5 tsp if you like it mild)
2 ripe avocados, diced
2 cups diced fresh mango
1 English cucumber, thinly sliced
0.5 cup roasted macadamia nuts, coarsely crushed
4 cups shredded red cabbage
0.25 cup chopped fresh cilantro
1 lime, cut into wedges","1. Mise en place and food safety first: poke uses RAW fish, so buy tuna labeled sushi-grade or sashimi-grade from a trusted fish market, keep it in the coldest part of the fridge (under 40F) until the moment you cook, and keep everything — cut board, knife, bowl — cold and clean. If the tuna smells fishy instead of fresh and ocean-clean, do not use it. Cube the tuna into 3/4-inch pieces and return it to the fridge immediately. Rinse the rice in a fine-mesh strainer until the water runs clear. Grate the ginger. Thinly slice the green onions (slice = cut into thin flat pieces). Dice the avocados and mango. Thinly slice the cucumber. Shred the red cabbage. Chop the cilantro. Crush the macadamia nuts with the bottom of a pan. Cut the lime into wedges.
2. Cook the rice: combine the rinsed rice, 3 cups of water, and the salt in a medium saucepan. Bring to a boil over high heat, then reduce to the lowest simmer, cover tightly, and cook 15 minutes without lifting the lid. Turn off the heat and rest 10 minutes. Fluff with a fork or rice paddle. Short-grain rice should be plump, slightly sticky, and glossy. Let it cool to warm (not hot) — spread it on a tray for 10 minutes if you are in a hurry.
3. Make the poke sauce: in a large bowl, whisk the soy sauce, rice vinegar, honey, avocado oil, grated ginger, and red pepper flakes until the honey dissolves. Taste it — you want salty, tangy, and a little sweet, with gentle heat. Add more honey or pepper flakes to adjust.
4. Take the tuna out of the fridge and add the cold cubes to the sauce along with half of the sliced green onions. Toss gently with a spoon — do not stir hard or the cubes break apart. Cover and marinate in the fridge for 10 to 15 minutes, no longer (the acid starts to ""cook"" the fish and change its texture if left too long).
5. Build the bowls: spoon warm rice into 6 wide bowls. Arrange the marinated tuna over the rice, spooning the extra sauce over the top. Fan the avocado, mango, cucumber, and red cabbage alongside the tuna. Finish with the crushed macadamia nuts (your sesame-free crunch), the remaining green onions, cilantro, and a lime wedge.
6. Serve immediately while the tuna is still cold and the rice is warm. Eat poke the day it is made — raw fish should never sit out more than 2 hours, and any leftovers must be refrigerated and eaten within 24 hours.
7. Storage: this dish does not keep well. Leftover tuna can be refrigerated in a covered container and eaten the next day, but the texture is best fresh. Do not freeze raw poke tuna.
Common mistakes:
- Using fish that is not sushi-grade: raw fish carries food-safety risk — buy from a reputable fish counter and ask for sushi-grade ahi, keeping it ice cold until serving.
- Over-marinating: after 15 minutes the tuna turns chalky at the edges — keep it to 10 to 15 minutes in the fridge.
- Hot rice under raw fish: it warms the tuna and dulls its flavor — cool the rice to just warm before building bowls.
- Adding sesame: this recipe is intentionally sesame-free (macadamia nuts give the richness and crunch) — double-check any store-bought sauces for hidden sesame oil.",6,55,Hawaii,sesame-free-tuna-poke-bowls.webp
216,Shaking Beef Tomato Rice,Vietnamese,607,48,48,22,"2.5 lb top sirloin, cut into 1-inch cubes
3 tbsp oyster sauce
2 tbsp fish sauce
2 tbsp low-sodium soy sauce
1 tbsp granulated sugar
5 garlic cloves, minced (chopped very fine), divided
1 tsp black pepper
3 tbsp avocado oil (or another neutral high-heat oil), divided
2 tbsp unsalted butter, divided
1 large red onion, cut into thin wedges (slice = cut into thin flat pieces)
5 cups cooked jasmine rice, day-old and chilled (start with about 1.75 cups dry rice)
2 tbsp tomato paste
1 tbsp fish sauce (for the rice)
2 tsp chicken bouillon powder (or 1 crumbled bouillon cube)
2 large eggs, beaten
1 bunch watercress (or 4 cups mixed salad greens)
2 ripe tomatoes, cut into wedges
1 cucumber, thinly sliced (slice = cut into thin flat pieces)
2 tbsp fresh lime juice (about 2 limes)
1 tsp kosher salt
1 tsp black pepper (for the lime-pepper dip)","1. Mise en place: Cut the sirloin into 1-inch cubes — even cubes cook evenly. Mince the garlic (mince = chop very fine). Cut the red onion into thin wedges. Slice the cucumber into thin pieces (slice = cut into thin flat pieces). Cut the tomatoes into wedges. Juice the limes. Beat the eggs. If you do not have day-old rice, spread freshly cooked jasmine rice on a tray and refrigerate it uncovered for at least 30 minutes — dry, cold rice fries up fluffy instead of gummy.
2. Marinate the beef: in a large bowl, toss the beef cubes with the oyster sauce, fish sauce, soy sauce, sugar, 4 of the minced garlic cloves, and the 1 tsp of black pepper. Let it marinate at room temperature for 15 minutes (or refrigerate up to 8 hours for deeper flavor — bring it back to room temperature for 20 minutes before cooking so it sears instead of steams).
3. Make the lime-pepper dipping sauce: stir the lime juice, kosher salt, and the second 1 tsp of black pepper in a small bowl until the salt mostly dissolves. Set aside — this bright, peppery dip is the signature finish of bo luc lac.
4. Make the tomato rice: heat 1 tbsp of the avocado oil in a large skillet or wok over medium heat. Add the beaten eggs and scramble 1 to 2 minutes until just set in soft curds; move to a plate. Add another 1 tbsp of oil and the remaining 1 minced garlic clove; cook 1 minute until fragrant and pale gold. Add the tomato paste and cook 1 minute, stirring, until it darkens to a brick red and smells sweet — cooking the paste raw-tomato taste out. Add the cold rice, breaking up any clumps with a spatula, then the fish sauce and bouillon powder. Toss 3 to 4 minutes until every grain is rosy and the rice is hot through. Fold the scrambled egg back in. Keep warm.
5. Sear the beef: wipe the skillet clean and heat the remaining 1 tbsp of oil over HIGH heat until it shimmers and just starts to smoke. Add HALF the beef cubes in a single layer with space between them — crowding is the enemy of a crust. Leave them alone for 2 minutes until deeply browned on one side, then shake the pan (the dish's namesake ""luc lac"" shaking) or flip the cubes and sear 1 to 2 minutes more. You want a charred crust and a pink center, about 130 to 135F — medium-rare. Move to a plate and repeat with the second half.
6. With the heat still on, add 1 tbsp of butter to the empty pan and the red onion wedges; toss 1 to 2 minutes until they soften slightly but keep a bite. Return all the beef to the pan, add the remaining 1 tbsp of butter, and toss everything for 30 seconds so the cubes gloss with sauce. The beef needs a 5-minute rest — the juices settle back in and it stays juicy.
7. Serve: pile the tomato rice on a platter, arrange the watercress, tomato wedges, and cucumber alongside, and spoon the shaking beef over the top. Serve the lime-pepper dip on the side for each person to dip or drizzle.
8. Storage and reheating: refrigerate within 2 hours for up to 3 days. Reheat the beef gently in a hot skillet for 2 minutes — just until warm — since it is already medium-rare and will overcook if blasted. Warm the rice in a covered skillet with a splash of water. The salad greens are best fresh.
Common mistakes:
- Crowding the pan: the beef steams gray instead of searing — cook in two batches with space between cubes, on the highest heat your stove gives.
- Cooking past medium-rare: 1-inch cubes go from juicy to tough in a minute — sear fast, rest 5 minutes, and trust the pink center.
- Fresh, wet rice for the tomato rice: it clumps and steams — day-old cold rice (or chilled spread-out fresh rice) fries up separate and fluffy.",6,55,,shaking-beef-tomato-rice.webp
217,Shrimp & Broccoli Couscous,Moroccan,630,44,66,20,"2 lb large shrimp (21/25), peeled and deveined, tails removed
2 cups dry instant couscous
2.25 cups low-sodium chicken broth
6 cups broccoli florets (about 1.5 lb), cut into bite-size pieces
2 tsp ground cumin
1.5 tsp ground coriander
1 tsp ground turmeric
1 tsp sweet paprika
0.5 tsp ground cinnamon
0.5 tsp cayenne pepper (optional; start with 0.25 tsp for gentle heat)
4 tbsp olive oil, divided
3 tbsp unsalted butter, divided
1 large yellow onion, diced (cut into small even cubes about 1/2 inch)
4 garlic cloves, minced (chopped very fine)
1.5 tsp kosher salt, divided
0.5 cup golden raisins
0.33 cup sliced almonds, toasted
0.5 cup chopped fresh cilantro
0.25 cup chopped fresh mint
1 lemon, cut into wedges","1. Mise en place: Dice the onion (dice = cut into small even cubes about 1/2 inch). Mince the garlic (mince = chop very fine). Cut the broccoli into bite-size florets (small enough to eat in one bite). Chop the cilantro and mint. Cut the lemon into wedges. Measure all the spices into one small bowl — cumin, coriander, turmeric, paprika, cinnamon, and cayenne — so they go in together. Pat the shrimp dry; dry shrimp sears instead of steams.
2. Cook the broccoli: bring a large pot of salted water to a rolling boil and blanch the broccoli for 2 minutes, until bright green and just tender when pierced with a fork — it should still have bite. Drain and immediately run under cold water (or plunge into ice water) to lock in the color. Set aside.
3. Make the couscous: in a saucepan, bring the chicken broth, 1 tbsp of the butter, and 0.75 tsp of the salt to a boil. Take the pan OFF the heat, pour in the couscous, stir once, and cover tightly. Let it sit undisturbed for 5 minutes — the grains swell and absorb every drop. Then uncover and fluff with a fork, breaking up any clumps by raking the tines through the grains (never mash with a spoon, which crushes them). Stir in 1 tbsp of butter while the couscous is hot. Authentic Moroccan couscous is triple-steamed in a couscoussier, which takes an hour; this 5-minute method gives the same fluffy spirit in a weeknight kitchen.
4. Heat 2 tbsp of the olive oil in a large deep skillet over medium-high heat until shimmering. Add the shrimp in a single layer, season with 0.5 tsp of the salt and all the spice mix, and cook 2 minutes per side without moving them — they are done when curled into a loose C, pink, and opaque all the way through. An overcooked shrimp curls into a tight O. Move to a plate.
5. In the same skillet, heat the remaining 2 tbsp of olive oil over medium heat. Add the onion and remaining 0.25 tsp of salt; cook 5 minutes until soft and golden at the edges. Add the garlic and cook 30 seconds until fragrant. Add the broccoli and raisins; toss 2 minutes until the broccoli is hot and glossy with the spiced oil.
6. Add the fluffed couscous to the skillet and toss everything together 1 minute. Fold in the shrimp, the toasted almonds, cilantro, and mint. Taste and add more salt or a squeeze of lemon until it sings — lemon wakes up all the warm spices.
7. Serve: mound the couscous in a wide serving bowl or platter, scatter a few extra almonds and herbs on top, and pass lemon wedges. Traditionally it is mounded into a cone — a fun, authentic touch.
8. Storage and reheating: refrigerate within 2 hours for up to 3 days. Reheat in a covered skillet over medium heat with a splash of broth for 5 minutes, stirring once, until steaming — the microwave dries out shrimp. The couscous also makes a great cold lunch straight from the fridge.
Common mistakes:
- Skipping the fluff: unfluffed couscous sits in a dense cake — rake it with a fork the moment it comes off the heat, twice if needed.
- Overcooking the shrimp: rubbery shrimp ruin the dish — 2 minutes per side is plenty; pull them when they form a loose C.
- Using unsalted cooking water or broth for the couscous: the grains taste bland from the inside — always salt the liquid.",6,45,,shrimp-broccoli-couscous.webp
218,Shrimp & Tomato Orzo,Greek,691,46,59,28,"1 lb dry orzo
2 lb large shrimp (21/25), peeled and deveined
2 cans (14.5 oz each) crushed tomatoes
0.5 cup extra-virgin olive oil, divided
1 large red onion, diced (cut into small even cubes about 1/2 inch)
4 garlic cloves, minced (chopped very fine)
1 tbsp dried oregano
0.5 tsp crushed red pepper flakes (start with 0.25 tsp for gentle heat)
6 oz feta cheese, crumbled
0.5 cup pitted Kalamata olives, halved (slice = cut into thin flat pieces)
0.5 cup chopped fresh flat-leaf parsley
1 lemon, cut into wedges
1.5 tsp kosher salt, divided
0.75 tsp black pepper","1. Mise en place: Dice the red onion (dice = cut into small even cubes about 1/2 inch). Mince the garlic (mince = chop very fine). Halve the olives (slice = cut into thin flat pieces). Chop the parsley. Crumble the feta. Cut the lemon into wedges. Pat the shrimp very dry. Position an oven rack 6 inches from the broiler and heat the broiler to high — you will finish the dish under it, Greek taverna style.
2. Cook the orzo: bring a large pot of well-salted water to a rolling boil and cook the orzo 1 to 2 minutes LESS than the package says for al dente — it will finish in the sauce. Drain, reserving 1 cup of the pasta water, and toss the orzo with 1 tbsp of the olive oil so it does not stick.
3. Sear the shrimp: heat 2 tbsp of the olive oil in a large oven-safe skillet over medium-high heat until shimmering. Add the shrimp in a single layer with 0.5 tsp of the salt and 0.25 tsp of the pepper; cook 1 to 2 minutes per side until just pink and curled. They will finish under the broiler, so pull them early — still slightly translucent in the very center is perfect. Move to a plate.
4. Build the tomato sauce (garides saganaki style): in the same skillet over medium heat, add 2 tbsp of the olive oil and the red onion with 0.5 tsp of the salt; cook 5 minutes until soft and sweet. Add the garlic, oregano, and red pepper flakes; cook 30 seconds until fragrant. Pour in the crushed tomatoes and simmer 8 to 10 minutes, stirring often, until the sauce thickens enough that a spoon leaves a brief trail — it should look rich and glossy, not watery. Season with the remaining 0.5 tsp of salt and 0.5 tsp of pepper; taste and adjust.
5. Fold the drained orzo and the olives into the sauce, adding splashes of the reserved pasta water until the orzo is glossy and saucy but not soupy. Nestle the shrimp into the orzo, then crumble the feta evenly over the top.
6. Slide the skillet under the broiler for 2 to 3 minutes, until the feta softens and turns golden at the edges and the sauce bubbles at the corners. Watch it closely — broilers go from golden to burnt fast. Let it rest 3 minutes so the sauce settles.
7. Serve: drizzle with the remaining olive oil (about 3 tbsp), scatter the parsley, and pass lemon wedges for squeezing over each bowl. Crusty bread for the sauce is very Greek and very encouraged.
8. Storage and reheating: refrigerate within 2 hours for up to 3 days. Reheat in a covered skillet over medium-low heat with a splash of water for 6 to 8 minutes until steaming — the feta re-melts into the sauce. The microwave works in a pinch but the feta gets rubbery.
Common mistakes:
- Overcooking the orzo in the pot: it goes mushy in the sauce — pull it 1 to 2 minutes early; it finishes in the tomato sauce.
- Cooking the shrimp twice as long: sear briefly on the stove because the broiler finishes them — fully cooked shrimp plus broiler time equals rubber.
- Walking away from the broiler: feta browns in seconds and burns just as fast — stay at the oven and watch.",6,45,,shrimp-tomato-orzo.webp
219,Shrimp Enchilada Rice Bake,Mexican,702,55,52,28,"2 lb large shrimp (21/25), peeled, deveined, and cut into thirds
4 cups cooked long-grain white rice (from about 1.25 cups dry)
2 cans (10 oz each) red enchilada sauce
2 cups shredded Monterey Jack cheese, divided
1 cup shredded sharp cheddar cheese
1 can (15 oz) black beans, drained and rinsed
1 can (4.25 oz) diced green chiles
1 large yellow onion, diced (cut into small even cubes about 1/2 inch)
2 garlic cloves, minced (chopped very fine)
2 tbsp olive oil
1 tsp ground cumin
1 tsp chili powder
1.25 tsp kosher salt, divided
0.5 cup sour cream, for serving
0.5 cup chopped fresh cilantro
1 fresh jalapeno, thinly sliced (optional, for serving)","1. Mise en place: Preheat the oven to 375F. If the rice is not already cooked, start it first — 1.25 cups of dry rice simmered in 2.5 cups of salted water for 15 minutes, then rested 10 minutes, makes about 4 cups. Dice the onion (dice = cut into small even cubes about 1/2 inch). Mince the garlic (mince = chop very fine). Cut the shrimp into thirds so the pieces are bite-size. Drain and rinse the black beans. Shred the cheeses if not pre-shredded. Chop the cilantro. Thinly slice the jalapeno if using. Lightly oil a 9x13-inch baking dish.
2. Heat the olive oil in a large skillet over medium-high heat. Add the onion and 0.5 tsp of the salt; cook 5 minutes, stirring, until soft and golden at the edges. Add the garlic, cumin, and chili powder; cook 30 seconds until the spices smell toasty.
3. Add the shrimp pieces, the remaining 0.75 tsp of salt, and the diced green chiles. Cook 2 to 3 minutes, stirring, just until the shrimp turn pink and curl — they will finish in the oven, so pull them slightly underdone.
4. Stir in the enchilada sauce, black beans, and the cooked rice. Fold everything together until the rice is evenly coated. Fold in 1 cup of the Monterey Jack until just starting to melt. Taste and add more salt if it needs it — the sauce brands vary in saltiness.
5. Spread the mixture evenly into the prepared baking dish. Sprinkle the remaining 1 cup of Monterey Jack and the cheddar evenly over the top.
6. Bake 20 to 25 minutes, until the cheese is melted, golden in spots, and the edges bubble vigorously. The center should be steaming hot (165F on an instant-read thermometer) and the shrimp fully pink and opaque. If the cheese needs more color, broil 1 to 2 minutes at the end — watch closely.
7. Rest 10 minutes out of the oven so the bake sets and is easier to serve. Top with dollops of sour cream, the cilantro, and jalapeno slices. Serve straight from the dish.
8. Storage and reheating: refrigerate within 2 hours for up to 3 days. Reheat covered with foil in a 350F oven for 20 minutes, or microwave single portions 2 to 3 minutes until steaming. It also freezes well for up to 2 months — thaw overnight in the fridge before reheating.
Common mistakes:
- Fully cooking the shrimp on the stove: they turn rubbery in the oven — pull them when just pink, still slightly underdone.
- Skipping the rest: cutting in immediately makes a soupy scoop — 10 minutes lets the cheese and rice set.
- Dry rice in the bake: day-old dry rice soaks up the sauce perfectly; if your rice is fresh and wet, use a touch less enchilada sauce.",6,55,Tex-Mex,shrimp-enchilada-rice-bake.webp
220,Shrimp Jalapeño Tacos,Mexican,500,37,40,20,"2 lb large shrimp (21/25), peeled and deveined
3 fresh jalapenos, thinly sliced into rounds (slice = cut into thin flat pieces)
1 cup sour cream
1 fresh jalapeno, minced (mince = chop very fine)
2 tbsp fresh lime juice, plus lime wedges for serving
2 tbsp unsalted butter
1 tbsp olive oil
3 garlic cloves, minced (chopped very fine)
1 tsp ground cumin
1 tsp chili powder
0.75 tsp kosher salt
18 small corn tortillas (6-inch)
3 cups shredded green cabbage
1 ripe avocado, sliced
0.5 cup chopped fresh cilantro","1. Mise en place: Thinly slice 3 jalapenos into rounds (slice = cut into thin flat pieces) — wear gloves or wash your hands well after, and do not touch your eyes. Mince the remaining jalapeno (mince = chop very fine) for the crema. Mince the garlic. Juice the limes. Shred the cabbage. Slice the avocado just before serving so it does not brown. Chop the cilantro. Pat the shrimp dry. Stir the crema: whisk the sour cream, minced jalapeno, lime juice, and a pinch of the salt in a bowl. Taste — for more heat, add some of the jalapeno seeds; for less, leave them out. Keep it chilled.
2. Warm the tortillas: heat a dry skillet over medium-high heat and warm each tortilla 30 to 45 seconds per side until soft, pliable, and lightly charred in spots. Stack them in a clean kitchen towel so they stay warm and do not crack when folded.
3. Heat the butter and olive oil in a large skillet over medium-high heat until the butter melts and foams. Add the shrimp in a single layer along with the cumin, chili powder, and the 0.75 tsp of salt. Cook 2 minutes, then flip and scatter the jalapeno rounds over the shrimp. Cook 1 to 2 minutes more, until the shrimp are pink, curled into a loose C, and opaque — the jalapeno rounds should be bright green and just softened. Add the garlic in the last 30 seconds, stirring, until fragrant (garlic burns fast, so it goes in last).
4. The shrimp are done when they read 145F at the thickest point or are opaque all the way through. Squeeze half a lime over the pan and toss.
5. Assemble: on each warm tortilla, lay a small handful of cabbage, 3 to 4 shrimp, a few softened jalapeno rounds, avocado slices, a drizzle of jalapeno-lime crema, and a sprinkle of cilantro. Serve with lime wedges for squeezing.
6. Storage and reheating: refrigerate leftover shrimp within 2 hours for up to 2 days. Reheat gently in a covered skillet over medium-low heat for 3 to 4 minutes with a splash of water — just until warm — since shrimp toughen quickly. Keep the crema chilled and use within 3 days. Tortillas rewarm in a dry skillet.
Common mistakes:
- Adding the garlic too early: minced garlic burns in under a minute over high heat and turns bitter — stir it in for only the final 30 seconds.
- Overcooking the shrimp: tight-O curls are rubbery — pull them at a loose C, pink and just opaque.
- Cold, stiff tortillas: they crack when folded — warm them in a dry skillet and keep them wrapped in a towel until serving.",6,35,,shrimp-jalapeno-tacos.webp
221,Shrimp Pomodoro Risotto,Italian,599,44,50,20,"1.5 cups arborio rice
2 lb large shrimp (21/25), peeled and deveined
1 can (28 oz) crushed tomatoes
6 cups low-sodium chicken or vegetable broth, kept warm
1 large yellow onion, diced (cut into small even cubes about 1/2 inch)
4 garlic cloves, minced (chopped very fine)
0.5 cup dry white wine
4 tbsp unsalted butter, divided
3 tbsp olive oil, divided
0.75 cup finely grated Parmesan cheese
0.5 cup torn fresh basil leaves
0.5 tsp crushed red pepper flakes (optional; start with 0.25 tsp for gentle heat)
1 tbsp fresh lemon juice
1.5 tsp kosher salt, divided
0.75 tsp black pepper","1. Mise en place: Dice the onion (dice = cut into small even cubes about 1/2 inch). Mince the garlic (mince = chop very fine). Grate the Parmesan. Tear the basil leaves. Juice the lemon. Pat the shrimp very dry. Pour the broth into a saucepan and keep it at a bare simmer over low heat — warm broth keeps the risotto cooking steadily; cold broth stalls it and makes the rice gummy.
2. Heat 2 tbsp of the olive oil in a wide, heavy pan or Dutch oven over medium-high heat until shimmering. Season the shrimp with 0.5 tsp of the salt and 0.25 tsp of the pepper. Sear in a single layer 1 to 2 minutes per side, just until pink and curled into a loose C — pull them slightly underdone (still a hint translucent at the thickest point) because they will finish in the hot risotto. Move to a plate.
3. Reduce the heat to medium. In the same pan, add the remaining 1 tbsp of olive oil and the onion with 0.5 tsp of the salt. Cook 5 to 7 minutes, stirring often, until soft, translucent, and sweet — not browned. Add the garlic and red pepper flakes; cook 30 seconds until fragrant.
4. Stir in the arborio rice and toast 2 minutes, stirring constantly, until the grain edges look translucent and smell faintly nutty. Pour in the wine and stir until it has nearly evaporated and the sharp boozy smell is gone, about 1 minute.
5. Pour in the crushed tomatoes and stir to coat the rice. Add one ladle (about 0.75 cup) of warm broth and simmer gently, stirring every minute or two, until most of the liquid is absorbed. Keep adding broth one ladle at a time, stirring and waiting for absorption. After 18 to 22 minutes total, taste a grain: it should be tender with a tiny bite at the center, and the whole pan should look creamy and flow slowly when shaken — never stiff or soupy.
6. Off the heat, stir in the remaining 2 tbsp of butter, the Parmesan, and the lemon juice. Fold in the seared shrimp and let it sit 2 minutes — the residual heat finishes the shrimp gently so they stay plump. Taste and add the remaining 0.5 tsp of salt and 0.5 tsp of pepper, or more to your liking.
7. Serve: spoon into warm bowls and shower with the torn basil. A true pomodoro risotto glistens — finish with a thin thread of olive oil if you like.
8. Storage and reheating: refrigerate within 2 hours for up to 2 days. Reheat gently in a saucepan over low heat with a splash of broth, stirring until creamy again. Like all risotto, it is best fresh and thickens as it stands, so do not over-reduce on the stove.
Common mistakes:
- Adding cold broth: it drops the pan temperature and the starch seizes — keep the broth at a bare simmer the whole time.
- Cooking the shrimp fully on the stove: they finish in the risotto's residual heat, so sear them just underdone — pink outside, a whisper translucent inside.
- Serving too thick: risotto should ripple and spread when the bowl is shaken — if it stands in a stiff mound, stir in another splash of warm broth.",6,50,,shrimp-pomodoro-risotto.webp
222,Soy Garlic Chicken & Edamame,Korean,601,49,47,25,"3 lb boneless, skinless chicken thighs, cut into 1.5-inch pieces
0.5 cup low-sodium soy sauce
0.25 cup packed brown sugar (or 3 tbsp honey)
6 garlic cloves, minced (chopped very fine)
1 tbsp fresh ginger, grated
2 tbsp rice vinegar
1 tbsp toasted sesame oil
3 tbsp avocado oil (or another neutral oil), divided
2 cups frozen shelled edamame, thawed
4 green onions, thinly sliced (slice = cut into thin flat pieces)
1 tbsp sesame seeds (optional, for garnish)
4 cups cooked white rice, for serving
0.5 tsp black pepper","1. Mise en place: Cut the chicken thighs into 1.5-inch pieces — even pieces cook evenly. Mince the garlic (mince = chop very fine). Grate the ginger. Thinly slice the green onions (slice = cut into thin flat pieces). Thaw the edamame by running it under warm water in a strainer, then drain well. In a large bowl, whisk the soy sauce, brown sugar, garlic, ginger, rice vinegar, and sesame oil until the sugar dissolves — this is both the marinade and the glaze.
2. Add the chicken pieces to the marinade and toss to coat every piece. Marinate 15 minutes at room temperature (or refrigerate up to 8 hours for deeper flavor — set it out 20 minutes before cooking so the cold chicken does not cool the pan). Keep the marinade bowl — you will use it next. (Food-safety rule: marinade that touched raw chicken must be boiled a full 2 minutes before it becomes sauce — that happens in step 5, so do not taste it raw.)
3. Lift the chicken out of the marinade, letting the excess drip off, and set the marinade bowl aside — you will use it next. Heat 1.5 tbsp of the avocado oil in a large heavy skillet over medium-high heat until shimmering. Add HALF the chicken in a single layer with space between pieces and sear 3 to 4 minutes per side without moving, until deep golden-brown with caramelized edges. The chicken should read 165F at the thickest piece and the juices should run clear. Move to a plate and repeat with the remaining 1.5 tbsp of oil and the second half.
4. Return all the chicken to the skillet. Pour in the reserved marinade from the bowl (the rice vinegar is already in it) and bring everything to a vigorous boil and cook 2 to 3 minutes, tossing, until the sauce thickens into a glossy glaze that coats the chicken. Boiling the marinade for a full 2 minutes makes it safe after touching raw chicken — do not skip this. If it gets too thick, splash in 1 to 2 tbsp of water.
5. Add the thawed edamame to the pan and toss 2 minutes, just until the edamame is hot and bright green. Taste the glaze — for more tang add a squeeze of lime or a splash more rice vinegar; for more sweetness, a pinch more brown sugar.
6. Serve: spoon the cooked white rice into 6 bowls, pile the glazed chicken and edamame over it, spoon over the extra glaze from the pan, and finish with the sliced green onions and sesame seeds.
7. Storage and reheating: refrigerate within 2 hours for up to 4 days. Reheat in a covered skillet over medium heat with a splash of water for 5 to 6 minutes, or microwave 2 to 3 minutes, until steaming (165F). The glaze re-melts beautifully.
Common mistakes:
- Reusing raw marinade without boiling: marinade that touched raw chicken must boil a full 2 minutes to be safe — never drizzle it on as a finishing sauce straight from the bowl.
- Crowding the chicken: it steams instead of searing and the glaze never caramelizes — cook in two batches with space between pieces.
- Burning the glaze: sugar scorches fast once the sauce thickens — keep it at a steady boil, keep tossing, and pull it the moment it coats the chicken.",6,45,,soy-garlic-chicken-edamame.webp
223,Soy Garlic Pork & Zucchini,Korean,290,28,12,14,"1.5 lb pork tenderloin, trimmed of silverskin and sliced into 1/4-inch medallions
3 medium zucchini (about 1.5 lb), halved lengthwise and sliced into 1/4-inch half-moons
6 tbsp soy sauce
3 tbsp honey
6 cloves garlic, minced
1 tbsp rice vinegar
1 tsp red pepper flakes (start here; add more at the end if you want more heat)
2 tbsp toasted sesame oil
2 tbsp avocado oil, divided
4 green onions, sliced thin on a diagonal
1 tbsp sesame seeds","1. Mise en place (get everything ready before the heat goes on): Pat the pork very dry with paper towels (dry meat browns; wet meat steams). Slice the pork into medallions about 1/4 inch thick. Slice each zucchini in half lengthwise, then cut into half-moon slices about 1/4 inch thick (slice = cut into thin flat pieces). Mince the garlic (mince = chop very fine, almost a paste). Slice the green onions thin on a diagonal. In a small bowl, stir together the soy sauce, honey, rice vinegar, and red pepper flakes - this is your glaze. Set the sesame oil, avocado oil, and sesame seeds by the stove.
2. Sear the pork: Heat a large skillet over medium-high heat. Add 1 tablespoon avocado oil and wait until it shimmers and flows easily. Lay half the pork medallions in a single layer with space between them. Do not touch for 2 minutes - they should sizzle loudly and develop a golden-brown crust. Flip and cook 1 to 2 minutes more, until no pink remains and the center reads 145F on an instant-read thermometer. Transfer to a plate. Repeat with the remaining 1 tablespoon oil and pork.
3. Cook the zucchini: In the same hot skillet, add the zucchini slices. Cook 3 to 4 minutes, stirring only occasionally, until the edges are browned and the zucchini is bright green and just tender with a little bite left. It will smell sweet and nutty.
4. Glaze: Return the pork and any juices to the pan. Add the minced garlic and stir 30 seconds until fragrant (do not let it brown or it turns bitter). Pour in the soy-honey glaze. Toss everything 1 to 2 minutes until the sauce thickens slightly, turns glossy, and coats every piece.
5. Finish: Take the pan off the heat. Drizzle with the toasted sesame oil and toss with half the green onions and half the sesame seeds. Taste a piece: add 1 teaspoon more honey if you want it sweeter, or 1 teaspoon more vinegar if you want it brighter.
6. Serve: Spoon the pork and zucchini over steamed rice if you like, making sure everyone gets some of the pan glaze. Top with the remaining green onions and sesame seeds. Serve hot.
7. Storage and reheating: Refrigerate leftovers in an airtight container up to 4 days. Reheat in a skillet over medium heat with a splash of water, 3 to 4 minutes, until steaming. The zucchini will be softer the next day but still tasty.
Common mistakes: (1) Crowding the pan - the pork steams instead of searing and never browns; cook in two batches. (2) Overcooking the zucchini - it goes mushy fast; pull it while it still has a little bite. (3) Adding the honey glaze too early - honey burns over high heat; add it at the end and toss just until glossy.",6,40,,soy-garlic-pork-zucchini.webp
224,Spanish Pork & Crispy Potatoes,Spanish,455,34,37,19,"2.5 lb Yukon Gold potatoes, scrubbed and cut into 3/4-inch cubes
1.75 lb boneless pork loin, cut into 1-inch-thick chops (about 6 pieces)
5 tbsp olive oil, divided
2 tsp smoked paprika (pimenton), divided
1 tsp dried oregano
5 cloves garlic, minced
1 tbsp sherry vinegar (or red wine vinegar)
1.5 tsp kosher salt, divided
1 tsp black pepper
1/4 cup fresh parsley, chopped","1. Mise en place: Preheat the oven to 425F with a rack in the middle. Dice the potatoes into even 3/4-inch cubes (dice = cut into small even cubes; even size means even cooking). Pat the pork chops very dry and season both sides with 1 teaspoon salt, the black pepper, oregano, and 1 teaspoon of the smoked paprika. Mince the garlic (mince = chop very fine). Chop the parsley. Measure the oils, vinegar, and remaining spices into small bowls.
2. Roast the potatoes: Toss the potato cubes with 2 tablespoons olive oil, the remaining 1/2 teaspoon salt, and the remaining 1 teaspoon smoked paprika until evenly coated. Spread in a single layer on a large rimmed sheet pan with space between pieces. Roast 35 to 40 minutes, flipping once halfway with a spatula, until deep golden with crisp, crunchy edges. They should sound crisp when tapped with the spatula.
3. Sear the pork: While the potatoes roast, heat a large skillet over medium-high heat with 2 tablespoons olive oil until shimmering. Lay in the pork chops without crowding. Sear 3 to 4 minutes per side without moving them, until deeply golden-brown. Check the thickest chop with an instant-read thermometer - pull at 145F. Transfer to a plate and tent loosely with foil; rest 5 minutes so the juices redistribute instead of running out.
4. Make the pan drizzle: Return the same skillet to medium heat. Add the remaining 1 tablespoon olive oil and the garlic; stir 30 seconds until fragrant and just turning golden (not brown). Splash in the sherry vinegar and scrape the bottom of the pan with a wooden spoon to dissolve all the browned bits, about 1 minute, until it smells sharp and savory.
5. Serve: Slice the rested pork against the grain into 1/2-inch slices (look for the lines running through the meat and cut across them - this keeps every bite tender). Pile the crispy potatoes on plates, fan the pork over them, spoon the garlic-vinegar pan drippings over everything, and shower with chopped parsley. Serve hot.
6. Storage and reheating: Refrigerate up to 3 to 4 days. Re-crisp the potatoes in a 425F oven for 10 to 12 minutes - do not microwave them or they go soggy. Warm the pork in a skillet over medium heat with a splash of water until it reaches 145F.
Common mistakes: (1) Piling the potatoes up - they steam instead of crisping; give every cube its own space on the pan. (2) Slicing the pork with the grain - it turns chewy; always cut across the visible lines in the meat. (3) Skipping the rest - cut too soon and the juices run all over the plate instead of staying in the meat.",6,60,,spanish-pork-crispy-potatoes.webp
225,Spicy Beef & Zucchini Rice,Korean,585,28,61,23,"2.5 cups jasmine rice, rinsed
1.5 lb ground beef (85/15)
2 medium zucchini (about 1 lb), cut into 1/2-inch dice
3 tbsp gochujang (Korean fermented chili paste; start with 2 tbsp if you are heat-shy)
3 tbsp soy sauce
1 tbsp brown sugar (start here; add 1 tsp more at the end if you want it sweeter)
2 tbsp toasted sesame oil
4 cloves garlic, minced
1 tbsp fresh ginger, minced
1 tbsp avocado oil
4 green onions, sliced
1 tbsp sesame seeds","1. Mise en place: Rinse the rice in a fine-mesh strainer until the water runs mostly clear. Start the rice now: combine with 3 3/4 cups water in a pot, bring to a boil, cover, reduce to low, and cook 15 minutes; then rest 10 minutes off the heat with the lid on. Dice the zucchini into 1/2-inch cubes (dice = cut into small even cubes about 1/2 inch). Mince the garlic and ginger (mince = chop very fine). Slice the green onions. In a small bowl, stir together the gochujang, soy sauce, and brown sugar.
2. Brown the beef: Heat a large skillet over medium-high heat with the avocado oil until shimmering. Add the ground beef and break it into crumbles with a wooden spoon. Cook 6 to 8 minutes, stirring occasionally, until no pink remains and the edges are crispy and browned. It should smell deeply savory. Tilt the pan and spoon off the excess fat, leaving about 1 tablespoon in the pan.
3. Season: Stir in the garlic and ginger; cook 30 seconds until fragrant. Pour in the gochujang mixture and stir 1 to 2 minutes until the beef is glossy, brick-red, and evenly coated.
4. Add the zucchini: Push the beef to the edges of the pan and add the zucchini to the center. Cook 3 to 4 minutes, stirring occasionally, until the zucchini is bright green and just tender with a little bite - it keeps cooking in the hot beef, so err on the firm side.
5. Finish: Take the pan off the heat. Drizzle with the toasted sesame oil and fold in half the green onions and half the sesame seeds. Taste: for more heat add gochujang 1 teaspoon at a time; for more sweetness add brown sugar 1 teaspoon at a time.
6. Serve: Fluff the rice with a fork. Bowl up generous scoops of rice, top with the spicy beef and zucchini, and finish with the remaining green onions and sesame seeds. Serve hot.
7. Storage and reheating: Store the beef mixture and rice in separate airtight containers in the fridge up to 4 days. Reheat the beef in a skillet over medium heat 4 to 5 minutes until steaming. Reheat rice in the microwave with a damp paper towel laid over it.
Common mistakes: (1) Not draining the fat - the sauce turns greasy; spoon off all but about a tablespoon. (2) Cooking the zucchini to mush - it keeps softening off the heat, so pull it while still a little firm. (3) Tasting the gochujang heat straight from the jar - it mellows once mixed with the beef and rice, so season at the end.",6,45,,spicy-beef-zucchini-rice.webp
226,Spicy Pork Bulgogi Bowls,Korean,730,34,66,35,"2 lb pork shoulder, placed in the freezer 30 minutes before slicing
1/3 cup gochujang (Korean fermented chili paste)
3 tbsp soy sauce
2 tbsp sugar (start here; add 1 tsp more at the end if you want it sweeter)
2 tbsp toasted sesame oil
5 cloves garlic, minced
1 tbsp fresh ginger, grated
1/2 yellow onion, grated on a box grater
2 tbsp mirin (or 1 tbsp rice vinegar mixed with 1 tbsp water)
1 tsp gochugaru or red pepper flakes (optional, for extra heat)
2.5 cups jasmine rice, rinsed
2 large carrots, peeled and cut into thin matchsticks
1 English cucumber, sliced into thin half-moons
1 tbsp avocado oil, plus more between batches if the pan looks dry
4 green onions, sliced
1 tbsp sesame seeds","1. Mise en place: Put the pork shoulder in the freezer for 30 minutes - firmer meat slices much thinner. Rinse the rice and start it cooking (2.5 cups rice with 3 3/4 cups water; boil, cover, low 15 minutes, rest 10 minutes off heat). In a large bowl, whisk together the gochujang, soy sauce, sugar, sesame oil, garlic, ginger, grated onion, mirin, and gochugaru. Mince the garlic (mince = chop very fine). Cut the carrots into thin matchstick sticks (julienne = thin sticks about 2 inches long). Slice the cucumber into thin half-moons. Slice the green onions.
2. Slice and marinate: Remove the firm pork from the freezer. Slice it as thin as you can - about 1/8 inch - cutting against the grain (across the visible lines in the meat). Toss the slices in the marinade until every piece is coated. Cover and refrigerate at least 30 minutes, or up to 8 hours for deeper flavor.
3. Sear in batches: Heat a large skillet or wok over HIGH heat with 1 tablespoon avocado oil until it just starts to smoke. Add one-third of the pork in a single layer - pieces should not touch. Do not move them for 2 minutes; the edges should char and caramelize. Flip and cook 2 to 3 minutes more until cooked through with no pink (thin slices cook fast; spot-check that the thickest piece reads 145F). Transfer to a plate. Repeat with the remaining pork, adding a drizzle more oil between batches if the pan looks dry.
4. Warm through: Return all the pork to the hot pan for 30 seconds, tossing, just to warm it through and recoat it in the pan juices. Take off the heat.
5. Build the bowls: Fluff the rice. Divide among 6 bowls: a scoop of rice, a pile of spicy pork, matchstick carrots, and cucumber half-moons. Drizzle a spoonful of the pan juices over each bowl. Top with green onions and sesame seeds. Serve hot.
6. Storage and reheating: Refrigerate the pork separate from the vegetables up to 4 days. Reheat the pork in a ripping-hot skillet 2 to 3 minutes (the microwave makes thin pork rubbery). Slice fresh cucumber and carrots when serving leftovers.
Common mistakes: (1) Slicing the pork thick - thick slices stay chewy; the brief freeze is what makes thin slicing possible. (2) Crowding the pan - the pork steams in its own juices and the marinade never caramelizes; cook in three batches. (3) Timid heat - bulgogi needs high heat for those charred, crispy edges.",6,70,,spicy-pork-bulgogi-bowls.webp
227,Steak au Poivre with Parmesan Mash,French,940,60,45,42,"3 lb Yukon Gold or russet potatoes, peeled and cut into 1.5-inch chunks
4 tbsp unsalted butter, divided
1 cup whole milk, warmed
1 cup Parmesan cheese, finely grated (about 3 oz), plus extra for serving
6 sirloin steaks, 8 oz each and 1 to 1.25 inches thick
3 tbsp whole black peppercorns, coarsely crushed
2 tbsp avocado oil
1 large shallot, minced
1/3 cup brandy or cognac
1 cup beef stock
1 cup heavy cream
1 tsp Dijon mustard
2 tsp kosher salt, plus more to taste","1. Mise en place: Take the steaks out of the fridge 30 minutes before cooking so they cook evenly. Peel the potatoes and cut into 1.5-inch chunks; drop them into a pot of cold salted water. Crush the peppercorns coarsely - put them in a zip-top bag and smash with the bottom of a heavy pan until cracked into rough pieces (not powder; fine pepper burns and turns bitter). Grate the Parmesan. Warm the milk in the microwave until steamy, about 90 seconds. Mince the shallot (mince = chop very fine). Measure the brandy, beef stock, and cream into separate cups. Pat the steaks VERY dry with paper towels, season both sides generously with salt, then press the crushed peppercorns firmly onto both sides of each steak.
2. Cook the potatoes: Bring the pot to a boil over high heat, then reduce to a steady simmer. Cook 15 to 18 minutes, until a fork slides into a chunk with zero resistance. Drain well in a colander, then return the potatoes to the hot empty pot for 1 minute, shaking gently, to steam off surface water (dry potatoes make fluffy mash).
3. Mash: Mash the potatoes with a potato masher until smooth. Stir in 3 tablespoons of the butter and the warm milk until creamy. Fold in the grated Parmesan and season with salt to taste. Cover the pot and keep warm on the lowest heat.
4. Sear the steaks: Heat a large heavy skillet over medium-high heat with the avocado oil until it just starts to smoke. Lay the steaks in without crowding - they should sizzle hard on contact. Do not move them for 3 to 4 minutes, until a deep brown crust forms. Flip once and cook 3 to 4 minutes more for medium-rare (130 to 135F on an instant-read thermometer). For rare, go 2 to 3 minutes per side (120 to 125F); for medium, 5 to 6 minutes per side (135 to 145F). Transfer to a warm plate, tent loosely with foil, and rest 5 to 10 minutes.
5. Start the pan sauce: Pour off any excess fat from the skillet, leaving the browned bits. Set over medium heat, add the remaining 1 tablespoon butter and the shallot; cook 1 minute until softened.
6. Add the brandy SAFELY: Pull the pan OFF the heat. Pour in the brandy away from any open flame - never pour from the bottle near the stove. Return the pan to medium heat and let it bubble 1 minute, scraping the bottom with a wooden spoon to dissolve the browned bits. If it flames, stay calm: pull the pan off the heat and let the flame burn out on its own. The alcohol smell should cook off, leaving a sweet, oaky aroma.
7. Finish the sauce: Pour in the beef stock and simmer 3 to 4 minutes until reduced by half. Stir in the heavy cream and Dijon mustard; simmer 2 to 3 minutes more, until the sauce thickly coats the back of a spoon. Taste and add salt if needed - the sauce should be peppery, creamy, and savory.
8. Serve: Spoon a swoosh of Parmesan mash onto each plate, set a steak beside it (whole or sliced), and ladle the au poivre sauce generously over the steak. Sprinkle a little extra Parmesan over the mash. Serve immediately.
9. Storage and reheating: Refrigerate steak and sauce in separate containers up to 3 days. Reheat steak gently in a 250F oven for 15 to 20 minutes until warmed to about 120F inside - this keeps it pink instead of turning it gray. Warm the sauce over low heat, whisking, adding a splash of cream if it got too thick. Reheat the mash in the microwave with a splash of milk, stirring halfway.
Common mistakes: (1) Wet steaks - surface moisture kills the crust; pat them very dry before the pepper goes on. (2) Pouring brandy over an open flame or straight from the bottle - always pull the pan off the heat first. (3) Finely ground pepper - it scorches and tastes acrid; use coarse-crushed peppercorns. (4) Skipping the rest - the steak keeps cooking gently and the juices settle back into the meat.",6,60,,steak-au-poivre-with-parmesan-mash.webp
228,Tomato Beef Rice Bowls,Chinese,555,31,66,16,"2.5 cups jasmine rice, rinsed
1.5 lb flank steak, sliced 1/4-inch thin against the grain
2 tbsp soy sauce, plus 2 tbsp more for the sauce
1 tbsp Shaoxing wine (or dry sherry)
1 tbsp cornstarch, plus 2 tsp more for the slurry
1 tsp toasted sesame oil
1 tsp sugar, plus 2 tbsp more for the sauce
1/2 tsp baking soda (tenderizer - no need to rinse at this small amount)
1/3 cup ketchup
1 tbsp tomato paste
1/2 cup water or beef stock
2 tbsp cold water (for the slurry)
3 large ripe tomatoes, cut into wedges
1 large onion, cut into wedges
3 cloves garlic, minced
1 tbsp fresh ginger, minced
3 tbsp avocado oil, divided
1/2 tsp white pepper
2 green onions, sliced","1. Mise en place: Rinse the rice and start it cooking (2.5 cups rice with 3 3/4 cups water; boil, cover, low 15 minutes, rest 10 minutes off heat). Look at the flank steak and find the long lines running through the meat - slice ACROSS those lines (against the grain) into 1/4-inch thin strips; this is what keeps flank steak tender. Toss the beef with 2 tablespoons soy sauce, the Shaoxing wine, 1 tablespoon cornstarch, the sesame oil, 1 teaspoon sugar, and the baking soda; rest 15 minutes. Cut the tomatoes and onion into wedges. Mince the garlic and ginger (mince = chop very fine). In a bowl, stir together the ketchup, remaining 2 tablespoons soy sauce, remaining 2 tablespoons sugar, tomato paste, and the water or stock - this is your sauce. In a separate tiny bowl, stir the remaining 2 teaspoons cornstarch with the 2 tablespoons cold water until smooth - this is your slurry. Slice the green onions.
2. Sear the beef: Heat a wok or large skillet over HIGH heat with 1 tablespoon avocado oil until smoking. Add half the beef in a single layer; sear 1 to 2 minutes per side until browned but still a little pink inside. Remove to a plate. Repeat with 1 tablespoon oil and the remaining beef. Do not fully cook it now - it finishes in the sauce.
3. Build the base: In the same pan over medium-high heat, add the remaining 1 tablespoon oil and the onion wedges. Cook 2 minutes until the edges char slightly. Add the garlic and ginger; stir 30 seconds until fragrant.
4. Tomatoes and sauce: Add the tomato wedges; cook 2 to 3 minutes, stirring gently, until they start to slump and release their juice. Pour in the sauce mixture and bring to a bubbling simmer. It should smell sweet, tangy, and savory.
5. Thicken: Give the slurry a quick re-stir (cornstarch sinks to the bottom), then drizzle it into the bubbling sauce while stirring. In about 30 seconds the sauce will turn glossy and thick enough to coat a spoon.
6. Finish: Return the beef with any collected juices to the pan. Toss 1 minute just to heat through - any longer and the beef toughens. Take off the heat. Sprinkle with the white pepper and green onions. Taste the sauce: add 1 teaspoon more sugar if too sharp, or 1 teaspoon more soy sauce if too sweet.
7. Serve: Fluff the rice and divide among bowls. Spoon the tomato beef and plenty of glossy sauce over each bowl. Serve hot.
8. Storage and reheating: Refrigerate up to 4 days. Reheat in a skillet over medium heat with a splash of water, 4 to 5 minutes, until steaming.
Common mistakes: (1) Slicing with the grain - flank steak becomes shoe leather; always cut across the visible lines. (2) Overcooking the beef in the sauce - it only needs 1 minute to warm through after searing. (3) Forgetting to re-stir the slurry - the cornstarch settles and the sauce will not thicken evenly.",6,45,Cantonese,tomato-beef-rice-bowls.webp
229,Tomato Braised Pork with Rice,Italian,870,41,83,35,"2.5 lb boneless pork shoulder, cut into 2-inch chunks
2 tbsp olive oil
1 large onion, diced
2 carrots, peeled and diced
2 celery stalks, diced
5 cloves garlic, minced
2 tbsp tomato paste
1 cup dry red wine (Chianti or similar - cook with one you would drink)
1 (28 oz) can San Marzano tomatoes, crushed by hand
1 cup chicken stock
2 sprigs fresh rosemary
2 bay leaves
1 tsp dried oregano
1/2 tsp red pepper flakes (start here for gentle heat; add more at the end if you want it spicier)
2 tsp kosher salt, plus more to taste
1 tsp black pepper
3 cups long-grain rice, rinsed","1. Mise en place: Preheat the oven to 325F with a rack in the lower middle. Cut the pork into 2-inch chunks, pat very dry with paper towels, and season all over with the salt and black pepper. Dice the onion, carrots, and celery into roughly 1/2-inch pieces (dice = cut into small even cubes about 1/2 inch). Mince the garlic (mince = chop very fine). Open the tomato can and crush the tomatoes by hand into a bowl, letting the juices run through your fingers. Measure the tomato paste, wine, and stock. Tie the rosemary sprigs together with kitchen twine if you have it, so they are easy to fish out later.
2. Sear the pork: Heat a large Dutch oven over medium-high heat with the olive oil until shimmering. Brown the pork in 2 to 3 batches - 3 to 4 minutes per side, deep golden on at least two sides. Do not crowd the pot; crowded meat steams instead of browning. Transfer each batch to a plate. That dark fond stuck to the pot bottom is pure flavor - leave it there.
3. Soften the vegetables: In the same pot over medium heat, add the onion, carrots, and celery with a pinch of salt. Cook 6 to 8 minutes, stirring occasionally, until softened and the onion is translucent. Add the garlic and tomato paste; stir constantly 2 minutes until the paste darkens to brick red and smells sweet and caramelized (raw tomato paste tastes tinny).
4. Deglaze: Pour in the red wine. Scrape the bottom of the pot hard with a wooden spoon to dissolve every browned bit. Let it simmer 3 minutes until slightly reduced and the sharp alcohol smell mellows.
5. Braise: Stir in the crushed tomatoes, chicken stock, rosemary, bay leaves, oregano, and red pepper flakes. Return the pork with any collected juices to the pot. The liquid should nearly cover the meat - add a splash of water if a lot of pork is exposed. Bring to a gentle simmer on the stove (a lazy bubble or two, not a rolling boil).
6. Into the oven: Cover with the lid and transfer to the oven. Braise 2 to 2 1/2 hours, giving it one stir halfway through, until the pork shreds easily when pressed with a fork and the sauce is thick and brick-red.
7. Cook the rice: About 30 minutes before the pork is done, cook the rice (3 cups rice with 4 1/2 cups water; boil, cover, low 15 minutes, rest 10 minutes off heat).
8. Finish the sauce: Remove the pot from the oven. Fish out the rosemary stems and bay leaves. Tilt the pot and spoon off any large pools of fat from the surface if you like. Taste: add salt confidently (a big pot needs it), a pinch of sugar 1 teaspoon at a time if the tomatoes taste too acidic, or a small splash of red wine vinegar if the sauce tastes flat.
9. Serve: Fluff the rice and mound it in wide bowls. Ladle over big chunks of pork and plenty of sauce. Serve hot. This dish is even better the next day.
10. Storage and reheating: Refrigerate up to 5 days; freeze up to 3 months. Reheat covered in a 325F oven for 25 to 30 minutes, or on the stove over low heat with a splash of water, stirring, until bubbling throughout.
Common mistakes: (1) Skipping the sear - those browned crusts are where the deep, meaty flavor comes from; pale pork makes pale sauce. (2) Boiling instead of braising - keep it at a lazy bubble; hard boiling squeezes moisture out and toughens the meat. (3) Under-seasoning - a big pot of braise needs more salt than you think; taste at the end and adjust.",6,165,Tuscany,tomato-braised-pork-with-rice.webp
230,Tomato Coconut Cod Stew,Brazilian,725,46,78,22,"2.5 lb cod fillets, cut into 2-inch chunks
Juice of 2 limes
2 tsp kosher salt, divided
1 tsp black pepper
2 tbsp dende (Brazilian red palm oil) - or substitute 2 tbsp olive oil plus 1 tsp sweet paprika for the golden color
2 tbsp olive oil
1 large onion, thinly sliced
4 cloves garlic, minced
1 red bell pepper, thinly sliced
1 yellow bell pepper, thinly sliced
3 large ripe tomatoes, sliced into rounds
1 (13.5 oz) can full-fat coconut milk, shaken well
1 cup fish or chicken stock
1/2 cup fresh cilantro, chopped, plus more for serving
Lime wedges, for serving
3 cups long-grain rice, rinsed","1. Mise en place: Cut the cod into 2-inch chunks. Toss gently in a bowl with the lime juice, 1 teaspoon of the salt, and the black pepper; refrigerate 15 minutes (the lime lightly firms the fish so it holds together). Thinly slice the onion and both bell peppers (slice = cut into thin flat pieces). Slice the tomatoes into rounds about 1/4 inch thick. Mince the garlic (mince = chop very fine). Chop the cilantro. Shake the coconut milk can hard so the cream and liquid recombine. Rinse the rice and start it cooking (3 cups rice with 4 1/2 cups water; boil, cover, low 15 minutes, rest 10 minutes off heat).
2. Soften the aromatics: Heat a large Dutch oven or deep skillet over medium heat. Add the olive oil and the dende (or the olive oil-paprika substitute) and warm until shimmering and fragrant - dende smells nutty and earthy. Add the onion and cook 4 to 5 minutes until soft and translucent. Add the garlic and stir 30 seconds until fragrant.
3. Layer - do not stir after this: Arrange half the tomato rounds over the onions. Add half the sliced peppers, then half the fish chunks in a single layer, then half the cilantro and a pinch of salt. Repeat with the remaining tomatoes, peppers, fish, cilantro, and salt. Layering (instead of stirring) is the traditional moqueca method - it keeps the fish in beautiful whole pieces.
4. Add the liquid: Pour the coconut milk and the stock evenly over everything. Bring to a gentle simmer over medium heat - you want small bubbles around the edges, never a rolling boil. Boiling can split the coconut milk and shred the fish.
5. Simmer: Cover, reduce the heat to low, and simmer 12 to 15 minutes. The fish is done when it is opaque all the way through, flakes easily with a fork, and reads 145F in the thickest piece. If you need to move things, shake the pan gently instead of stirring.
6. Taste and serve: Taste the golden broth - add more salt, a squeeze of lime, or another drizzle of dende until it sings. Ladle into wide bowls over rice, spooning plenty of broth over each serving. Top with fresh cilantro and serve with lime wedges.
7. Storage and reheating: Refrigerate up to 3 days - fish stews do not keep long. Reheat gently on the stove over low heat until just steaming; never boil or the fish falls apart. This stew does not freeze well (the coconut milk separates when thawed).
Common mistakes: (1) Boiling the stew - coconut milk can curdle and the cod disintegrates; keep it at a bare simmer. (2) Stirring - breaks the fish into shreds; layer the ingredients and leave them alone. (3) Overcooking - cod goes from perfect to mushy fast; start checking at 12 minutes.",6,55,Bahia,tomato-coconut-cod-stew.webp
231,Tomato Saffron Cod with Rice,Spanish,545,44,62,11,"2.5 lb cod fillets, cut into 2-inch chunks
1/2 tsp saffron threads
1/2 cup dry white wine, warmed
4 tbsp olive oil, divided
1 large onion, diced
1 red bell pepper, diced
5 cloves garlic, minced
1 tsp smoked paprika
1 (28 oz) can crushed tomatoes
1 cup fish or vegetable stock
2 bay leaves
1/2 cup fresh parsley, chopped
1 lemon, cut into wedges
1.5 tsp kosher salt, plus more to taste
1/2 tsp black pepper
2.5 cups long-grain rice, rinsed","1. Mise en place: Warm the white wine until just steamy (microwave about 20 seconds - not boiling). Crumble the saffron threads into it and let steep 15 minutes until the wine turns deep gold - this blooming step pulls the color and honey-like aroma out of the saffron; cold liquid will not do it. Cut the cod into 2-inch chunks. Dice the onion and bell pepper into 1/2-inch pieces (dice = cut into small even cubes about 1/2 inch). Mince the garlic (mince = chop very fine). Chop the parsley. Cut the lemon into wedges. Rinse the rice and start it cooking (2.5 cups rice with 3 3/4 cups water; boil, cover, low 15 minutes, rest 10 minutes off heat).
2. Build the sofrito: Heat a large deep skillet or Dutch oven over medium heat with 3 tablespoons of the olive oil. Add the onion and bell pepper with a pinch of salt. Cook 6 to 8 minutes, stirring occasionally, until soft, sweet-smelling, and just starting to turn golden at the edges. Add the garlic and smoked paprika; stir 1 minute until fragrant and rust-colored.
3. Bloom and simmer: Pour in the saffron wine, scraping the bottom of the pan with a wooden spoon. Simmer 2 minutes. Add the crushed tomatoes, stock, bay leaves, salt, and black pepper. Bring to a gentle simmer and cook 12 to 15 minutes, until slightly thickened and the raw, tinny tomato edge is gone. Taste for salt - the sauce should be savory with a floral saffron perfume.
4. Poach the cod: Nestle the cod chunks into the sauce in a single layer and spoon a little sauce over each piece. Cover and simmer gently 8 to 10 minutes. The fish is done when opaque all the way through, flakes easily with a fork, and reads 145F in the thickest piece. Do not stir - lift sauce over the fish with a spoon if a piece looks dry on top.
5. Finish: Take off the heat. Fish out the bay leaves. Drizzle with the remaining 1 tablespoon olive oil and shower with the chopped parsley.
6. Serve: Fluff the rice and divide among wide bowls. Set the cod over the rice and ladle plenty of the saffron-tomato sauce around it. Serve with lemon wedges for squeezing over the top.
7. Storage and reheating: Refrigerate up to 3 days. Reheat gently over low heat until just steaming. The sauce freezes well up to 2 months (freeze sauce alone for best texture - the fish softens on thawing).
Common mistakes: (1) Adding saffron straight to the pot - it needs to steep in warm liquid first or you get pale sauce and wasted saffron. (2) Boiling the fish - a hard bubble turns cod to mush; keep the simmer gentle. (3) Overcooking - start checking at 8 minutes; carryover heat finishes the job off the burner.",6,60,Catalonia,tomato-saffron-cod-with-rice.webp
232,Turkey-Free Beef Moussaka Bowls,Greek,750,34,68,34,"2 large eggplants (about 2.5 lb), cut into 1-inch cubes
3 tbsp olive oil, divided
1.5 lb ground beef (85/15)
1 large onion, diced
4 cloves garlic, minced
2 tbsp tomato paste
1 (14.5 oz) can diced tomatoes
1/2 cup dry red wine (or beef stock)
1.5 tsp dried oregano
1/2 tsp ground cinnamon
1/4 tsp ground nutmeg, plus 1/4 tsp more for the bechamel
1 bay leaf
2 tsp kosher salt, divided, plus more to taste
3 tbsp unsalted butter
3 tbsp all-purpose flour
2 cups whole milk, warmed
1/2 cup Parmesan cheese, grated
1 large egg yolk
1/4 tsp white pepper
2 cups long-grain rice, rinsed
1/4 cup fresh parsley, chopped, for serving","1. Mise en place: Preheat the oven to 425F with a rack in the middle. Cut the eggplant into 1-inch cubes and toss on a large rimmed sheet pan with 2 tablespoons olive oil and 1 teaspoon salt, spread in a single layer. Dice the onion (dice = cut into small even cubes about 1/2 inch). Mince the garlic (mince = chop very fine). Grate the Parmesan. Warm the milk until steamy in the microwave, about 2 minutes - warm milk is the secret to lump-free bechamel. Rinse the rice and start it cooking (2 cups rice with 3 cups water; boil, cover, low 15 minutes, rest 10 minutes off heat).
2. Roast the eggplant: Roast 25 to 30 minutes, flipping once halfway, until the cubes are golden-brown with caramelized edges and creamy inside. Pale, firm cubes are underdone - you want real color. Set aside.
3. Brown the beef: Heat a large skillet over medium-high heat with the remaining 1 tablespoon olive oil. Add the ground beef and break into crumbles; cook 6 to 8 minutes until no pink remains and the edges brown. Tilt and spoon off the excess fat.
4. Build the moussaka sauce: Add the onion to the beef and cook 5 minutes until soft. Add the garlic and stir 30 seconds until fragrant. Stir in the tomato paste and cook 2 minutes until it darkens. Pour in the red wine and scrape up all the browned bits; simmer 2 minutes. Add the diced tomatoes, oregano, cinnamon, 1/4 teaspoon nutmeg, bay leaf, and the remaining 1 teaspoon salt. Simmer 15 to 20 minutes, stirring occasionally, until thick - a spoon dragged across the bottom should leave a trail. Fish out the bay leaf. Taste: the cinnamon should whisper in the background, not shout.
5. Make the bechamel: In a medium saucepan over medium heat, melt the butter. Whisk in the flour and cook 2 minutes, stirring constantly, until it smells toasty like pie crust (raw flour tastes pasty). Slowly pour in the warm milk a little at a time, whisking constantly - go slow or it lumps. Bring to a gentle simmer and cook 3 to 4 minutes, stirring, until thick enough to coat the back of a spoon. Take off the heat. Whisk in the Parmesan, the remaining 1/4 teaspoon nutmeg, the white pepper, and salt to taste. Then whisk in the egg yolk quickly and thoroughly - it enriches the sauce without scrambling.
6. Assemble the bowls: Fluff the rice. Divide among 6 bowls: rice, a scoop of roasted eggplant, a generous ladle of the beef sauce, and a big spoonful of warm bechamel over the top. Sprinkle with chopped parsley. Serve hot.
7. Storage and reheating: Refrigerate the components in separate containers up to 4 days. Reheat the sauce and eggplant in a 350F oven for 15 minutes; warm the bechamel over low heat, whisking, with a splash of milk if it thickened too much. Assembled bowls reheat fine in the microwave.
Common mistakes: (1) Watery eggplant - if you pull it before it is truly golden, it weeps in the bowl; roast until caramelized. (2) Cold milk into the roux - it seizes into lumps; warm the milk first and add it slowly. (3) Heavy hand with cinnamon - 1/2 teaspoon is the moussaka signature; more turns the sauce toward dessert.",6,75,,turkey-free-beef-moussaka-bowls.webp
233,Turmeric Fish with Dill Rice,Vietnamese,765,50,81,22,"2.5 lb cod fillets (or halibut), cut into 1.5-inch chunks
2 tbsp ground turmeric
3 tbsp fish sauce
2 tbsp sugar
1/2 cup plain whole-milk yogurt
4 cloves garlic, minced
2 tbsp fresh galangal, grated (traditional; or substitute fresh ginger)
2 tbsp avocado oil, plus 4 tbsp more for frying
1 tsp kosher salt
1/2 tsp black pepper
2 tbsp cornstarch
2 large bunches fresh dill (about 4 oz), cut into 2-inch lengths
8 green onions, cut into 2-inch lengths
1/2 cup roasted peanuts, roughly chopped
3 cups jasmine rice, rinsed
1/4 cup fish sauce (for the dipping sauce)
1/4 cup warm water (for the dipping sauce)
2 tbsp sugar (for the dipping sauce)
Juice of 2 limes
2 cloves garlic, minced (for the dipping sauce)
1 Thai chili, minced (start with half if you are heat-shy)","1. Mise en place: This Hanoi classic (cha ca la vong) traditionally uses catfish and is served over rice noodles with pungent fermented shrimp paste - here we adapt it to easy-to-find cod, jasmine rice, and a friendlier fish-sauce-lime dip. Cut the fish into 1.5-inch chunks. In a large GLASS or stainless-steel bowl (turmeric permanently stains plastic), whisk the turmeric, 3 tablespoons fish sauce, 2 tablespoons sugar, yogurt, garlic, grated galangal or ginger, 2 tablespoons avocado oil, salt, and pepper. Add the fish and turn gently to coat every piece. Cover and refrigerate 30 minutes (up to 2 hours). Rinse the rice and start it cooking (3 cups rice with 4 1/2 cups water; boil, cover, low 15 minutes, rest 10 minutes off heat). Cut the dill and green onions into 2-inch lengths. Roughly chop the peanuts. Stir the dipping-sauce ingredients (1/4 cup fish sauce, warm water, 2 tablespoons sugar, lime juice, garlic, chili) in a small bowl until the sugar dissolves.
2. Coat the fish: Lift the fish pieces from the marinade, letting the excess drip off. Dust lightly with the cornstarch on all sides and shake off the extra - you want a whisper of coating, not a batter. Discard the leftover marinade.
3. Fry in batches: Heat a large heavy skillet over medium-high heat with 2 tablespoons of the frying oil until shimmering. Add half the fish in a single layer with space between pieces. Cook 2 to 3 minutes per side until deep golden at the edges and opaque in the center (145F inside). Transfer to a plate. Repeat with the remaining 2 tablespoons oil and fish.
4. Wilt the herbs: In the same skillet over medium-high heat with 1 teaspoon of oil, add the green onions and dill. Toss 30 to 60 seconds, just until bright green and slightly wilted - they should still look fresh and smell intensely fragrant, not cooked down.
5. Combine: Return the fish to the pan and toss gently for 30 seconds to warm everything through. Take off the heat.
6. Serve: Fluff the rice and divide among bowls. Top with the turmeric fish, the wilted dill and green onions, and a scatter of chopped peanuts. Pass the dipping sauce for drizzling over each bowl. Serve hot and eat right away - this dish waits for no one.
7. Storage and reheating: Refrigerate the fish separate from the rice up to 3 days. Reheat the fish in a hot skillet 2 to 3 minutes (the microwave makes it rubbery). The dipping sauce keeps 1 week refrigerated.
Common mistakes: (1) Marinating in a plastic container - turmeric stains it bright yellow forever; use glass or metal. (2) Wilting the dill to death - 60 seconds maximum; it should stay bright green and perfumed. (3) Crowding the fry - the pieces steam and the light coating never crisps; cook in two batches.",6,60,Hanoi,turmeric-fish-with-dill-rice.webp
